2026/5/1 9:16:19 [bridge] started. poll every 60 sec
2026/5/1 9:16:19 [bridge] poll at 2026/5/1 9:16:19
2026/5/1 9:16:20 [bridge] AI-Project: 0 unread
2026/5/1 9:16:21 [bridge] Leader: 1 unread
2026/5/1 9:16:21 [bridge] Designer: 0 unread
2026/5/1 9:16:22 [bridge] Writer: 0 unread
2026/5/1 9:16:23 [bridge] Brunson: 0 unread
2026/5/1 9:16:23 [bridge] LP: 0 unread
2026/5/1 9:16:24 [bridge] Video: 0 unread
2026/5/1 9:16:24 [bridge] Researcher: 0 unread
2026/5/1 9:16:25 [bridge] Analyst: 0 unread
2026/5/1 9:16:25 [bridge] Product: 0 unread
2026/5/1 9:16:26 [bridge] SNS: 0 unread
2026/5/1 9:17:19 [bridge] poll at 2026/5/1 9:17:19
2026/5/1 9:17:20 [bridge] AI-Project: 0 unread
2026/5/1 9:17:21 [bridge] Leader: 1 unread
2026/5/1 9:17:21 [bridge] Designer: 0 unread
2026/5/1 9:17:22 [bridge] Writer: 0 unread
2026/5/1 9:17:22 [bridge] Brunson: 0 unread
2026/5/1 9:17:23 [bridge] LP: 0 unread
2026/5/1 9:17:23 [bridge] Video: 0 unread
2026/5/1 9:17:24 [bridge] Researcher: 0 unread
2026/5/1 9:17:24 [bridge] Analyst: 0 unread
2026/5/1 9:17:25 [bridge] Product: 0 unread
2026/5/1 9:17:25 [bridge] SNS: 0 unread
2026/5/1 9:18:19 [bridge] poll at 2026/5/1 9:18:19
2026/5/1 9:18:21 [bridge] AI-Project: 0 unread
2026/5/1 9:18:22 [bridge] Leader: 1 unread
2026/5/1 9:18:23 [bridge] Designer: 0 unread
2026/5/1 9:18:23 [bridge] Writer: 0 unread
2026/5/1 9:18:24 [bridge] Brunson: 0 unread
2026/5/1 9:18:24 [bridge] LP: 0 unread
2026/5/1 9:18:25 [bridge] Video: 0 unread
2026/5/1 9:18:25 [bridge] Researcher: 0 unread
2026/5/1 9:18:26 [bridge] Analyst: 0 unread
2026/5/1 9:18:26 [bridge] Product: 0 unread
2026/5/1 9:18:27 [bridge] SNS: 0 unread
2026/5/1 9:19:19 [bridge] poll at 2026/5/1 9:19:19
2026/5/1 9:19:20 [bridge] AI-Project: 0 unread
2026/5/1 9:19:21 [bridge] Leader: 1 unread
2026/5/1 9:19:22 [bridge] Designer: 0 unread
2026/5/1 9:19:22 [bridge] Writer: 0 unread
2026/5/1 9:19:23 [bridge] Brunson: 0 unread
2026/5/1 9:19:23 [bridge] LP: 0 unread
2026/5/1 9:19:24 [bridge] Video: 0 unread
2026/5/1 9:19:24 [bridge] Researcher: 0 unread
2026/5/1 9:19:25 [bridge] Analyst: 0 unread
2026/5/1 9:19:26 [bridge] Product: 0 unread
2026/5/1 9:19:26 [bridge] SNS: 0 unread
2026/5/1 9:20:19 [bridge] poll at 2026/5/1 9:20:19
2026/5/1 9:20:20 [bridge] AI-Project: 0 unread
2026/5/1 9:20:21 [bridge] Leader: 1 unread
2026/5/1 9:20:21 [bridge] Designer: 0 unread
2026/5/1 9:20:22 [bridge] Writer: 0 unread
2026/5/1 9:20:22 [bridge] Brunson: 0 unread
2026/5/1 9:20:23 [bridge] LP: 0 unread
2026/5/1 9:20:23 [bridge] Video: 0 unread
2026/5/1 9:20:24 [bridge] Researcher: 0 unread
2026/5/1 9:20:24 [bridge] Analyst: 0 unread
2026/5/1 9:20:25 [bridge] Product: 0 unread
2026/5/1 9:20:25 [bridge] SNS: 0 unread
2026/5/1 9:21:19 [bridge] poll at 2026/5/1 9:21:19
2026/5/1 9:21:20 [bridge] AI-Project: 0 unread
2026/5/1 9:21:21 [bridge] Leader: 1 unread
2026/5/1 9:21:21 [bridge] Designer: 0 unread
2026/5/1 9:21:22 [bridge] Writer: 0 unread
2026/5/1 9:21:23 [bridge] Brunson: 0 unread
2026/5/1 9:21:23 [bridge] LP: 0 unread
2026/5/1 9:21:24 [bridge] Video: 0 unread
2026/5/1 9:21:24 [bridge] Researcher: 0 unread
2026/5/1 9:21:25 [bridge] Analyst: 0 unread
2026/5/1 9:21:25 [bridge] Product: 0 unread
2026/5/1 9:21:26 [bridge] SNS: 0 unread
ct: 0 unread
2026/5/1 9:21:26 [bridge] SNS: 0 unread
2026/5/1 9:26:47 [bridge] started. poll every 60 sec
2026/5/1 9:26:47 [bridge] poll at 2026/5/1 9:26:47
2026/5/1 9:26:49 [bridge] AI-Project: 0 unread
2026/5/1 9:26:49 [bridge] Leader: 1 unread
2026/5/1 9:26:50 [bridge] Designer: 0 unread
2026/5/1 9:26:51 [bridge] Writer: 0 unread
2026/5/1 9:26:51 [bridge] Brunson: 0 unread
2026/5/1 9:26:52 [bridge] LP: 0 unread
2026/5/1 9:26:52 [bridge] Video: 0 unread
2026/5/1 9:26:53 [bridge] Researcher: 0 unread
2026/5/1 9:26:53 [bridge] Analyst: 0 unread
2026/5/1 9:26:54 [bridge] Product: 0 unread
2026/5/1 9:26:55 [bridge] SNS: 0 unread
2026/5/1 9:27:47 [bridge] poll at 2026/5/1 9:27:47
2026/5/1 9:27:48 [bridge] AI-Project: 0 unread
2026/5/1 9:27:48 [bridge] Leader: 1 unread
2026/5/1 9:27:49 [bridge] Designer: 0 unread
2026/5/1 9:27:49 [bridge] Writer: 0 unread
2026/5/1 9:27:50 [bridge] Brunson: 0 unread
2026/5/1 9:27:51 [bridge] LP: 0 unread
2026/5/1 9:27:51 [bridge] Video: 0 unread
2026/5/1 9:27:52 [bridge] Researcher: 0 unread
2026/5/1 9:27:52 [bridge] Analyst: 0 unread
2026/5/1 9:27:52 [bridge] started. poll every 60 sec
2026/5/1 9:27:52 [bridge] poll at 2026/5/1 9:27:52
2026/5/1 9:27:53 [bridge] Product: 0 unread
2026/5/1 9:27:53 [bridge] AI-Project: 0 unread
2026/5/1 9:27:53 [bridge] SNS: 0 unread
2026/5/1 9:27:54 [bridge] Leader: 1 unread
2026/5/1 9:27:55 [bridge] Designer: 0 unread
2026/5/1 9:27:55 [bridge] Writer: 0 unread
2026/5/1 9:27:56 [bridge] Brunson: 0 unread
2026/5/1 9:27:56 [bridge] LP: 0 unread
2026/5/1 9:27:57 [bridge] Video: 0 unread
2026/5/1 9:27:57 [bridge] Researcher: 0 unread
2026/5/1 9:27:58 [bridge] Analyst: 0 unread
2026/5/1 9:27:58 [bridge] Product: 0 unread
2026/5/1 9:27:59 [bridge] SNS: 0 unread
2026/5/1 9:28:53 [bridge] poll at 2026/5/1 9:28:53
2026/5/1 9:28:53 [bridge] AI-Project: 0 unread
2026/5/1 9:28:54 [bridge] Leader: 1 unread
2026/5/1 9:28:55 [bridge] Designer: 0 unread
2026/5/1 9:28:55 [bridge] Writer: 0 unread
2026/5/1 9:28:56 [bridge] Brunson: 0 unread
2026/5/1 9:28:56 [bridge] LP: 0 unread
2026/5/1 9:28:57 [bridge] Video: 0 unread
2026/5/1 9:28:58 [bridge] Researcher: 0 unread
2026/5/1 9:28:58 [bridge] Analyst: 0 unread
2026/5/1 9:28:59 [bridge] Product: 0 unread
2026/5/1 9:28:59 [bridge] SNS: 0 unread
2026/5/1 9:29:53 [bridge] poll at 2026/5/1 9:29:53
2026/5/1 9:29:53 [bridge] AI-Project: 0 unread
2026/5/1 9:29:54 [bridge] Leader: 1 unread
2026/5/1 9:29:55 [bridge] Designer: 0 unread
2026/5/1 9:29:55 [bridge] Writer: 0 unread
2026/5/1 9:29:56 [bridge] Brunson: 0 unread
2026/5/1 9:29:56 [bridge] LP: 0 unread
2026/5/1 9:29:57 [bridge] Video: 0 unread
2026/5/1 9:29:57 [bridge] Researcher: 0 unread
2026/5/1 9:29:58 [bridge] Analyst: 0 unread
2026/5/1 9:29:59 [bridge] Product: 0 unread
2026/5/1 9:29:59 [bridge] SNS: 0 unread
2026/5/1 9:30:53 [bridge] poll at 2026/5/1 9:30:53
2026/5/1 9:30:54 [bridge] AI-Project: 0 unread
2026/5/1 9:30:54 [bridge] Leader: 1 unread
2026/5/1 9:30:55 [bridge] Designer: 0 unread
2026/5/1 9:30:55 [bridge] Writer: 0 unread
2026/5/1 9:30:56 [bridge] Brunson: 0 unread
2026/5/1 9:30:56 [bridge] LP: 0 unread
2026/5/1 9:30:57 [bridge] Video: 0 unread
2026/5/1 9:30:58 [bridge] Researcher: 0 unread
2026/5/1 9:30:58 [bridge] Analyst: 0 unread
2026/5/1 9:30:59 [bridge] Product: 0 unread
2026/5/1 9:30:59 [bridge] SNS: 0 unread
2026/5/1 9:34:00 [bridge] started. poll every 60 sec
2026/5/1 9:34:00 [bridge] poll at 2026/5/1 9:34:00
2026/5/1 9:34:01 [bridge] AI-Project: 0 unread
2026/5/1 9:34:02 [bridge] Leader: 1 unread
2026/5/1 9:34:03 [bridge] Designer: 0 unread
2026/5/1 9:34:03 [bridge] Writer: 0 unread
2026/5/1 9:34:04 [bridge] Brunson: 0 unread
2026/5/1 9:34:04 [bridge] LP: 0 unread
2026/5/1 9:34:05 [bridge] Video: 0 unread
2026/5/1 9:34:06 [bridge] Researcher: 0 unread
2026/5/1 9:34:06 [bridge] Analyst: 0 unread
2026/5/1 9:34:07 [bridge] Product: 0 unread
2026/5/1 9:34:07 [bridge] SNS: 0 unread
2026/5/1 9:35:00 [bridge] poll at 2026/5/1 9:35:00
2026/5/1 9:35:01 [bridge] AI-Project: 0 unread
2026/5/1 9:35:02 [bridge] Leader: 1 unread
2026/5/1 9:35:02 [bridge] Designer: 0 unread
2026/5/1 9:35:03 [bridge] Writer: 0 unread
2026/5/1 9:35:03 [bridge] Brunson: 0 unread
2026/5/1 9:35:04 [bridge] LP: 0 unread
2026/5/1 9:35:04 [bridge] Video: 0 unread
2026/5/1 9:35:05 [bridge] Researcher: 0 unread
2026/5/1 9:35:05 [bridge] Analyst: 0 unread
2026/5/1 9:35:06 [bridge] Product: 0 unread
2026/5/1 9:35:06 [bridge] SNS: 0 unread
2026/5/1 9:36:00 [bridge] poll at 2026/5/1 9:36:00
2026/5/1 9:36:01 [bridge] AI-Project: 0 unread
2026/5/1 9:36:02 [bridge] Leader: 1 unread
2026/5/1 9:36:02 [bridge] Designer: 0 unread
2026/5/1 9:36:03 [bridge] Writer: 0 unread
2026/5/1 9:36:03 [bridge] Brunson: 0 unread
2026/5/1 9:36:04 [bridge] LP: 0 unread
2026/5/1 9:36:04 [bridge] Video: 0 unread
2026/5/1 9:36:05 [bridge] Researcher: 0 unread
2026/5/1 9:36:05 [bridge] Analyst: 0 unread
2026/5/1 9:36:06 [bridge] Product: 0 unread
2026/5/1 9:36:06 [bridge] SNS: 0 unread
2026/5/1 9:37:00 [bridge] poll at 2026/5/1 9:37:00
2026/5/1 9:37:01 [bridge] AI-Project: 0 unread
2026/5/1 9:37:02 [bridge] Leader: 1 unread
2026/5/1 9:37:02 [bridge] Designer: 0 unread
2026/5/1 9:37:03 [bridge] Writer: 0 unread
2026/5/1 9:37:03 [bridge] Brunson: 0 unread
2026/5/1 9:37:04 [bridge] LP: 0 unread
2026/5/1 9:37:05 [bridge] Video: 0 unread
2026/5/1 9:37:05 [bridge] Researcher: 0 unread
2026/5/1 9:37:06 [bridge] Analyst: 0 unread
2026/5/1 9:37:06 [bridge] Product: 0 unread
2026/5/1 9:37:07 [bridge] SNS: 0 unread
2026/5/1 9:39:21 [bridge] started. poll every 60 sec
2026/5/1 9:39:21 [bridge] poll at 2026/5/1 9:39:21
2026/5/1 9:39:23 [bridge] AI-Project: 0 unread
2026/5/1 9:39:23 [bridge] Leader: 1 unread
2026/5/1 9:39:24 [bridge] Designer: 0 unread
2026/5/1 9:39:24 [bridge] Writer: 0 unread
2026/5/1 9:39:25 [bridge] Brunson: 0 unread
2026/5/1 9:39:25 [bridge] LP: 0 unread
2026/5/1 9:39:26 [bridge] Video: 0 unread
2026/5/1 9:39:26 [bridge] Researcher: 0 unread
2026/5/1 9:39:27 [bridge] Analyst: 0 unread
2026/5/1 9:39:27 [bridge] Product: 0 unread
2026/5/1 9:39:28 [bridge] SNS: 0 unread
2026/5/1 9:39:52 [bridge] started. poll every 60 sec
2026/5/1 9:39:52 [bridge] poll at 2026/5/1 9:39:52
2026/5/1 9:39:53 [bridge] AI-Project: 0 unread
2026/5/1 9:39:53 [bridge] Leader: 1 unread
2026/5/1 9:39:54 [bridge] Designer: 0 unread
2026/5/1 9:39:54 [bridge] Writer: 0 unread
2026/5/1 9:39:55 [bridge] Brunson: 0 unread
2026/5/1 9:39:56 [bridge] LP: 0 unread
2026/5/1 9:39:56 [bridge] Video: 0 unread
2026/5/1 9:39:57 [bridge] Researcher: 0 unread
2026/5/1 9:39:57 [bridge] Analyst: 0 unread
2026/5/1 9:39:58 [bridge] Product: 0 unread
2026/5/1 9:39:58 [bridge] SNS: 0 unread
2026/5/1 9:40:21 [bridge] poll at 2026/5/1 9:40:21
2026/5/1 9:40:22 [bridge] AI-Project: 0 unread
2026/5/1 9:40:23 [bridge] Leader: 1 unread
2026/5/1 9:40:24 [bridge] Designer: 0 unread
2026/5/1 9:40:24 [bridge] Writer: 0 unread
2026/5/1 9:40:25 [bridge] Brunson: 0 unread
2026/5/1 9:40:25 [bridge] LP: 0 unread
2026/5/1 9:40:26 [bridge] Video: 0 unread
2026/5/1 9:40:26 [bridge] Researcher: 0 unread
2026/5/1 9:40:27 [bridge] Analyst: 0 unread
2026/5/1 9:40:28 [bridge] Product: 0 unread
2026/5/1 9:40:28 [bridge] SNS: 0 unread
2026/5/1 9:40:52 [bridge] poll at 2026/5/1 9:40:52
2026/5/1 9:40:53 [bridge] AI-Project: 0 unread
2026/5/1 9:40:53 [bridge] Leader: 1 unread
2026/5/1 9:40:54 [bridge] Designer: 0 unread
2026/5/1 9:40:54 [bridge] Writer: 0 unread
2026/5/1 9:40:55 [bridge] Brunson: 0 unread
2026/5/1 9:40:55 [bridge] LP: 0 unread
2026/5/1 9:40:56 [bridge] Video: 0 unread
2026/5/1 9:40:56 [bridge] Researcher: 0 unread
2026/5/1 9:40:57 [bridge] Analyst: 0 unread
2026/5/1 9:40:58 [bridge] Product: 0 unread
2026/5/1 9:40:58 [bridge] SNS: 0 unread
2026/5/1 9:41:21 [bridge] poll at 2026/5/1 9:41:21
2026/5/1 9:41:22 [bridge] AI-Project: 0 unread
2026/5/1 9:41:23 [bridge] Leader: 1 unread
2026/5/1 9:41:23 [bridge] Designer: 0 unread
2026/5/1 9:41:24 [bridge] Writer: 0 unread
2026/5/1 9:41:25 [bridge] Brunson: 0 unread
2026/5/1 9:41:25 [bridge] LP: 0 unread
2026/5/1 9:41:26 [bridge] Video: 0 unread
2026/5/1 9:41:26 [bridge] Researcher: 0 unread
2026/5/1 9:41:27 [bridge] Analyst: 0 unread
2026/5/1 9:41:27 [bridge] Product: 0 unread
2026/5/1 9:41:28 [bridge] SNS: 0 unread
2026/5/1 9:41:52 [bridge] poll at 2026/5/1 9:41:52
2026/5/1 9:41:53 [bridge] AI-Project: 0 unread
2026/5/1 9:41:53 [bridge] Leader: 1 unread
2026/5/1 9:41:54 [bridge] Designer: 0 unread
2026/5/1 9:41:55 [bridge] Writer: 0 unread
2026/5/1 9:41:55 [bridge] Brunson: 0 unread
2026/5/1 9:41:56 [bridge] LP: 0 unread
2026/5/1 9:41:56 [bridge] Video: 0 unread
2026/5/1 9:41:57 [bridge] Researcher: 0 unread
2026/5/1 9:41:57 [bridge] Analyst: 0 unread
2026/5/1 9:41:58 [bridge] Product: 0 unread
2026/5/1 9:41:58 [bridge] SNS: 0 unread
2026/5/1 9:42:21 [bridge] poll at 2026/5/1 9:42:21
2026/5/1 9:42:22 [bridge] AI-Project: 0 unread
2026/5/1 9:42:23 [bridge] Leader: 1 unread
2026/5/1 9:42:24 [bridge] Designer: 0 unread
2026/5/1 9:42:24 [bridge] Writer: 0 unread
2026/5/1 9:42:25 [bridge] Brunson: 0 unread
2026/5/1 9:42:25 [bridge] LP: 0 unread
2026/5/1 9:42:26 [bridge] Video: 0 unread
2026/5/1 9:42:26 [bridge] Researcher: 0 unread
2026/5/1 9:42:27 [bridge] Analyst: 0 unread
2026/5/1 9:42:27 [bridge] Product: 0 unread
2026/5/1 9:42:28 [bridge] SNS: 0 unread
2026/5/1 9:42:52 [bridge] poll at 2026/5/1 9:42:52
2026/5/1 9:42:53 [bridge] AI-Project: 0 unread
2026/5/1 9:42:53 [bridge] Leader: 1 unread
2026/5/1 9:42:54 [bridge] Designer: 0 unread
2026/5/1 9:42:55 [bridge] Writer: 0 unread
2026/5/1 9:42:55 [bridge] Brunson: 0 unread
2026/5/1 9:42:56 [bridge] LP: 0 unread
2026/5/1 9:42:56 [bridge] Video: 0 unread
2026/5/1 9:42:57 [bridge] Researcher: 0 unread
2026/5/1 9:42:57 [bridge] Analyst: 0 unread
2026/5/1 9:42:58 [bridge] Product: 0 unread
2026/5/1 9:42:58 [bridge] SNS: 0 unread
2026/5/1 9:43:21 [bridge] poll at 2026/5/1 9:43:21
2026/5/1 9:43:22 [bridge] AI-Project: 0 unread
2026/5/1 9:43:23 [bridge] Leader: 1 unread
2026/5/1 9:43:23 [bridge] Designer: 0 unread
2026/5/1 9:43:24 [bridge] Writer: 0 unread
2026/5/1 9:43:25 [bridge] Brunson: 0 unread
2026/5/1 9:43:25 [bridge] LP: 0 unread
2026/5/1 9:43:26 [bridge] Video: 0 unread
2026/5/1 9:43:26 [bridge] Researcher: 0 unread
2026/5/1 9:43:27 [bridge] Analyst: 0 unread
2026/5/1 9:43:27 [bridge] Product: 0 unread
2026/5/1 9:43:28 [bridge] SNS: 0 unread
2026/5/1 9:43:52 [bridge] poll at 2026/5/1 9:43:52
2026/5/1 9:43:53 [bridge] AI-Project: 0 unread
2026/5/1 9:43:53 [bridge] Leader: 1 unread
2026/5/1 9:43:54 [bridge] Designer: 0 unread
2026/5/1 9:43:55 [bridge] Writer: 0 unread
2026/5/1 9:43:55 [bridge] Brunson: 0 unread
2026/5/1 9:43:56 [bridge] LP: 0 unread
2026/5/1 9:43:56 [bridge] Video: 0 unread
2026/5/1 9:43:57 [bridge] Researcher: 0 unread
2026/5/1 9:43:57 [bridge] Analyst: 0 unread
2026/5/1 9:43:58 [bridge] Product: 0 unread
2026/5/1 9:43:58 [bridge] SNS: 0 unread
2026/5/1 9:44:21 [bridge] poll at 2026/5/1 9:44:21
2026/5/1 9:44:23 [bridge] AI-Project: 0 unread
2026/5/1 9:44:24 [bridge] Leader: 1 unread
2026/5/1 9:44:25 [bridge] Designer: 0 unread
2026/5/1 9:44:25 [bridge] Writer: 0 unread
2026/5/1 9:44:26 [bridge] Brunson: 0 unread
2026/5/1 9:44:26 [bridge] LP: 0 unread
2026/5/1 9:44:27 [bridge] Video: 0 unread
2026/5/1 9:44:27 [bridge] Researcher: 0 unread
2026/5/1 9:44:28 [bridge] Analyst: 0 unread
2026/5/1 9:44:28 [bridge] Product: 0 unread
2026/5/1 9:44:29 [bridge] SNS: 0 unread
2026/5/1 9:44:52 [bridge] poll at 2026/5/1 9:44:52
2026/5/1 9:44:53 [bridge] AI-Project: 0 unread
2026/5/1 9:44:53 [bridge] Leader: 1 unread
2026/5/1 9:44:54 [bridge] Designer: 0 unread
2026/5/1 9:44:54 [bridge] Writer: 0 unread
2026/5/1 9:44:55 [bridge] Brunson: 0 unread
2026/5/1 9:44:56 [bridge] LP: 0 unread
2026/5/1 9:44:56 [bridge] Video: 0 unread
2026/5/1 9:44:57 [bridge] Researcher: 0 unread
2026/5/1 9:44:57 [bridge] Analyst: 0 unread
2026/5/1 9:44:58 [bridge] Product: 0 unread
2026/5/1 9:44:58 [bridge] SNS: 0 unread
2026/5/1 9:45:21 [bridge] poll at 2026/5/1 9:45:21
2026/5/1 9:45:22 [bridge] AI-Project: 0 unread
2026/5/1 9:45:23 [bridge] Leader: 1 unread
2026/5/1 9:45:23 [bridge] Designer: 0 unread
2026/5/1 9:45:24 [bridge] Writer: 0 unread
2026/5/1 9:45:25 [bridge] Brunson: 0 unread
2026/5/1 9:45:25 [bridge] LP: 0 unread
2026/5/1 9:45:26 [bridge] Video: 0 unread
2026/5/1 9:45:26 [bridge] Researcher: 0 unread
2026/5/1 9:45:27 [bridge] Analyst: 0 unread
2026/5/1 9:45:27 [bridge] Product: 0 unread
2026/5/1 9:45:28 [bridge] SNS: 0 unread
2026/5/1 9:45:52 [bridge] poll at 2026/5/1 9:45:52
2026/5/1 9:45:53 [bridge] AI-Project: 0 unread
2026/5/1 9:45:53 [bridge] Leader: 1 unread
2026/5/1 9:45:54 [bridge] Designer: 0 unread
2026/5/1 9:45:55 [bridge] Writer: 0 unread
2026/5/1 9:45:55 [bridge] Brunson: 0 unread
2026/5/1 9:45:56 [bridge] LP: 0 unread
2026/5/1 9:45:56 [bridge] Video: 0 unread
2026/5/1 9:45:57 [bridge] Researcher: 0 unread
2026/5/1 9:45:57 [bridge] Analyst: 0 unread
2026/5/1 9:45:58 [bridge] Product: 0 unread
2026/5/1 9:45:58 [bridge] SNS: 0 unread
2026/5/1 9:46:21 [bridge] poll at 2026/5/1 9:46:21
2026/5/1 9:46:22 [bridge] AI-Project: 0 unread
2026/5/1 9:46:23 [bridge] Leader: 1 unread
2026/5/1 9:46:24 [bridge] Designer: 0 unread
2026/5/1 9:46:24 [bridge] Writer: 0 unread
2026/5/1 9:46:25 [bridge] Brunson: 0 unread
2026/5/1 9:46:25 [bridge] LP: 0 unread
2026/5/1 9:46:26 [bridge] Video: 0 unread
2026/5/1 9:46:26 [bridge] Researcher: 0 unread
2026/5/1 9:46:27 [bridge] Analyst: 0 unread
2026/5/1 9:46:27 [bridge] Product: 0 unread
2026/5/1 9:46:28 [bridge] SNS: 0 unread
2026/5/1 9:46:52 [bridge] poll at 2026/5/1 9:46:52
2026/5/1 9:46:53 [bridge] AI-Project: 0 unread
2026/5/1 9:46:53 [bridge] Leader: 1 unread
2026/5/1 9:46:54 [bridge] Designer: 0 unread
2026/5/1 9:46:54 [bridge] Writer: 0 unread
2026/5/1 9:46:55 [bridge] Brunson: 0 unread
2026/5/1 9:46:55 [bridge] LP: 0 unread
2026/5/1 9:46:56 [bridge] Video: 0 unread
2026/5/1 9:46:56 [bridge] Researcher: 0 unread
2026/5/1 9:46:57 [bridge] Analyst: 0 unread
2026/5/1 9:46:57 [bridge] Product: 0 unread
2026/5/1 9:46:58 [bridge] SNS: 0 unread
2026/5/1 9:47:21 [bridge] poll at 2026/5/1 9:47:21
2026/5/1 9:47:22 [bridge] AI-Project: 0 unread
2026/5/1 9:47:23 [bridge] Leader: 1 unread
2026/5/1 9:47:24 [bridge] Designer: 0 unread
2026/5/1 9:47:24 [bridge] Writer: 0 unread
2026/5/1 9:47:25 [bridge] Brunson: 0 unread
2026/5/1 9:47:25 [bridge] LP: 0 unread
2026/5/1 9:47:26 [bridge] Video: 0 unread
2026/5/1 9:47:26 [bridge] Researcher: 0 unread
2026/5/1 9:47:27 [bridge] Analyst: 0 unread
2026/5/1 9:47:27 [bridge] Product: 0 unread
2026/5/1 9:47:28 [bridge] SNS: 0 unread
2026/5/1 9:48:21 [bridge] poll at 2026/5/1 9:48:21
2026/5/1 9:48:22 [bridge] AI-Project: 0 unread
2026/5/1 9:48:23 [bridge] Leader: 1 unread
2026/5/1 9:48:23 [bridge] Designer: 0 unread
2026/5/1 9:48:24 [bridge] Writer: 0 unread
2026/5/1 9:48:24 [bridge] Brunson: 0 unread
2026/5/1 9:48:25 [bridge] LP: 0 unread
2026/5/1 9:48:25 [bridge] Video: 0 unread
2026/5/1 9:48:25 [bridge] Researcher: 0 unread
2026/5/1 9:48:26 [bridge] Analyst: 0 unread
2026/5/1 9:48:26 [bridge] Product: 0 unread
2026/5/1 9:48:27 [bridge] SNS: 0 unread
2026/5/1 9:49:21 [bridge] poll at 2026/5/1 9:49:21
2026/5/1 9:49:22 [bridge] AI-Project: 0 unread
2026/5/1 9:49:23 [bridge] Leader: 1 unread
2026/5/1 9:49:23 [bridge] Designer: 0 unread
2026/5/1 9:49:24 [bridge] Writer: 0 unread
2026/5/1 11:08:05 [bridge] started. poll every 60 sec
2026/5/1 11:08:05 [bridge] poll at 2026/5/1 11:08:05
2026/5/1 11:08:07 [bridge] AI-Project: 0 unread
2026/5/1 11:08:07 [bridge] Leader: 1 unread
2026/5/1 11:08:08 [bridge] Designer: 0 unread
2026/5/1 11:08:08 [bridge] Writer: 0 unread
2026/5/1 11:08:08 [bridge] Brunson: 0 unread
2026/5/1 11:08:09 [bridge] LP: 0 unread
2026/5/1 11:08:09 [bridge] Video: 0 unread
2026/5/1 11:08:10 [bridge] Researcher: 0 unread
2026/5/1 11:08:10 [bridge] Analyst: 0 unread
2026/5/1 11:08:11 [bridge] Product: 0 unread
2026/5/1 11:08:11 [bridge] SNS: 0 unread
2026/5/1 11:08:28 [bridge] already running (PID 17228), exiting.
2026/5/1 11:09:05 [bridge] poll at 2026/5/1 11:09:05
2026/5/1 11:09:06 [bridge] AI-Project: 0 unread
2026/5/1 11:09:07 [bridge] Leader: 1 unread
2026/5/1 11:09:07 [bridge] Designer: 0 unread
2026/5/1 11:09:08 [bridge] Writer: 0 unread
2026/5/1 11:09:08 [bridge] Brunson: 0 unread
2026/5/1 11:09:09 [bridge] LP: 0 unread
2026/5/1 11:09:09 [bridge] Video: 0 unread
2026/5/1 11:09:10 [bridge] Researcher: 0 unread
2026/5/1 11:09:10 [bridge] Analyst: 0 unread
2026/5/1 11:09:11 [bridge] Product: 0 unread
2026/5/1 11:09:11 [bridge] SNS: 0 unread
2026/5/1 11:15:03 [bridge] started. poll every 60 sec
2026/5/1 11:15:03 [bridge] poll at 2026/5/1 11:15:03
2026/5/1 11:15:05 [bridge] AI-Project: 0 unread
2026/5/1 11:15:05 [bridge] Leader: 1 unread
2026/5/1 11:15:06 [bridge] Designer: 0 unread
2026/5/1 11:15:06 [bridge] Writer: 0 unread
2026/5/1 11:15:06 [bridge] Brunson: 0 unread
2026/5/1 11:15:07 [bridge] LP: 0 unread
2026/5/1 11:15:07 [bridge] Video: 0 unread
2026/5/1 11:15:08 [bridge] Researcher: 0 unread
2026/5/1 11:15:08 [bridge] Analyst: 0 unread
2026/5/1 11:15:09 [bridge] Product: 0 unread
2026/5/1 11:15:09 [bridge] SNS: 0 unread
2026/5/1 11:15:27 [bridge] already running (PID 16568), exiting.
2026/5/1 11:16:03 [bridge] poll at 2026/5/1 11:16:03
2026/5/1 11:16:04 [bridge] AI-Project: 0 unread
2026/5/1 11:16:05 [bridge] Leader: 1 unread
2026/5/1 11:16:05 [bridge] Designer: 0 unread
2026/5/1 11:16:06 [bridge] Writer: 0 unread
2026/5/1 11:16:06 [bridge] Brunson: 0 unread
2026/5/1 11:16:07 [bridge] LP: 0 unread
2026/5/1 11:16:07 [bridge] Video: 0 unread
2026/5/1 11:16:08 [bridge] Researcher: 0 unread
2026/5/1 11:16:08 [bridge] Analyst: 0 unread
2026/5/1 11:16:09 [bridge] Product: 0 unread
2026/5/1 11:16:09 [bridge] SNS: 0 unread
2026/5/1 11:17:03 [bridge] poll at 2026/5/1 11:17:03
2026/5/1 11:17:04 [bridge] AI-Project: 0 unread
2026/5/1 11:17:05 [bridge] Leader: 1 unread
2026/5/1 11:17:05 [bridge] Designer: 0 unread
2026/5/1 11:17:06 [bridge] Writer: 0 unread
2026/5/1 11:17:06 [bridge] Brunson: 0 unread
2026/5/1 11:17:07 [bridge] LP: 0 unread
2026/5/1 11:17:07 [bridge] Video: 0 unread
2026/5/1 11:17:08 [bridge] Researcher: 0 unread
2026/5/1 11:17:08 [bridge] Analyst: 0 unread
2026/5/1 11:17:09 [bridge] Product: 0 unread
2026/5/1 11:17:09 [bridge] SNS: 0 unread
2026/5/1 11:18:03 [bridge] poll at 2026/5/1 11:18:03
2026/5/1 11:18:04 [bridge] AI-Project: 0 unread
2026/5/1 11:18:05 [bridge] Leader: 1 unread
2026/5/1 11:18:05 [bridge] Designer: 0 unread
2026/5/1 11:18:05 [bridge] Writer: 0 unread
2026/5/1 11:18:06 [bridge] Brunson: 0 unread
2026/5/1 11:18:06 [bridge] LP: 0 unread
2026/5/1 11:18:07 [bridge] Video: 0 unread
2026/5/1 11:18:07 [bridge] Researcher: 0 unread
2026/5/1 11:18:08 [bridge] Analyst: 0 unread
2026/5/1 11:18:08 [bridge] Product: 0 unread
2026/5/1 11:18:09 [bridge] SNS: 0 unread
2026/5/1 11:19:03 [bridge] poll at 2026/5/1 11:19:03
2026/5/1 11:19:04 [bridge] AI-Project: 0 unread
2026/5/1 11:19:05 [bridge] Leader: 1 unread
2026/5/1 11:19:06 [bridge] Designer: 0 unread
2026/5/1 11:19:06 [bridge] Writer: 0 unread
2026/5/1 11:19:07 [bridge] Brunson: 0 unread
2026/5/1 11:19:07 [bridge] LP: 0 unread
2026/5/1 11:19:08 [bridge] Video: 0 unread
2026/5/1 11:19:08 [bridge] Researcher: 0 unread
2026/5/1 11:19:09 [bridge] Analyst: 0 unread
2026/5/1 11:19:09 [bridge] Product: 0 unread
2026/5/1 11:19:10 [bridge] SNS: 0 unread
2026/5/1 11:20:03 [bridge] poll at 2026/5/1 11:20:03
2026/5/1 11:20:05 [bridge] AI-Project: 0 unread
2026/5/1 11:20:06 [bridge] Leader: 1 unread
2026/5/1 11:20:06 [bridge] Designer: 0 unread
2026/5/1 11:20:07 [bridge] Writer: 0 unread
2026/5/1 11:20:07 [bridge] Brunson: 0 unread
2026/5/1 11:20:08 [bridge] LP: 0 unread
2026/5/1 11:20:08 [bridge] Video: 0 unread
2026/5/1 11:20:09 [bridge] Researcher: 0 unread
2026/5/1 11:20:09 [bridge] Analyst: 0 unread
2026/5/1 11:20:10 [bridge] Product: 0 unread
2026/5/1 11:20:10 [bridge] SNS: 0 unread
2026/5/1 11:21:03 [bridge] poll at 2026/5/1 11:21:03
2026/5/1 11:21:04 [bridge] AI-Project: 0 unread
2026/5/1 11:21:05 [bridge] Leader: 1 unread
2026/5/1 11:21:05 [bridge] Designer: 0 unread
2026/5/1 11:21:06 [bridge] Writer: 0 unread
2026/5/1 11:21:06 [bridge] Brunson: 0 unread
2026/5/1 11:21:07 [bridge] LP: 0 unread
2026/5/1 11:21:07 [bridge] Video: 0 unread
2026/5/1 11:21:08 [bridge] Researcher: 0 unread
2026/5/1 11:21:08 [bridge] Analyst: 0 unread
2026/5/1 11:21:09 [bridge] Product: 0 unread
2026/5/1 11:21:09 [bridge] SNS: 0 unread
2026/5/1 11:22:03 [bridge] poll at 2026/5/1 11:22:03
2026/5/1 11:22:04 [bridge] AI-Project: 0 unread
2026/5/1 11:22:05 [bridge] Leader: 1 unread
2026/5/1 11:22:05 [bridge] Designer: 0 unread
2026/5/1 11:22:06 [bridge] Writer: 0 unread
2026/5/1 11:22:06 [bridge] Brunson: 0 unread
2026/5/1 11:22:07 [bridge] LP: 0 unread
2026/5/1 11:22:07 [bridge] Video: 0 unread
2026/5/1 11:22:08 [bridge] Researcher: 0 unread
2026/5/1 11:22:08 [bridge] Analyst: 0 unread
2026/5/1 11:22:09 [bridge] Product: 0 unread
2026/5/1 11:22:09 [bridge] SNS: 0 unread
2026/5/1 11:23:03 [bridge] poll at 2026/5/1 11:23:03
2026/5/1 11:23:04 [bridge] AI-Project: 0 unread
2026/5/1 11:23:05 [bridge] Leader: 1 unread
2026/5/1 11:23:05 [bridge] Designer: 0 unread
2026/5/1 11:23:06 [bridge] Writer: 0 unread
2026/5/1 11:23:06 [bridge] Brunson: 0 unread
2026/5/1 11:23:07 [bridge] LP: 0 unread
2026/5/1 11:23:07 [bridge] Video: 0 unread
2026/5/1 11:23:08 [bridge] Researcher: 0 unread
2026/5/1 11:23:08 [bridge] Analyst: 0 unread
2026/5/1 11:23:09 [bridge] Product: 0 unread
2026/5/1 11:23:09 [bridge] SNS: 0 unread
2026/5/1 11:24:03 [bridge] poll at 2026/5/1 11:24:03
2026/5/1 11:24:04 [bridge] AI-Project: 0 unread
2026/5/1 11:24:05 [bridge] Leader: 1 unread
2026/5/1 11:24:05 [bridge] Designer: 0 unread
2026/5/1 11:24:06 [bridge] Writer: 0 unread
2026/5/1 11:24:06 [bridge] Brunson: 0 unread
2026/5/1 11:24:07 [bridge] LP: 0 unread
2026/5/1 11:24:07 [bridge] Video: 0 unread
2026/5/1 11:24:08 [bridge] Researcher: 0 unread
2026/5/1 11:24:08 [bridge] Analyst: 0 unread
2026/5/1 11:24:09 [bridge] Product: 0 unread
2026/5/1 11:24:09 [bridge] SNS: 0 unread
2026/5/1 11:25:03 [bridge] poll at 2026/5/1 11:25:03
2026/5/1 11:25:04 [bridge] AI-Project: 0 unread
2026/5/1 11:25:05 [bridge] Leader: 1 unread
2026/5/1 11:25:05 [bridge] Designer: 0 unread
2026/5/1 11:25:06 [bridge] Writer: 0 unread
2026/5/1 11:25:06 [bridge] Brunson: 0 unread
2026/5/1 11:25:07 [bridge] LP: 0 unread
2026/5/1 11:25:07 [bridge] Video: 0 unread
2026/5/1 11:25:08 [bridge] Researcher: 0 unread
2026/5/1 11:25:08 [bridge] Analyst: 0 unread
2026/5/1 11:25:09 [bridge] Product: 0 unread
2026/5/1 11:25:09 [bridge] SNS: 0 unread
2026/5/1 11:26:03 [bridge] poll at 2026/5/1 11:26:03
2026/5/1 11:26:04 [bridge] AI-Project: 0 unread
2026/5/1 11:26:05 [bridge] Leader: 1 unread
2026/5/1 11:26:05 [bridge] Designer: 0 unread
2026/5/1 11:26:06 [bridge] Writer: 0 unread
2026/5/1 11:26:06 [bridge] Brunson: 0 unread
2026/5/1 11:26:07 [bridge] LP: 0 unread
2026/5/1 11:26:07 [bridge] Video: 0 unread
2026/5/1 11:26:08 [bridge] Researcher: 0 unread
2026/5/1 11:26:08 [bridge] Analyst: 0 unread
2026/5/1 11:26:09 [bridge] Product: 0 unread
2026/5/1 11:26:09 [bridge] SNS: 0 unread
2026/5/1 11:27:03 [bridge] poll at 2026/5/1 11:27:03
2026/5/1 11:27:04 [bridge] AI-Project: 0 unread
2026/5/1 11:27:05 [bridge] Leader: 1 unread
2026/5/1 11:27:05 [bridge] Designer: 0 unread
2026/5/1 11:27:06 [bridge] Writer: 0 unread
2026/5/1 11:27:06 [bridge] Brunson: 0 unread
2026/5/1 11:27:06 [bridge] LP: 0 unread
2026/5/1 11:27:07 [bridge] Video: 0 unread
2026/5/1 11:27:07 [bridge] Researcher: 0 unread
2026/5/1 11:27:08 [bridge] Analyst: 0 unread
2026/5/1 11:27:08 [bridge] Product: 0 unread
2026/5/1 11:27:09 [bridge] SNS: 0 unread
2026/5/1 11:28:03 [bridge] poll at 2026/5/1 11:28:03
2026/5/1 11:28:04 [bridge] AI-Project: 0 unread
2026/5/1 11:28:05 [bridge] Leader: 1 unread
2026/5/1 11:28:05 [bridge] Designer: 0 unread
2026/5/1 11:28:06 [bridge] Writer: 0 unread
2026/5/1 11:28:06 [bridge] Brunson: 0 unread
2026/5/1 11:28:07 [bridge] LP: 0 unread
2026/5/1 11:28:08 [bridge] Video: 0 unread
2026/5/1 11:28:08 [bridge] Researcher: 0 unread
2026/5/1 11:28:09 [bridge] Analyst: 0 unread
2026/5/1 11:28:09 [bridge] Product: 0 unread
2026/5/1 11:28:10 [bridge] SNS: 0 unread
2026/5/1 11:29:03 [bridge] poll at 2026/5/1 11:29:03
2026/5/1 11:29:04 [bridge] AI-Project: 0 unread
2026/5/1 11:29:05 [bridge] Leader: 1 unread
2026/5/1 11:29:05 [bridge] Designer: 0 unread
2026/5/1 11:29:06 [bridge] Writer: 0 unread
2026/5/1 11:29:06 [bridge] Brunson: 0 unread
2026/5/1 11:29:07 [bridge] LP: 0 unread
2026/5/1 11:29:08 [bridge] Video: 0 unread
2026/5/1 11:29:08 [bridge] Researcher: 0 unread
2026/5/1 11:29:09 [bridge] Analyst: 0 unread
2026/5/1 11:29:09 [bridge] Product: 0 unread
2026/5/1 11:29:10 [bridge] SNS: 0 unread
2026/5/1 11:30:03 [bridge] poll at 2026/5/1 11:30:03
2026/5/1 11:30:04 [bridge] AI-Project: 0 unread
2026/5/1 11:30:05 [bridge] Leader: 1 unread
2026/5/1 11:30:05 [bridge] Designer: 0 unread
2026/5/1 11:30:06 [bridge] Writer: 0 unread
2026/5/1 11:30:06 [bridge] Brunson: 0 unread
2026/5/1 11:30:07 [bridge] LP: 0 unread
2026/5/1 11:30:08 [bridge] Video: 0 unread
2026/5/1 11:30:08 [bridge] Researcher: 0 unread
2026/5/1 11:30:09 [bridge] Analyst: 0 unread
2026/5/1 11:30:09 [bridge] Product: 0 unread
2026/5/1 11:30:10 [bridge] SNS: 0 unread
2026/5/1 11:31:03 [bridge] poll at 2026/5/1 11:31:03
2026/5/1 11:31:05 [bridge] AI-Project: 0 unread
2026/5/1 11:31:06 [bridge] Leader: 1 unread
2026/5/1 11:31:06 [bridge] Designer: 0 unread
2026/5/1 11:31:07 [bridge] Writer: 0 unread
2026/5/1 11:31:07 [bridge] Brunson: 0 unread
2026/5/1 11:31:08 [bridge] LP: 0 unread
2026/5/1 11:31:08 [bridge] Video: 0 unread
2026/5/1 11:31:09 [bridge] Researcher: 0 unread
2026/5/1 11:31:09 [bridge] Analyst: 0 unread
2026/5/1 11:31:09 [bridge] Product: 0 unread
2026/5/1 11:31:10 [bridge] SNS: 0 unread
2026/5/1 11:32:03 [bridge] poll at 2026/5/1 11:32:03
2026/5/1 11:32:04 [bridge] AI-Project: 0 unread
2026/5/1 11:32:05 [bridge] Leader: 1 unread
2026/5/1 11:32:05 [bridge] Designer: 0 unread
2026/5/1 11:32:06 [bridge] Writer: 0 unread
2026/5/1 11:32:06 [bridge] Brunson: 0 unread
2026/5/1 11:32:07 [bridge] LP: 0 unread
2026/5/1 11:32:07 [bridge] Video: 0 unread
2026/5/1 11:32:08 [bridge] Researcher: 0 unread
2026/5/1 11:32:08 [bridge] Analyst: 0 unread
2026/5/1 11:32:09 [bridge] Product: 0 unread
2026/5/1 11:32:09 [bridge] SNS: 0 unread
2026/5/1 11:33:03 [bridge] poll at 2026/5/1 11:33:03
2026/5/1 11:33:04 [bridge] AI-Project: 0 unread
2026/5/1 11:33:05 [bridge] Leader: 1 unread
2026/5/1 11:33:05 [bridge] Designer: 0 unread
2026/5/1 11:33:06 [bridge] Writer: 0 unread
2026/5/1 11:33:07 [bridge] Brunson: 0 unread
2026/5/1 11:33:07 [bridge] LP: 0 unread
2026/5/1 11:33:08 [bridge] Video: 0 unread
2026/5/1 11:33:08 [bridge] Researcher: 0 unread
2026/5/1 11:33:09 [bridge] Analyst: 0 unread
2026/5/1 11:33:09 [bridge] Product: 0 unread
2026/5/1 11:33:10 [bridge] SNS: 0 unread
2026/5/1 11:34:03 [bridge] poll at 2026/5/1 11:34:03
2026/5/1 11:34:04 [bridge] AI-Project: 0 unread
2026/5/1 11:34:05 [bridge] Leader: 1 unread
2026/5/1 11:34:06 [bridge] Designer: 0 unread
2026/5/1 11:34:06 [bridge] Writer: 0 unread
2026/5/1 11:34:07 [bridge] Brunson: 0 unread
2026/5/1 11:34:07 [bridge] LP: 0 unread
2026/5/1 11:34:08 [bridge] Video: 0 unread
2026/5/1 11:34:09 [bridge] Researcher: 0 unread
2026/5/1 11:34:09 [bridge] Analyst: 0 unread
2026/5/1 11:34:10 [bridge] Product: 0 unread
2026/5/1 11:34:10 [bridge] SNS: 0 unread
2026/5/1 11:35:03 [bridge] poll at 2026/5/1 11:35:03
2026/5/1 11:35:04 [bridge] AI-Project: 0 unread
2026/5/1 11:35:05 [bridge] Leader: 1 unread
2026/5/1 11:35:05 [bridge] Designer: 0 unread
2026/5/1 11:35:06 [bridge] Writer: 0 unread
2026/5/1 11:35:06 [bridge] Brunson: 0 unread
2026/5/1 11:35:07 [bridge] LP: 0 unread
2026/5/1 11:35:07 [bridge] Video: 0 unread
2026/5/1 11:35:07 [bridge] Researcher: 0 unread
2026/5/1 11:35:08 [bridge] Analyst: 0 unread
2026/5/1 11:35:08 [bridge] Product: 0 unread
2026/5/1 11:35:09 [bridge] SNS: 0 unread
2026/5/1 11:36:03 [bridge] poll at 2026/5/1 11:36:03
2026/5/1 11:36:04 [bridge] AI-Project: 0 unread
2026/5/1 11:36:05 [bridge] Leader: 1 unread
2026/5/1 11:36:05 [bridge] Designer: 0 unread
2026/5/1 11:36:06 [bridge] Writer: 0 unread
2026/5/1 11:36:06 [bridge] Brunson: 0 unread
2026/5/1 11:36:06 [bridge] LP: 0 unread
2026/5/1 11:36:07 [bridge] Video: 0 unread
2026/5/1 11:36:07 [bridge] Researcher: 0 unread
2026/5/1 11:36:08 [bridge] Analyst: 0 unread
2026/5/1 11:36:08 [bridge] Product: 0 unread
2026/5/1 11:36:09 [bridge] SNS: 0 unread
2026/5/1 11:37:03 [bridge] poll at 2026/5/1 11:37:03
2026/5/1 11:37:05 [bridge] AI-Project: 0 unread
2026/5/1 11:37:06 [bridge] Leader: 1 unread
2026/5/1 11:37:06 [bridge] Designer: 0 unread
2026/5/1 11:37:07 [bridge] Writer: 0 unread
2026/5/1 11:37:07 [bridge] Brunson: 0 unread
2026/5/1 11:37:08 [bridge] LP: 0 unread
2026/5/1 11:37:08 [bridge] Video: 0 unread
2026/5/1 11:37:09 [bridge] Researcher: 0 unread
2026/5/1 11:37:09 [bridge] Analyst: 0 unread
2026/5/1 11:37:10 [bridge] Product: 0 unread
2026/5/1 11:37:10 [bridge] SNS: 0 unread
2026/5/1 11:38:03 [bridge] poll at 2026/5/1 11:38:03
2026/5/1 11:38:04 [bridge] AI-Project: 0 unread
2026/5/1 11:38:05 [bridge] Leader: 1 unread
2026/5/1 11:38:05 [bridge] Designer: 0 unread
2026/5/1 11:38:06 [bridge] Writer: 0 unread
2026/5/1 11:38:06 [bridge] Brunson: 0 unread
2026/5/1 11:38:06 [bridge] LP: 0 unread
2026/5/1 11:38:07 [bridge] Video: 0 unread
2026/5/1 11:38:07 [bridge] Researcher: 0 unread
2026/5/1 11:38:08 [bridge] Analyst: 0 unread
2026/5/1 11:38:08 [bridge] Product: 0 unread
2026/5/1 11:38:09 [bridge] SNS: 0 unread
2026/5/1 11:39:03 [bridge] poll at 2026/5/1 11:39:03
2026/5/1 11:39:04 [bridge] AI-Project: 0 unread
2026/5/1 11:39:05 [bridge] Leader: 1 unread
2026/5/1 11:39:05 [bridge] Designer: 0 unread
2026/5/1 11:39:06 [bridge] Writer: 0 unread
2026/5/1 11:39:06 [bridge] Brunson: 0 unread
2026/5/1 11:39:07 [bridge] LP: 0 unread
2026/5/1 11:39:07 [bridge] Video: 0 unread
2026/5/1 11:39:07 [bridge] Researcher: 0 unread
2026/5/1 11:39:08 [bridge] Analyst: 0 unread
2026/5/1 11:39:08 [bridge] Product: 0 unread
2026/5/1 11:39:09 [bridge] SNS: 0 unread
2026/5/1 11:40:03 [bridge] poll at 2026/5/1 11:40:03
2026/5/1 11:40:04 [bridge] AI-Project: 0 unread
2026/5/1 11:40:05 [bridge] Leader: 1 unread
2026/5/1 11:40:05 [bridge] Designer: 0 unread
2026/5/1 11:40:06 [bridge] Writer: 0 unread
2026/5/1 11:40:06 [bridge] Brunson: 0 unread
2026/5/1 11:40:07 [bridge] LP: 0 unread
2026/5/1 11:40:07 [bridge] Video: 0 unread
2026/5/1 11:40:08 [bridge] Researcher: 0 unread
2026/5/1 11:40:08 [bridge] Analyst: 0 unread
2026/5/1 11:40:09 [bridge] Product: 0 unread
2026/5/1 11:40:09 [bridge] SNS: 0 unread
2026/5/1 11:41:03 [bridge] poll at 2026/5/1 11:41:03
2026/5/1 11:41:04 [bridge] AI-Project: 0 unread
2026/5/1 11:41:05 [bridge] Leader: 1 unread
2026/5/1 11:41:05 [bridge] Designer: 0 unread
2026/5/1 11:41:06 [bridge] Writer: 0 unread
2026/5/1 11:41:06 [bridge] Brunson: 0 unread
2026/5/1 11:41:07 [bridge] LP: 0 unread
2026/5/1 11:41:07 [bridge] Video: 0 unread
2026/5/1 11:41:08 [bridge] Researcher: 0 unread
2026/5/1 11:41:08 [bridge] Analyst: 0 unread
2026/5/1 11:41:09 [bridge] Product: 0 unread
2026/5/1 11:41:09 [bridge] SNS: 0 unread
2026/5/1 11:42:03 [bridge] poll at 2026/5/1 11:42:03
2026/5/1 11:42:04 [bridge] AI-Project: 0 unread
2026/5/1 11:42:05 [bridge] Leader: 1 unread
2026/5/1 11:42:05 [bridge] Designer: 0 unread
2026/5/1 11:42:06 [bridge] Writer: 0 unread
2026/5/1 11:42:06 [bridge] Brunson: 0 unread
2026/5/1 11:42:07 [bridge] LP: 0 unread
2026/5/1 11:42:07 [bridge] Video: 0 unread
2026/5/1 11:42:08 [bridge] Researcher: 0 unread
2026/5/1 11:42:08 [bridge] Analyst: 0 unread
2026/5/1 11:42:09 [bridge] Product: 0 unread
2026/5/1 11:42:09 [bridge] SNS: 0 unread
2026/5/1 11:43:03 [bridge] poll at 2026/5/1 11:43:03
2026/5/1 11:43:05 [bridge] AI-Project: 0 unread
2026/5/1 11:43:06 [bridge] Leader: 1 unread
2026/5/1 11:43:07 [bridge] Designer: 0 unread
2026/5/1 11:43:07 [bridge] Writer: 0 unread
2026/5/1 11:43:08 [bridge] Brunson: 0 unread
2026/5/1 11:43:08 [bridge] LP: 0 unread
2026/5/1 11:43:09 [bridge] Video: 0 unread
2026/5/1 11:43:09 [bridge] Researcher: 0 unread
2026/5/1 11:43:10 [bridge] Analyst: 0 unread
2026/5/1 11:43:10 [bridge] Product: 0 unread
2026/5/1 11:43:11 [bridge] SNS: 0 unread
2026/5/1 11:44:03 [bridge] poll at 2026/5/1 11:44:03
2026/5/1 11:44:04 [bridge] AI-Project: 0 unread
2026/5/1 11:44:05 [bridge] Leader: 1 unread
2026/5/1 11:44:06 [bridge] Designer: 0 unread
2026/5/1 11:44:06 [bridge] Writer: 0 unread
2026/5/1 11:44:07 [bridge] Brunson: 0 unread
2026/5/1 11:44:07 [bridge] LP: 0 unread
2026/5/1 11:44:08 [bridge] Video: 0 unread
2026/5/1 11:44:08 [bridge] Researcher: 0 unread
2026/5/1 11:44:09 [bridge] Analyst: 0 unread
2026/5/1 11:44:09 [bridge] Product: 0 unread
2026/5/1 11:44:10 [bridge] SNS: 0 unread
2026/5/1 11:45:04 [bridge] poll at 2026/5/1 11:45:04
2026/5/1 11:45:04 [bridge] AI-Project: 0 unread
2026/5/1 11:45:05 [bridge] Leader: 1 unread
2026/5/1 11:45:05 [bridge] Designer: 0 unread
2026/5/1 11:45:06 [bridge] Writer: 0 unread
2026/5/1 11:45:06 [bridge] Brunson: 0 unread
2026/5/1 11:45:07 [bridge] LP: 0 unread
2026/5/1 11:45:07 [bridge] Video: 0 unread
2026/5/1 11:45:08 [bridge] Researcher: 0 unread
2026/5/1 11:45:08 [bridge] Analyst: 0 unread
2026/5/1 11:45:09 [bridge] Product: 0 unread
2026/5/1 11:45:09 [bridge] SNS: 0 unread
2026/5/1 11:46:04 [bridge] poll at 2026/5/1 11:46:04
2026/5/1 11:46:04 [bridge] AI-Project: 0 unread
2026/5/1 11:46:05 [bridge] Leader: 1 unread
2026/5/1 11:46:05 [bridge] Designer: 0 unread
2026/5/1 11:46:06 [bridge] Writer: 0 unread
2026/5/1 11:46:06 [bridge] Brunson: 0 unread
2026/5/1 11:46:07 [bridge] LP: 0 unread
2026/5/1 11:46:07 [bridge] Video: 0 unread
2026/5/1 11:46:08 [bridge] Researcher: 0 unread
2026/5/1 11:46:08 [bridge] Analyst: 0 unread
2026/5/1 11:46:09 [bridge] Product: 0 unread
2026/5/1 11:46:09 [bridge] SNS: 0 unread
2026/5/1 11:47:04 [bridge] poll at 2026/5/1 11:47:04
2026/5/1 11:47:04 [bridge] AI-Project: 0 unread
2026/5/1 11:47:05 [bridge] Leader: 1 unread
2026/5/1 11:47:05 [bridge] Designer: 0 unread
2026/5/1 11:47:06 [bridge] Writer: 0 unread
2026/5/1 11:47:06 [bridge] Brunson: 0 unread
2026/5/1 11:47:07 [bridge] LP: 0 unread
2026/5/1 11:47:07 [bridge] Video: 0 unread
2026/5/1 11:47:08 [bridge] Researcher: 0 unread
2026/5/1 11:47:08 [bridge] Analyst: 0 unread
2026/5/1 11:47:09 [bridge] Product: 0 unread
2026/5/1 11:47:09 [bridge] SNS: 0 unread
2026/5/1 11:48:04 [bridge] poll at 2026/5/1 11:48:04
2026/5/1 11:48:04 [bridge] AI-Project: 0 unread
2026/5/1 11:48:05 [bridge] Leader: 1 unread
2026/5/1 11:48:05 [bridge] Designer: 0 unread
2026/5/1 11:48:06 [bridge] Writer: 0 unread
2026/5/1 11:48:06 [bridge] Brunson: 0 unread
2026/5/1 11:48:07 [bridge] LP: 0 unread
2026/5/1 11:48:07 [bridge] Video: 0 unread
2026/5/1 11:48:08 [bridge] Researcher: 0 unread
2026/5/1 11:48:08 [bridge] Analyst: 0 unread
2026/5/1 11:48:09 [bridge] Product: 0 unread
2026/5/1 11:48:09 [bridge] SNS: 0 unread
2026/5/1 11:49:04 [bridge] poll at 2026/5/1 11:49:04
2026/5/1 11:49:05 [bridge] AI-Project: 0 unread
2026/5/1 11:49:06 [bridge] Leader: 1 unread
2026/5/1 11:49:07 [bridge] Designer: 0 unread
2026/5/1 11:49:07 [bridge] Writer: 0 unread
2026/5/1 11:49:08 [bridge] Brunson: 0 unread
2026/5/1 11:49:08 [bridge] LP: 0 unread
2026/5/1 11:49:09 [bridge] Video: 0 unread
2026/5/1 11:49:09 [bridge] Researcher: 0 unread
2026/5/1 11:49:10 [bridge] Analyst: 0 unread
2026/5/1 11:49:10 [bridge] Product: 0 unread
2026/5/1 11:49:11 [bridge] SNS: 0 unread
2026/5/1 11:50:04 [bridge] poll at 2026/5/1 11:50:04
2026/5/1 11:50:04 [bridge] AI-Project: 0 unread
2026/5/1 11:50:05 [bridge] Leader: 1 unread
2026/5/1 11:50:05 [bridge] Designer: 0 unread
2026/5/1 11:50:06 [bridge] Writer: 0 unread
2026/5/1 11:50:06 [bridge] Brunson: 0 unread
2026/5/1 11:50:07 [bridge] LP: 0 unread
2026/5/1 11:50:07 [bridge] Video: 0 unread
2026/5/1 11:50:08 [bridge] Researcher: 0 unread
2026/5/1 11:50:08 [bridge] Analyst: 0 unread
2026/5/1 11:50:09 [bridge] Product: 0 unread
2026/5/1 11:50:09 [bridge] SNS: 0 unread
2026/5/1 11:51:04 [bridge] poll at 2026/5/1 11:51:04
2026/5/1 11:51:04 [bridge] AI-Project: 0 unread
2026/5/1 11:51:05 [bridge] Leader: 1 unread
2026/5/1 11:51:05 [bridge] Designer: 0 unread
2026/5/1 11:51:06 [bridge] Writer: 0 unread
2026/5/1 11:51:06 [bridge] Brunson: 0 unread
2026/5/1 11:51:07 [bridge] LP: 0 unread
2026/5/1 11:51:07 [bridge] Video: 0 unread
2026/5/1 11:51:08 [bridge] Researcher: 0 unread
2026/5/1 11:51:08 [bridge] Analyst: 0 unread
2026/5/1 11:51:09 [bridge] Product: 0 unread
2026/5/1 11:51:09 [bridge] SNS: 0 unread
2026/5/1 11:52:04 [bridge] poll at 2026/5/1 11:52:04
2026/5/1 11:52:04 [bridge] AI-Project: 0 unread
2026/5/1 11:52:05 [bridge] Leader: 1 unread
2026/5/1 11:52:05 [bridge] Designer: 0 unread
2026/5/1 11:52:06 [bridge] Writer: 0 unread
2026/5/1 11:52:06 [bridge] Brunson: 0 unread
2026/5/1 11:52:07 [bridge] LP: 0 unread
2026/5/1 11:52:07 [bridge] Video: 0 unread
2026/5/1 11:52:08 [bridge] Researcher: 0 unread
2026/5/1 11:52:08 [bridge] Analyst: 0 unread
2026/5/1 11:52:09 [bridge] Product: 0 unread
2026/5/1 11:52:09 [bridge] SNS: 0 unread
2026/5/1 11:53:04 [bridge] poll at 2026/5/1 11:53:04
2026/5/1 11:53:04 [bridge] AI-Project: 0 unread
2026/5/1 11:53:05 [bridge] Leader: 1 unread
2026/5/1 11:53:05 [bridge] Designer: 0 unread
2026/5/1 11:53:06 [bridge] Writer: 0 unread
2026/5/1 11:53:06 [bridge] Brunson: 0 unread
2026/5/1 11:53:07 [bridge] LP: 0 unread
2026/5/1 11:53:07 [bridge] Video: 0 unread
2026/5/1 11:53:08 [bridge] Researcher: 0 unread
2026/5/1 11:53:08 [bridge] Analyst: 0 unread
2026/5/1 11:53:09 [bridge] Product: 0 unread
2026/5/1 11:53:09 [bridge] SNS: 0 unread
2026/5/1 11:54:04 [bridge] poll at 2026/5/1 11:54:04
2026/5/1 11:54:04 [bridge] AI-Project: 0 unread
2026/5/1 11:54:05 [bridge] Leader: 1 unread
2026/5/1 11:54:05 [bridge] Designer: 0 unread
2026/5/1 11:54:06 [bridge] Writer: 0 unread
2026/5/1 11:54:06 [bridge] Brunson: 0 unread
2026/5/1 11:54:07 [bridge] LP: 0 unread
2026/5/1 11:54:07 [bridge] Video: 0 unread
2026/5/1 11:54:08 [bridge] Researcher: 0 unread
2026/5/1 11:54:08 [bridge] Analyst: 0 unread
2026/5/1 11:54:09 [bridge] Product: 0 unread
2026/5/1 11:54:09 [bridge] SNS: 0 unread
2026/5/1 11:55:04 [bridge] poll at 2026/5/1 11:55:04
2026/5/1 11:55:05 [bridge] AI-Project: 0 unread
2026/5/1 11:55:06 [bridge] Leader: 1 unread
2026/5/1 11:55:07 [bridge] Designer: 0 unread
2026/5/1 11:55:07 [bridge] Writer: 0 unread
2026/5/1 11:55:08 [bridge] Brunson: 0 unread
2026/5/1 11:55:08 [bridge] LP: 0 unread
2026/5/1 11:55:09 [bridge] Video: 0 unread
2026/5/1 11:55:09 [bridge] Researcher: 0 unread
2026/5/1 11:55:10 [bridge] Analyst: 0 unread
2026/5/1 11:55:10 [bridge] Product: 0 unread
2026/5/1 11:55:11 [bridge] SNS: 0 unread
2026/5/1 11:56:04 [bridge] poll at 2026/5/1 11:56:04
2026/5/1 11:56:04 [bridge] AI-Project: 0 unread
2026/5/1 11:56:05 [bridge] Leader: 1 unread
2026/5/1 11:56:06 [bridge] Designer: 0 unread
2026/5/1 11:56:06 [bridge] Writer: 0 unread
2026/5/1 11:56:07 [bridge] Brunson: 0 unread
2026/5/1 11:56:07 [bridge] LP: 0 unread
2026/5/1 11:56:08 [bridge] Video: 0 unread
2026/5/1 11:56:08 [bridge] Researcher: 0 unread
2026/5/1 11:56:09 [bridge] Analyst: 0 unread
2026/5/1 11:56:09 [bridge] Product: 0 unread
2026/5/1 11:56:10 [bridge] SNS: 0 unread
2026/5/1 11:57:04 [bridge] poll at 2026/5/1 11:57:04
2026/5/1 11:57:04 [bridge] AI-Project: 0 unread
2026/5/1 11:57:05 [bridge] Leader: 1 unread
2026/5/1 11:57:05 [bridge] Designer: 0 unread
2026/5/1 11:57:06 [bridge] Writer: 0 unread
2026/5/1 11:57:06 [bridge] Brunson: 0 unread
2026/5/1 11:57:07 [bridge] LP: 0 unread
2026/5/1 11:57:07 [bridge] Video: 0 unread
2026/5/1 11:57:08 [bridge] Researcher: 0 unread
2026/5/1 11:57:08 [bridge] Analyst: 0 unread
2026/5/1 11:57:08 [bridge] Product: 0 unread
2026/5/1 11:57:09 [bridge] SNS: 0 unread
2026/5/1 11:58:04 [bridge] poll at 2026/5/1 11:58:04
2026/5/1 11:58:04 [bridge] AI-Project: 0 unread
2026/5/1 11:58:05 [bridge] Leader: 1 unread
2026/5/1 11:58:06 [bridge] Designer: 0 unread
2026/5/1 11:58:06 [bridge] Writer: 0 unread
2026/5/1 11:58:07 [bridge] Brunson: 0 unread
2026/5/1 11:58:07 [bridge] LP: 0 unread
2026/5/1 11:58:08 [bridge] Video: 0 unread
2026/5/1 11:58:08 [bridge] Researcher: 0 unread
2026/5/1 11:58:09 [bridge] Analyst: 0 unread
2026/5/1 11:58:09 [bridge] Product: 0 unread
2026/5/1 11:58:10 [bridge] SNS: 0 unread
2026/5/1 11:59:04 [bridge] poll at 2026/5/1 11:59:04
2026/5/1 11:59:04 [bridge] AI-Project: 0 unread
2026/5/1 11:59:05 [bridge] Leader: 1 unread
2026/5/1 11:59:05 [bridge] Designer: 0 unread
2026/5/1 11:59:06 [bridge] Writer: 0 unread
2026/5/1 11:59:06 [bridge] Brunson: 0 unread
2026/5/1 11:59:07 [bridge] LP: 0 unread
2026/5/1 11:59:07 [bridge] Video: 0 unread
2026/5/1 11:59:08 [bridge] Researcher: 0 unread
2026/5/1 11:59:08 [bridge] Analyst: 0 unread
2026/5/1 11:59:09 [bridge] Product: 0 unread
2026/5/1 11:59:09 [bridge] SNS: 0 unread
2026/5/1 12:00:04 [bridge] poll at 2026/5/1 12:00:04
2026/5/1 12:00:04 [bridge] AI-Project: 0 unread
2026/5/1 12:00:05 [bridge] Leader: 1 unread
2026/5/1 12:00:05 [bridge] Designer: 0 unread
2026/5/1 12:00:06 [bridge] Writer: 0 unread
2026/5/1 12:00:06 [bridge] Brunson: 0 unread
2026/5/1 12:00:07 [bridge] LP: 0 unread
2026/5/1 12:00:07 [bridge] Video: 0 unread
2026/5/1 12:00:08 [bridge] Researcher: 0 unread
2026/5/1 12:00:08 [bridge] Analyst: 0 unread
2026/5/1 12:00:09 [bridge] Product: 0 unread
2026/5/1 12:00:09 [bridge] SNS: 0 unread
2026/5/1 12:01:04 [bridge] poll at 2026/5/1 12:01:04
2026/5/1 12:01:06 [bridge] AI-Project: 0 unread
2026/5/1 12:01:06 [bridge] Leader: 1 unread
2026/5/1 12:01:07 [bridge] Designer: 0 unread
2026/5/1 12:01:07 [bridge] Writer: 0 unread
2026/5/1 12:01:08 [bridge] Brunson: 0 unread
2026/5/1 12:01:08 [bridge] LP: 0 unread
2026/5/1 12:01:09 [bridge] Video: 0 unread
2026/5/1 12:01:09 [bridge] Researcher: 0 unread
2026/5/1 12:01:10 [bridge] Analyst: 0 unread
2026/5/1 12:01:10 [bridge] Product: 0 unread
2026/5/1 12:01:11 [bridge] SNS: 0 unread
2026/5/1 12:02:04 [bridge] poll at 2026/5/1 12:02:04
2026/5/1 12:02:04 [bridge] AI-Project: 0 unread
2026/5/1 12:02:05 [bridge] Leader: 1 unread
2026/5/1 12:02:06 [bridge] Designer: 0 unread
2026/5/1 12:02:06 [bridge] Writer: 0 unread
2026/5/1 12:02:07 [bridge] Brunson: 0 unread
2026/5/1 12:02:07 [bridge] LP: 0 unread
2026/5/1 12:02:08 [bridge] Video: 0 unread
2026/5/1 12:02:08 [bridge] Researcher: 0 unread
2026/5/1 12:02:09 [bridge] Analyst: 0 unread
2026/5/1 12:02:09 [bridge] Product: 0 unread
2026/5/1 12:02:10 [bridge] SNS: 0 unread
2026/5/1 12:03:04 [bridge] poll at 2026/5/1 12:03:04
2026/5/1 12:03:04 [bridge] AI-Project: 0 unread
2026/5/1 12:03:05 [bridge] Leader: 1 unread
2026/5/1 12:03:06 [bridge] Designer: 0 unread
2026/5/1 12:03:06 [bridge] Writer: 0 unread
2026/5/1 12:03:07 [bridge] Brunson: 0 unread
2026/5/1 12:03:07 [bridge] LP: 0 unread
2026/5/1 12:03:08 [bridge] Video: 0 unread
2026/5/1 12:03:08 [bridge] Researcher: 0 unread
2026/5/1 12:03:09 [bridge] Analyst: 0 unread
2026/5/1 12:03:09 [bridge] Product: 0 unread
2026/5/1 12:03:10 [bridge] SNS: 0 unread
2026/5/1 12:04:04 [bridge] poll at 2026/5/1 12:04:04
2026/5/1 12:04:04 [bridge] AI-Project: 0 unread
2026/5/1 12:04:05 [bridge] Leader: 1 unread
2026/5/1 12:04:06 [bridge] Designer: 0 unread
2026/5/1 12:04:06 [bridge] Writer: 0 unread
2026/5/1 12:04:07 [bridge] Brunson: 0 unread
2026/5/1 12:04:07 [bridge] LP: 0 unread
2026/5/1 12:04:08 [bridge] Video: 0 unread
2026/5/1 12:04:08 [bridge] Researcher: 0 unread
2026/5/1 12:04:09 [bridge] Analyst: 0 unread
2026/5/1 12:04:09 [bridge] Product: 0 unread
2026/5/1 12:04:10 [bridge] SNS: 0 unread
2026/5/1 12:05:04 [bridge] poll at 2026/5/1 12:05:04
2026/5/1 12:05:04 [bridge] AI-Project: 0 unread
2026/5/1 12:05:05 [bridge] Leader: 1 unread
2026/5/1 12:05:05 [bridge] Designer: 0 unread
2026/5/1 12:05:06 [bridge] Writer: 0 unread
2026/5/1 12:05:06 [bridge] Brunson: 0 unread
2026/5/1 12:05:07 [bridge] LP: 0 unread
2026/5/1 12:05:07 [bridge] Video: 0 unread
2026/5/1 12:05:08 [bridge] Researcher: 0 unread
2026/5/1 12:05:08 [bridge] Analyst: 0 unread
2026/5/1 12:05:09 [bridge] Product: 0 unread
2026/5/1 12:05:09 [bridge] SNS: 0 unread
2026/5/1 12:06:04 [bridge] poll at 2026/5/1 12:06:04
2026/5/1 12:06:05 [bridge] AI-Project: 0 unread
2026/5/1 12:06:05 [bridge] Leader: 1 unread
2026/5/1 12:06:06 [bridge] Designer: 0 unread
2026/5/1 12:06:06 [bridge] Writer: 0 unread
2026/5/1 12:06:07 [bridge] Brunson: 0 unread
2026/5/1 12:06:07 [bridge] LP: 0 unread
2026/5/1 12:06:08 [bridge] Video: 0 unread
2026/5/1 12:06:08 [bridge] Researcher: 0 unread
2026/5/1 12:06:09 [bridge] Analyst: 0 unread
2026/5/1 12:06:09 [bridge] Product: 0 unread
2026/5/1 12:06:10 [bridge] SNS: 0 unread
2026/5/1 12:07:04 [bridge] poll at 2026/5/1 12:07:04
2026/5/1 12:07:06 [bridge] AI-Project: 0 unread
2026/5/1 12:07:06 [bridge] Leader: 1 unread
2026/5/1 12:07:07 [bridge] Designer: 0 unread
2026/5/1 12:07:07 [bridge] Writer: 0 unread
2026/5/1 12:07:08 [bridge] Brunson: 0 unread
2026/5/1 12:07:08 [bridge] LP: 0 unread
2026/5/1 12:07:09 [bridge] Video: 0 unread
2026/5/1 12:07:09 [bridge] Researcher: 0 unread
2026/5/1 12:07:10 [bridge] Analyst: 0 unread
2026/5/1 12:07:10 [bridge] Product: 0 unread
2026/5/1 12:07:11 [bridge] SNS: 0 unread
2026/5/1 12:08:04 [bridge] poll at 2026/5/1 12:08:04
2026/5/1 12:08:04 [bridge] AI-Project: 0 unread
2026/5/1 12:08:05 [bridge] Leader: 1 unread
2026/5/1 12:08:06 [bridge] Designer: 0 unread
2026/5/1 12:08:06 [bridge] Writer: 0 unread
2026/5/1 12:08:07 [bridge] Brunson: 0 unread
2026/5/1 12:08:07 [bridge] LP: 0 unread
2026/5/1 12:08:08 [bridge] Video: 0 unread
2026/5/1 12:08:08 [bridge] Researcher: 0 unread
2026/5/1 12:08:09 [bridge] Analyst: 0 unread
2026/5/1 12:08:09 [bridge] Product: 0 unread
2026/5/1 12:08:10 [bridge] SNS: 0 unread
2026/5/1 12:09:04 [bridge] poll at 2026/5/1 12:09:04
2026/5/1 12:09:04 [bridge] AI-Project: 0 unread
2026/5/1 12:09:05 [bridge] Leader: 1 unread
2026/5/1 12:09:06 [bridge] Designer: 0 unread
2026/5/1 12:09:06 [bridge] Writer: 0 unread
2026/5/1 12:09:07 [bridge] Brunson: 0 unread
2026/5/1 12:09:07 [bridge] LP: 0 unread
2026/5/1 12:09:08 [bridge] Video: 0 unread
2026/5/1 12:09:08 [bridge] Researcher: 0 unread
2026/5/1 12:09:09 [bridge] Analyst: 0 unread
2026/5/1 12:09:09 [bridge] Product: 0 unread
2026/5/1 12:09:10 [bridge] SNS: 0 unread
2026/5/1 12:10:04 [bridge] poll at 2026/5/1 12:10:04
2026/5/1 12:10:05 [bridge] AI-Project: 0 unread
2026/5/1 12:10:05 [bridge] Leader: 1 unread
2026/5/1 12:10:06 [bridge] Designer: 0 unread
2026/5/1 12:10:06 [bridge] Writer: 0 unread
2026/5/1 12:10:07 [bridge] Brunson: 0 unread
2026/5/1 12:10:07 [bridge] LP: 0 unread
2026/5/1 12:10:08 [bridge] Video: 0 unread
2026/5/1 12:10:08 [bridge] Researcher: 0 unread
2026/5/1 12:10:09 [bridge] Analyst: 0 unread
2026/5/1 12:10:09 [bridge] Product: 0 unread
2026/5/1 12:10:10 [bridge] SNS: 0 unread
2026/5/1 12:11:04 [bridge] poll at 2026/5/1 12:11:04
2026/5/1 12:11:05 [bridge] AI-Project: 0 unread
2026/5/1 12:11:05 [bridge] Leader: 1 unread
2026/5/1 12:11:06 [bridge] Designer: 0 unread
2026/5/1 12:11:06 [bridge] Writer: 0 unread
2026/5/1 12:11:07 [bridge] Brunson: 0 unread
2026/5/1 12:11:07 [bridge] LP: 0 unread
2026/5/1 12:11:08 [bridge] Video: 0 unread
2026/5/1 12:11:08 [bridge] Researcher: 0 unread
2026/5/1 12:11:09 [bridge] Analyst: 0 unread
2026/5/1 12:11:09 [bridge] Product: 0 unread
2026/5/1 12:11:10 [bridge] SNS: 0 unread
2026/5/1 12:12:04 [bridge] poll at 2026/5/1 12:12:04
2026/5/1 12:12:05 [bridge] AI-Project: 0 unread
2026/5/1 12:12:05 [bridge] Leader: 1 unread
2026/5/1 12:12:06 [bridge] Designer: 0 unread
2026/5/1 12:12:07 [bridge] Writer: 0 unread
2026/5/1 12:12:07 [bridge] Brunson: 0 unread
2026/5/1 12:12:08 [bridge] LP: 0 unread
2026/5/1 12:12:08 [bridge] Video: 0 unread
2026/5/1 12:12:09 [bridge] Researcher: 0 unread
2026/5/1 12:12:09 [bridge] Analyst: 0 unread
2026/5/1 12:12:10 [bridge] Product: 0 unread
2026/5/1 12:12:11 [bridge] SNS: 0 unread
2026/5/1 12:13:04 [bridge] poll at 2026/5/1 12:13:04
2026/5/1 12:13:06 [bridge] AI-Project: 0 unread
2026/5/1 12:13:06 [bridge] Leader: 1 unread
2026/5/1 12:13:07 [bridge] Designer: 0 unread
2026/5/1 12:13:08 [bridge] Writer: 0 unread
2026/5/1 12:13:08 [bridge] Brunson: 0 unread
2026/5/1 12:13:09 [bridge] LP: 0 unread
2026/5/1 12:13:09 [bridge] Video: 0 unread
2026/5/1 12:13:10 [bridge] Researcher: 0 unread
2026/5/1 12:13:10 [bridge] Analyst: 0 unread
2026/5/1 12:13:11 [bridge] Product: 0 unread
2026/5/1 12:13:11 [bridge] SNS: 0 unread
2026/5/1 12:14:04 [bridge] poll at 2026/5/1 12:14:04
2026/5/1 12:14:05 [bridge] AI-Project: 0 unread
2026/5/1 12:14:05 [bridge] Leader: 1 unread
2026/5/1 12:14:06 [bridge] Designer: 0 unread
2026/5/1 12:14:06 [bridge] Writer: 0 unread
2026/5/1 12:14:07 [bridge] Brunson: 0 unread
2026/5/1 12:14:08 [bridge] LP: 0 unread
2026/5/1 12:14:08 [bridge] Video: 0 unread
2026/5/1 12:14:09 [bridge] Researcher: 0 unread
2026/5/1 12:14:09 [bridge] Analyst: 0 unread
2026/5/1 12:14:10 [bridge] Product: 0 unread
2026/5/1 12:14:10 [bridge] SNS: 0 unread
2026/5/1 12:15:04 [bridge] poll at 2026/5/1 12:15:04
2026/5/1 12:15:05 [bridge] AI-Project: 0 unread
2026/5/1 12:15:05 [bridge] Leader: 1 unread
2026/5/1 12:15:06 [bridge] Designer: 0 unread
2026/5/1 12:15:06 [bridge] Writer: 0 unread
2026/5/1 12:15:07 [bridge] Brunson: 0 unread
2026/5/1 12:15:07 [bridge] LP: 0 unread
2026/5/1 12:15:08 [bridge] Video: 0 unread
2026/5/1 12:15:08 [bridge] Researcher: 0 unread
2026/5/1 12:15:09 [bridge] Analyst: 0 unread
2026/5/1 12:15:09 [bridge] Product: 0 unread
2026/5/1 12:15:10 [bridge] SNS: 0 unread
2026/5/1 12:16:04 [bridge] poll at 2026/5/1 12:16:04
2026/5/1 12:16:05 [bridge] AI-Project: 0 unread
2026/5/1 12:16:05 [bridge] Leader: 1 unread
2026/5/1 12:16:06 [bridge] Designer: 0 unread
2026/5/1 12:16:06 [bridge] Writer: 0 unread
2026/5/1 12:16:07 [bridge] Brunson: 0 unread
2026/5/1 12:16:08 [bridge] LP: 0 unread
2026/5/1 12:16:08 [bridge] Video: 0 unread
2026/5/1 12:16:09 [bridge] Researcher: 0 unread
2026/5/1 12:16:09 [bridge] Analyst: 0 unread
2026/5/1 12:16:10 [bridge] Product: 0 unread
2026/5/1 12:16:10 [bridge] SNS: 0 unread
2026/5/1 12:17:04 [bridge] poll at 2026/5/1 12:17:04
2026/5/1 12:17:05 [bridge] AI-Project: 0 unread
2026/5/1 12:17:05 [bridge] Leader: 1 unread
2026/5/1 12:17:06 [bridge] Designer: 0 unread
2026/5/1 12:17:06 [bridge] Writer: 0 unread
2026/5/1 12:17:07 [bridge] Brunson: 0 unread
2026/5/1 12:17:07 [bridge] LP: 0 unread
2026/5/1 12:17:08 [bridge] Video: 0 unread
2026/5/1 12:17:08 [bridge] Researcher: 0 unread
2026/5/1 12:17:09 [bridge] Analyst: 0 unread
2026/5/1 12:17:09 [bridge] Product: 0 unread
2026/5/1 12:17:10 [bridge] SNS: 0 unread
2026/5/1 12:18:04 [bridge] poll at 2026/5/1 12:18:04
2026/5/1 12:18:05 [bridge] AI-Project: 0 unread
2026/5/1 12:18:05 [bridge] Leader: 1 unread
2026/5/1 12:18:06 [bridge] Designer: 0 unread
2026/5/1 12:18:06 [bridge] Writer: 0 unread
2026/5/1 12:18:07 [bridge] Brunson: 0 unread
2026/5/1 12:18:07 [bridge] LP: 0 unread
2026/5/1 12:18:08 [bridge] Video: 0 unread
2026/5/1 12:18:08 [bridge] Researcher: 0 unread
2026/5/1 12:18:09 [bridge] Analyst: 0 unread
2026/5/1 12:18:09 [bridge] Product: 0 unread
2026/5/1 12:18:10 [bridge] SNS: 0 unread
2026/5/1 12:19:04 [bridge] poll at 2026/5/1 12:19:04
2026/5/1 12:19:06 [bridge] AI-Project: 0 unread
2026/5/1 12:19:06 [bridge] Leader: 1 unread
2026/5/1 12:19:07 [bridge] Designer: 0 unread
2026/5/1 12:19:07 [bridge] Writer: 0 unread
2026/5/1 12:19:08 [bridge] Brunson: 0 unread
2026/5/1 12:19:08 [bridge] LP: 0 unread
2026/5/1 12:19:09 [bridge] Video: 0 unread
2026/5/1 12:19:09 [bridge] Researcher: 0 unread
2026/5/1 12:19:10 [bridge] Analyst: 0 unread
2026/5/1 12:19:10 [bridge] Product: 0 unread
2026/5/1 12:19:11 [bridge] SNS: 0 unread
2026/5/1 12:20:04 [bridge] poll at 2026/5/1 12:20:04
2026/5/1 12:20:05 [bridge] AI-Project: 0 unread
2026/5/1 12:20:05 [bridge] Leader: 1 unread
2026/5/1 12:20:06 [bridge] Designer: 0 unread
2026/5/1 12:20:06 [bridge] Writer: 0 unread
2026/5/1 12:20:07 [bridge] Brunson: 0 unread
2026/5/1 12:20:07 [bridge] LP: 0 unread
2026/5/1 12:20:08 [bridge] Video: 0 unread
2026/5/1 12:20:08 [bridge] Researcher: 0 unread
2026/5/1 12:20:09 [bridge] Analyst: 0 unread
2026/5/1 12:20:10 [bridge] Product: 0 unread
2026/5/1 12:20:10 [bridge] SNS: 0 unread
2026/5/1 12:21:04 [bridge] poll at 2026/5/1 12:21:04
2026/5/1 12:21:05 [bridge] AI-Project: 0 unread
2026/5/1 12:21:05 [bridge] Leader: 1 unread
2026/5/1 12:21:06 [bridge] Designer: 0 unread
2026/5/1 12:21:06 [bridge] Writer: 0 unread
2026/5/1 12:21:07 [bridge] Brunson: 0 unread
2026/5/1 12:21:07 [bridge] LP: 0 unread
2026/5/1 12:21:08 [bridge] Video: 0 unread
2026/5/1 12:21:08 [bridge] Researcher: 0 unread
2026/5/1 12:21:09 [bridge] Analyst: 0 unread
2026/5/1 12:21:10 [bridge] Product: 0 unread
2026/5/1 12:21:10 [bridge] SNS: 0 unread
2026/5/1 12:22:04 [bridge] poll at 2026/5/1 12:22:04
2026/5/1 12:22:05 [bridge] AI-Project: 0 unread
2026/5/1 12:22:05 [bridge] Leader: 1 unread
2026/5/1 12:22:06 [bridge] Designer: 0 unread
2026/5/1 12:22:07 [bridge] Writer: 0 unread
2026/5/1 12:22:07 [bridge] Brunson: 0 unread
2026/5/1 12:22:08 [bridge] LP: 0 unread
2026/5/1 12:22:08 [bridge] Video: 0 unread
2026/5/1 12:22:09 [bridge] Researcher: 0 unread
2026/5/1 12:22:09 [bridge] Analyst: 0 unread
2026/5/1 12:22:10 [bridge] Product: 0 unread
2026/5/1 12:22:10 [bridge] SNS: 0 unread
2026/5/1 12:23:04 [bridge] poll at 2026/5/1 12:23:04
2026/5/1 12:23:05 [bridge] AI-Project: 0 unread
2026/5/1 12:23:05 [bridge] Leader: 1 unread
2026/5/1 12:23:06 [bridge] Designer: 0 unread
2026/5/1 12:23:06 [bridge] Writer: 0 unread
2026/5/1 12:23:07 [bridge] Brunson: 0 unread
2026/5/1 12:23:07 [bridge] LP: 0 unread
2026/5/1 12:23:08 [bridge] Video: 0 unread
2026/5/1 12:23:08 [bridge] Researcher: 0 unread
2026/5/1 12:23:09 [bridge] Analyst: 0 unread
2026/5/1 12:23:10 [bridge] Product: 0 unread
2026/5/1 12:23:10 [bridge] SNS: 0 unread
2026/5/1 12:24:04 [bridge] poll at 2026/5/1 12:24:04
2026/5/1 12:24:05 [bridge] AI-Project: 0 unread
2026/5/1 12:24:05 [bridge] Leader: 1 unread
2026/5/1 12:24:06 [bridge] Designer: 0 unread
2026/5/1 12:24:07 [bridge] Writer: 0 unread
2026/5/1 12:24:07 [bridge] Brunson: 0 unread
2026/5/1 12:24:08 [bridge] LP: 0 unread
2026/5/1 12:24:08 [bridge] Video: 0 unread
2026/5/1 12:24:09 [bridge] Researcher: 0 unread
2026/5/1 12:24:09 [bridge] Analyst: 0 unread
2026/5/1 12:24:10 [bridge] Product: 0 unread
2026/5/1 12:24:10 [bridge] SNS: 0 unread
2026/5/1 12:25:04 [bridge] poll at 2026/5/1 12:25:04
2026/5/1 12:25:05 [bridge] AI-Project: 0 unread
2026/5/1 12:25:05 [bridge] Leader: 1 unread
2026/5/1 12:25:06 [bridge] Designer: 0 unread
2026/5/1 12:25:06 [bridge] Writer: 0 unread
2026/5/1 12:25:07 [bridge] Brunson: 0 unread
2026/5/1 12:25:07 [bridge] LP: 0 unread
2026/5/1 12:25:08 [bridge] Video: 0 unread
2026/5/1 12:25:08 [bridge] Researcher: 0 unread
2026/5/1 12:25:09 [bridge] Analyst: 0 unread
2026/5/1 12:25:09 [bridge] Product: 0 unread
2026/5/1 12:25:10 [bridge] SNS: 0 unread
2026/5/1 12:26:04 [bridge] poll at 2026/5/1 12:26:04
2026/5/1 12:26:05 [bridge] AI-Project: 0 unread
2026/5/1 12:26:05 [bridge] Leader: 1 unread
2026/5/1 12:26:06 [bridge] Designer: 0 unread
2026/5/1 12:26:06 [bridge] Writer: 0 unread
2026/5/1 12:26:07 [bridge] Brunson: 0 unread
2026/5/1 12:26:07 [bridge] LP: 0 unread
2026/5/1 12:26:08 [bridge] Video: 0 unread
2026/5/1 12:26:08 [bridge] Researcher: 0 unread
2026/5/1 12:26:09 [bridge] Analyst: 0 unread
2026/5/1 12:26:10 [bridge] Product: 0 unread
2026/5/1 12:26:10 [bridge] SNS: 0 unread
2026/5/1 12:27:04 [bridge] poll at 2026/5/1 12:27:04
2026/5/1 12:27:05 [bridge] AI-Project: 0 unread
2026/5/1 12:27:05 [bridge] Leader: 1 unread
2026/5/1 12:27:06 [bridge] Designer: 0 unread
2026/5/1 12:27:06 [bridge] Writer: 0 unread
2026/5/1 12:27:07 [bridge] Brunson: 0 unread
2026/5/1 12:27:07 [bridge] LP: 0 unread
2026/5/1 12:27:08 [bridge] Video: 0 unread
2026/5/1 12:27:09 [bridge] Researcher: 0 unread
2026/5/1 12:27:09 [bridge] Analyst: 0 unread
2026/5/1 12:27:10 [bridge] Product: 0 unread
2026/5/1 12:27:10 [bridge] SNS: 0 unread
2026/5/1 12:28:04 [bridge] poll at 2026/5/1 12:28:04
2026/5/1 12:28:05 [bridge] AI-Project: 0 unread
2026/5/1 12:28:05 [bridge] Leader: 1 unread
2026/5/1 12:28:06 [bridge] Designer: 0 unread
2026/5/1 12:28:06 [bridge] Writer: 0 unread
2026/5/1 12:28:07 [bridge] Brunson: 0 unread
2026/5/1 12:28:07 [bridge] LP: 0 unread
2026/5/1 12:28:08 [bridge] Video: 0 unread
2026/5/1 12:28:08 [bridge] Researcher: 0 unread
2026/5/1 12:28:09 [bridge] Analyst: 0 unread
2026/5/1 12:28:09 [bridge] Product: 0 unread
2026/5/1 12:28:09 [bridge] SNS: 0 unread
2026/5/1 12:29:04 [bridge] poll at 2026/5/1 12:29:04
2026/5/1 12:29:05 [bridge] AI-Project: 0 unread
2026/5/1 12:29:05 [bridge] Leader: 1 unread
2026/5/1 12:29:06 [bridge] Designer: 0 unread
2026/5/1 12:29:06 [bridge] Writer: 0 unread
2026/5/1 12:29:07 [bridge] Brunson: 0 unread
2026/5/1 12:29:08 [bridge] LP: 0 unread
2026/5/1 12:29:08 [bridge] Video: 0 unread
2026/5/1 12:29:09 [bridge] Researcher: 0 unread
2026/5/1 12:29:09 [bridge] Analyst: 0 unread
2026/5/1 12:29:10 [bridge] Product: 0 unread
2026/5/1 12:29:10 [bridge] SNS: 0 unread
2026/5/1 12:30:04 [bridge] poll at 2026/5/1 12:30:04
2026/5/1 12:30:06 [bridge] AI-Project: 0 unread
2026/5/1 12:30:06 [bridge] Leader: 1 unread
2026/5/1 12:30:07 [bridge] Designer: 0 unread
2026/5/1 12:30:08 [bridge] Writer: 0 unread
2026/5/1 12:30:08 [bridge] Brunson: 0 unread
2026/5/1 12:30:09 [bridge] LP: 0 unread
2026/5/1 12:30:09 [bridge] Video: 0 unread
2026/5/1 12:30:10 [bridge] Researcher: 0 unread
2026/5/1 12:30:10 [bridge] Analyst: 0 unread
2026/5/1 12:30:11 [bridge] Product: 0 unread
2026/5/1 12:30:11 [bridge] SNS: 0 unread
2026/5/1 12:31:04 [bridge] poll at 2026/5/1 12:31:04
2026/5/1 12:31:05 [bridge] AI-Project: 0 unread
2026/5/1 12:31:05 [bridge] Leader: 1 unread
2026/5/1 12:31:06 [bridge] Designer: 0 unread
2026/5/1 12:31:07 [bridge] Writer: 0 unread
2026/5/1 12:31:07 [bridge] Brunson: 0 unread
2026/5/1 12:31:08 [bridge] LP: 0 unread
2026/5/1 12:31:08 [bridge] Video: 0 unread
2026/5/1 12:31:09 [bridge] Researcher: 0 unread
2026/5/1 12:31:09 [bridge] Analyst: 0 unread
2026/5/1 12:31:10 [bridge] Product: 0 unread
2026/5/1 12:31:10 [bridge] SNS: 0 unread
2026/5/1 12:32:04 [bridge] poll at 2026/5/1 12:32:04
2026/5/1 12:32:05 [bridge] AI-Project: 0 unread
2026/5/1 12:32:05 [bridge] Leader: 1 unread
2026/5/1 12:32:06 [bridge] Designer: 0 unread
2026/5/1 12:32:07 [bridge] Writer: 0 unread
2026/5/1 12:32:07 [bridge] Brunson: 0 unread
2026/5/1 12:32:08 [bridge] LP: 0 unread
2026/5/1 12:32:08 [bridge] Video: 0 unread
2026/5/1 12:32:09 [bridge] Researcher: 0 unread
2026/5/1 12:32:09 [bridge] Analyst: 0 unread
2026/5/1 12:32:10 [bridge] Product: 0 unread
2026/5/1 12:32:10 [bridge] SNS: 0 unread
2026/5/1 12:33:04 [bridge] poll at 2026/5/1 12:33:04
2026/5/1 12:33:05 [bridge] AI-Project: 0 unread
2026/5/1 12:33:05 [bridge] Leader: 1 unread
2026/5/1 12:33:06 [bridge] Designer: 0 unread
2026/5/1 12:33:07 [bridge] Writer: 0 unread
2026/5/1 12:33:07 [bridge] Brunson: 0 unread
2026/5/1 12:33:08 [bridge] LP: 0 unread
2026/5/1 12:33:08 [bridge] Video: 0 unread
2026/5/1 12:33:09 [bridge] Researcher: 0 unread
2026/5/1 12:33:09 [bridge] Analyst: 0 unread
2026/5/1 12:33:10 [bridge] Product: 0 unread
2026/5/1 12:33:10 [bridge] SNS: 0 unread
2026/5/1 12:34:04 [bridge] poll at 2026/5/1 12:34:04
2026/5/1 12:34:05 [bridge] AI-Project: 0 unread
2026/5/1 12:34:05 [bridge] Leader: 1 unread
2026/5/1 12:34:06 [bridge] Designer: 0 unread
2026/5/1 12:34:06 [bridge] Writer: 0 unread
2026/5/1 12:34:07 [bridge] Brunson: 0 unread
2026/5/1 12:34:07 [bridge] LP: 0 unread
2026/5/1 12:34:08 [bridge] Video: 0 unread
2026/5/1 12:34:08 [bridge] Researcher: 0 unread
2026/5/1 12:34:09 [bridge] Analyst: 0 unread
2026/5/1 12:34:09 [bridge] Product: 0 unread
2026/5/1 12:34:10 [bridge] SNS: 0 unread
2026/5/1 12:35:04 [bridge] poll at 2026/5/1 12:35:04
2026/5/1 12:35:05 [bridge] AI-Project: 0 unread
2026/5/1 12:35:05 [bridge] Leader: 1 unread
2026/5/1 12:35:06 [bridge] Designer: 0 unread
2026/5/1 12:35:06 [bridge] Writer: 0 unread
2026/5/1 12:35:07 [bridge] Brunson: 0 unread
2026/5/1 12:35:07 [bridge] LP: 0 unread
2026/5/1 12:35:08 [bridge] Video: 0 unread
2026/5/1 12:35:08 [bridge] Researcher: 0 unread
2026/5/1 12:35:09 [bridge] Analyst: 0 unread
2026/5/1 12:35:09 [bridge] Product: 0 unread
2026/5/1 12:35:10 [bridge] SNS: 0 unread
2026/5/1 12:36:04 [bridge] poll at 2026/5/1 12:36:04
2026/5/1 12:36:06 [bridge] AI-Project: 0 unread
2026/5/1 12:36:07 [bridge] Leader: 1 unread
2026/5/1 12:36:07 [bridge] Designer: 0 unread
2026/5/1 12:36:08 [bridge] Writer: 0 unread
2026/5/1 12:36:08 [bridge] Brunson: 0 unread
2026/5/1 12:36:09 [bridge] LP: 0 unread
2026/5/1 12:36:09 [bridge] Video: 0 unread
2026/5/1 12:36:10 [bridge] Researcher: 0 unread
2026/5/1 12:36:10 [bridge] Analyst: 0 unread
2026/5/1 12:36:11 [bridge] Product: 0 unread
2026/5/1 12:36:11 [bridge] SNS: 0 unread
2026/5/1 12:37:04 [bridge] poll at 2026/5/1 12:37:04
2026/5/1 12:37:05 [bridge] AI-Project: 0 unread
2026/5/1 12:37:05 [bridge] Leader: 1 unread
2026/5/1 12:37:06 [bridge] Designer: 0 unread
2026/5/1 12:37:07 [bridge] Writer: 0 unread
2026/5/1 12:37:07 [bridge] Brunson: 0 unread
2026/5/1 12:37:08 [bridge] LP: 0 unread
2026/5/1 12:37:08 [bridge] Video: 0 unread
2026/5/1 12:37:09 [bridge] Researcher: 0 unread
2026/5/1 12:37:09 [bridge] Analyst: 0 unread
2026/5/1 12:37:10 [bridge] Product: 0 unread
2026/5/1 12:37:11 [bridge] SNS: 0 unread
2026/5/1 12:38:04 [bridge] poll at 2026/5/1 12:38:04
2026/5/1 12:38:05 [bridge] AI-Project: 0 unread
2026/5/1 12:38:05 [bridge] Leader: 1 unread
2026/5/1 12:38:06 [bridge] Designer: 0 unread
2026/5/1 12:38:07 [bridge] Writer: 0 unread
2026/5/1 12:38:07 [bridge] Brunson: 0 unread
2026/5/1 12:38:08 [bridge] LP: 0 unread
2026/5/1 12:38:08 [bridge] Video: 0 unread
2026/5/1 12:38:09 [bridge] Researcher: 0 unread
2026/5/1 12:38:09 [bridge] Analyst: 0 unread
2026/5/1 12:38:10 [bridge] Product: 0 unread
2026/5/1 12:38:10 [bridge] SNS: 0 unread
2026/5/1 12:39:04 [bridge] poll at 2026/5/1 12:39:04
2026/5/1 12:39:05 [bridge] AI-Project: 0 unread
2026/5/1 12:39:05 [bridge] Leader: 1 unread
2026/5/1 12:39:06 [bridge] Designer: 0 unread
2026/5/1 12:39:07 [bridge] Writer: 0 unread
2026/5/1 12:39:07 [bridge] Brunson: 0 unread
2026/5/1 12:39:08 [bridge] LP: 0 unread
2026/5/1 12:39:08 [bridge] Video: 0 unread
2026/5/1 12:39:09 [bridge] Researcher: 0 unread
2026/5/1 12:39:09 [bridge] Analyst: 0 unread
2026/5/1 12:39:10 [bridge] Product: 0 unread
2026/5/1 12:39:10 [bridge] SNS: 0 unread
2026/5/1 12:40:04 [bridge] poll at 2026/5/1 12:40:04
2026/5/1 12:40:05 [bridge] AI-Project: 0 unread
2026/5/1 12:40:06 [bridge] Leader: 1 unread
2026/5/1 12:40:06 [bridge] Designer: 0 unread
2026/5/1 12:40:07 [bridge] Writer: 0 unread
2026/5/1 12:40:07 [bridge] Brunson: 0 unread
2026/5/1 12:40:08 [bridge] LP: 0 unread
2026/5/1 12:40:08 [bridge] Video: 0 unread
2026/5/1 12:40:09 [bridge] Researcher: 0 unread
2026/5/1 12:40:09 [bridge] Analyst: 0 unread
2026/5/1 12:40:10 [bridge] Product: 0 unread
2026/5/1 12:40:11 [bridge] SNS: 0 unread
2026/5/1 12:41:04 [bridge] poll at 2026/5/1 12:41:04
2026/5/1 12:41:05 [bridge] AI-Project: 0 unread
2026/5/1 12:41:05 [bridge] Leader: 1 unread
2026/5/1 12:41:06 [bridge] Designer: 0 unread
2026/5/1 12:41:06 [bridge] Writer: 0 unread
2026/5/1 12:41:07 [bridge] Brunson: 0 unread
2026/5/1 12:41:07 [bridge] LP: 0 unread
2026/5/1 12:41:08 [bridge] Video: 0 unread
2026/5/1 12:41:08 [bridge] Researcher: 0 unread
2026/5/1 12:41:09 [bridge] Analyst: 0 unread
2026/5/1 12:41:09 [bridge] Product: 0 unread
2026/5/1 12:41:10 [bridge] SNS: 0 unread
2026/5/1 12:42:04 [bridge] poll at 2026/5/1 12:42:04
2026/5/1 12:42:06 [bridge] AI-Project: 0 unread
2026/5/1 12:42:07 [bridge] Leader: 1 unread
2026/5/1 12:42:07 [bridge] Designer: 0 unread
2026/5/1 12:42:08 [bridge] Writer: 0 unread
2026/5/1 12:42:08 [bridge] Brunson: 0 unread
2026/5/1 12:42:09 [bridge] LP: 0 unread
2026/5/1 12:42:09 [bridge] Video: 0 unread
2026/5/1 12:42:10 [bridge] Researcher: 0 unread
2026/5/1 12:42:10 [bridge] Analyst: 0 unread
2026/5/1 12:42:11 [bridge] Product: 0 unread
2026/5/1 12:42:11 [bridge] SNS: 0 unread
2026/5/1 12:43:04 [bridge] poll at 2026/5/1 12:43:04
2026/5/1 12:43:05 [bridge] AI-Project: 0 unread
2026/5/1 12:43:05 [bridge] Leader: 1 unread
2026/5/1 12:43:06 [bridge] Designer: 0 unread
2026/5/1 12:43:07 [bridge] Writer: 0 unread
2026/5/1 12:43:07 [bridge] Brunson: 0 unread
2026/5/1 12:43:08 [bridge] LP: 0 unread
2026/5/1 12:43:08 [bridge] Video: 0 unread
2026/5/1 12:43:09 [bridge] Researcher: 0 unread
2026/5/1 12:43:09 [bridge] Analyst: 0 unread
2026/5/1 12:43:10 [bridge] Product: 0 unread
2026/5/1 12:43:10 [bridge] SNS: 0 unread
2026/5/1 12:44:04 [bridge] poll at 2026/5/1 12:44:04
2026/5/1 12:44:05 [bridge] AI-Project: 0 unread
2026/5/1 12:44:06 [bridge] Leader: 1 unread
2026/5/1 12:44:06 [bridge] Designer: 0 unread
2026/5/1 12:44:07 [bridge] Writer: 0 unread
2026/5/1 12:44:07 [bridge] Brunson: 0 unread
2026/5/1 12:44:08 [bridge] LP: 0 unread
2026/5/1 12:44:08 [bridge] Video: 0 unread
2026/5/1 12:44:09 [bridge] Researcher: 0 unread
2026/5/1 12:44:09 [bridge] Analyst: 0 unread
2026/5/1 12:44:10 [bridge] Product: 0 unread
2026/5/1 12:44:11 [bridge] SNS: 0 unread
2026/5/1 12:45:04 [bridge] poll at 2026/5/1 12:45:04
2026/5/1 12:45:05 [bridge] AI-Project: 0 unread
2026/5/1 12:45:05 [bridge] Leader: 1 unread
2026/5/1 12:45:06 [bridge] Designer: 0 unread
2026/5/1 12:45:07 [bridge] Writer: 0 unread
2026/5/1 12:45:07 [bridge] Brunson: 0 unread
2026/5/1 12:45:08 [bridge] LP: 0 unread
2026/5/1 12:45:08 [bridge] Video: 0 unread
2026/5/1 12:45:09 [bridge] Researcher: 0 unread
2026/5/1 12:45:09 [bridge] Analyst: 0 unread
2026/5/1 12:45:10 [bridge] Product: 0 unread
2026/5/1 12:45:10 [bridge] SNS: 0 unread
2026/5/1 12:46:04 [bridge] poll at 2026/5/1 12:46:04
2026/5/1 12:46:05 [bridge] AI-Project: 0 unread
2026/5/1 12:46:05 [bridge] Leader: 1 unread
2026/5/1 12:46:06 [bridge] Designer: 0 unread
2026/5/1 12:46:07 [bridge] Writer: 0 unread
2026/5/1 12:46:07 [bridge] Brunson: 0 unread
2026/5/1 12:46:08 [bridge] LP: 0 unread
2026/5/1 12:46:08 [bridge] Video: 0 unread
2026/5/1 12:46:09 [bridge] Researcher: 0 unread
2026/5/1 12:46:09 [bridge] Analyst: 0 unread
2026/5/1 12:46:10 [bridge] Product: 0 unread
2026/5/1 12:46:10 [bridge] SNS: 0 unread
2026/5/1 12:47:04 [bridge] poll at 2026/5/1 12:47:04
2026/5/1 12:47:05 [bridge] AI-Project: 0 unread
2026/5/1 12:47:05 [bridge] Leader: 1 unread
2026/5/1 12:47:06 [bridge] Designer: 0 unread
2026/5/1 12:47:07 [bridge] Writer: 0 unread
2026/5/1 12:47:07 [bridge] Brunson: 0 unread
2026/5/1 12:47:08 [bridge] LP: 0 unread
2026/5/1 12:47:08 [bridge] Video: 0 unread
2026/5/1 12:47:09 [bridge] Researcher: 0 unread
2026/5/1 12:47:09 [bridge] Analyst: 0 unread
2026/5/1 12:47:10 [bridge] Product: 0 unread
2026/5/1 12:47:10 [bridge] SNS: 0 unread
2026/5/1 12:48:04 [bridge] poll at 2026/5/1 12:48:04
2026/5/1 12:48:06 [bridge] AI-Project: 0 unread
2026/5/1 12:48:07 [bridge] Leader: 1 unread
2026/5/1 12:48:07 [bridge] Designer: 0 unread
2026/5/1 12:48:08 [bridge] Writer: 0 unread
2026/5/1 12:48:09 [bridge] Brunson: 0 unread
2026/5/1 12:48:09 [bridge] LP: 0 unread
2026/5/1 12:48:10 [bridge] Video: 0 unread
2026/5/1 12:48:10 [bridge] Researcher: 0 unread
2026/5/1 12:48:11 [bridge] Analyst: 0 unread
2026/5/1 12:48:11 [bridge] Product: 0 unread
2026/5/1 12:48:12 [bridge] SNS: 0 unread
2026/5/1 12:49:04 [bridge] poll at 2026/5/1 12:49:04
2026/5/1 12:49:05 [bridge] AI-Project: 0 unread
2026/5/1 12:49:05 [bridge] Leader: 1 unread
2026/5/1 12:49:06 [bridge] Designer: 0 unread
2026/5/1 12:49:06 [bridge] Writer: 0 unread
2026/5/1 12:49:07 [bridge] Brunson: 0 unread
2026/5/1 12:49:07 [bridge] LP: 0 unread
2026/5/1 12:49:08 [bridge] Video: 0 unread
2026/5/1 12:49:08 [bridge] Researcher: 0 unread
2026/5/1 12:49:09 [bridge] Analyst: 0 unread
2026/5/1 12:49:09 [bridge] Product: 0 unread
2026/5/1 12:49:10 [bridge] SNS: 0 unread
2026/5/1 12:50:04 [bridge] poll at 2026/5/1 12:50:04
2026/5/1 12:50:05 [bridge] AI-Project: 0 unread
2026/5/1 12:50:06 [bridge] Leader: 1 unread
2026/5/1 12:50:06 [bridge] Designer: 0 unread
2026/5/1 12:50:07 [bridge] Writer: 0 unread
2026/5/1 12:50:07 [bridge] Brunson: 0 unread
2026/5/1 12:50:08 [bridge] LP: 0 unread
2026/5/1 12:50:08 [bridge] Video: 0 unread
2026/5/1 12:50:09 [bridge] Researcher: 0 unread
2026/5/1 12:50:10 [bridge] Analyst: 0 unread
2026/5/1 12:50:10 [bridge] Product: 0 unread
2026/5/1 12:50:11 [bridge] SNS: 0 unread
2026/5/1 12:51:04 [bridge] poll at 2026/5/1 12:51:04
2026/5/1 12:51:05 [bridge] AI-Project: 0 unread
2026/5/1 12:51:05 [bridge] Leader: 1 unread
2026/5/1 12:51:06 [bridge] Designer: 0 unread
2026/5/1 12:51:07 [bridge] Writer: 0 unread
2026/5/1 12:51:07 [bridge] Brunson: 0 unread
2026/5/1 12:51:08 [bridge] LP: 0 unread
2026/5/1 12:51:08 [bridge] Video: 0 unread
2026/5/1 12:51:09 [bridge] Researcher: 0 unread
2026/5/1 12:51:09 [bridge] Analyst: 0 unread
2026/5/1 12:51:10 [bridge] Product: 0 unread
2026/5/1 12:51:10 [bridge] SNS: 0 unread
2026/5/1 12:52:04 [bridge] poll at 2026/5/1 12:52:04
2026/5/1 12:52:05 [bridge] AI-Project: 0 unread
2026/5/1 12:52:06 [bridge] Leader: 1 unread
2026/5/1 12:52:06 [bridge] Designer: 0 unread
2026/5/1 12:52:07 [bridge] Writer: 0 unread
2026/5/1 12:52:07 [bridge] Brunson: 0 unread
2026/5/1 12:52:08 [bridge] LP: 0 unread
2026/5/1 12:52:08 [bridge] Video: 0 unread
2026/5/1 12:52:09 [bridge] Researcher: 0 unread
2026/5/1 12:52:09 [bridge] Analyst: 0 unread
2026/5/1 12:52:10 [bridge] Product: 0 unread
2026/5/1 12:52:10 [bridge] SNS: 0 unread
2026/5/1 12:53:04 [bridge] poll at 2026/5/1 12:53:04
2026/5/1 12:53:05 [bridge] AI-Project: 0 unread
2026/5/1 12:53:06 [bridge] Leader: 1 unread
2026/5/1 12:53:06 [bridge] Designer: 0 unread
2026/5/1 12:53:07 [bridge] Writer: 0 unread
2026/5/1 12:53:07 [bridge] Brunson: 0 unread
2026/5/1 12:53:08 [bridge] LP: 0 unread
2026/5/1 12:53:08 [bridge] Video: 0 unread
2026/5/1 12:53:09 [bridge] Researcher: 0 unread
2026/5/1 12:53:09 [bridge] Analyst: 0 unread
2026/5/1 12:53:10 [bridge] Product: 0 unread
2026/5/1 12:53:10 [bridge] SNS: 0 unread
2026/5/1 12:54:04 [bridge] poll at 2026/5/1 12:54:04
2026/5/1 12:54:06 [bridge] AI-Project: 0 unread
2026/5/1 12:54:06 [bridge] Leader: 1 unread
2026/5/1 12:54:07 [bridge] Designer: 0 unread
2026/5/1 12:54:07 [bridge] Writer: 0 unread
2026/5/1 12:54:08 [bridge] Brunson: 0 unread
2026/5/1 12:54:08 [bridge] LP: 0 unread
2026/5/1 12:54:08 [bridge] Video: 0 unread
2026/5/1 12:54:09 [bridge] Researcher: 0 unread
2026/5/1 12:54:09 [bridge] Analyst: 0 unread
2026/5/1 12:54:10 [bridge] Product: 0 unread
2026/5/1 12:54:10 [bridge] SNS: 0 unread
2026/5/1 12:55:04 [bridge] poll at 2026/5/1 12:55:04
2026/5/1 12:55:05 [bridge] AI-Project: 0 unread
2026/5/1 12:55:05 [bridge] Leader: 1 unread
2026/5/1 12:55:06 [bridge] Designer: 0 unread
2026/5/1 12:55:06 [bridge] Writer: 0 unread
2026/5/1 12:55:07 [bridge] Brunson: 0 unread
2026/5/1 12:55:08 [bridge] LP: 0 unread
2026/5/1 12:55:08 [bridge] Video: 0 unread
2026/5/1 12:55:09 [bridge] Researcher: 0 unread
2026/5/1 12:55:09 [bridge] Analyst: 0 unread
2026/5/1 12:55:10 [bridge] Product: 0 unread
2026/5/1 12:55:10 [bridge] SNS: 0 unread
2026/5/1 12:56:04 [bridge] poll at 2026/5/1 12:56:04
2026/5/1 12:56:05 [bridge] AI-Project: 0 unread
2026/5/1 12:56:05 [bridge] Leader: 1 unread
2026/5/1 12:56:06 [bridge] Designer: 0 unread
2026/5/1 12:56:07 [bridge] Writer: 0 unread
2026/5/1 12:56:07 [bridge] Brunson: 0 unread
2026/5/1 12:56:08 [bridge] LP: 0 unread
2026/5/1 12:56:08 [bridge] Video: 0 unread
2026/5/1 12:56:09 [bridge] Researcher: 0 unread
2026/5/1 12:56:09 [bridge] Analyst: 0 unread
2026/5/1 12:56:10 [bridge] Product: 0 unread
2026/5/1 12:56:10 [bridge] SNS: 0 unread
2026/5/1 12:57:04 [bridge] poll at 2026/5/1 12:57:04
2026/5/1 12:57:05 [bridge] AI-Project: 0 unread
2026/5/1 12:57:05 [bridge] Leader: 1 unread
2026/5/1 12:57:06 [bridge] Designer: 0 unread
2026/5/1 12:57:06 [bridge] Writer: 0 unread
2026/5/1 12:57:07 [bridge] Brunson: 0 unread
2026/5/1 12:57:07 [bridge] LP: 0 unread
2026/5/1 12:57:08 [bridge] Video: 0 unread
2026/5/1 12:57:09 [bridge] Researcher: 0 unread
2026/5/1 12:57:09 [bridge] Analyst: 0 unread
2026/5/1 12:57:10 [bridge] Product: 0 unread
2026/5/1 12:57:10 [bridge] SNS: 0 unread
2026/5/1 12:58:04 [bridge] poll at 2026/5/1 12:58:04
2026/5/1 12:58:05 [bridge] AI-Project: 0 unread
2026/5/1 12:58:05 [bridge] Leader: 1 unread
2026/5/1 12:58:06 [bridge] Designer: 0 unread
2026/5/1 12:58:06 [bridge] Writer: 0 unread
2026/5/1 12:58:07 [bridge] Brunson: 0 unread
2026/5/1 12:58:07 [bridge] LP: 0 unread
2026/5/1 12:58:08 [bridge] Video: 0 unread
2026/5/1 12:58:08 [bridge] Researcher: 0 unread
2026/5/1 12:58:09 [bridge] Analyst: 0 unread
2026/5/1 12:58:09 [bridge] Product: 0 unread
2026/5/1 12:58:09 [bridge] SNS: 0 unread
2026/5/1 12:59:04 [bridge] poll at 2026/5/1 12:59:04
2026/5/1 12:59:05 [bridge] AI-Project: 0 unread
2026/5/1 12:59:06 [bridge] Leader: 1 unread
2026/5/1 12:59:06 [bridge] Designer: 0 unread
2026/5/1 12:59:07 [bridge] Writer: 0 unread
2026/5/1 12:59:08 [bridge] Brunson: 0 unread
2026/5/1 12:59:08 [bridge] LP: 0 unread
2026/5/1 12:59:09 [bridge] Video: 0 unread
2026/5/1 12:59:10 [bridge] Researcher: 0 unread
2026/5/1 12:59:10 [bridge] Analyst: 0 unread
2026/5/1 12:59:11 [bridge] Product: 0 unread
2026/5/1 12:59:11 [bridge] SNS: 0 unread
2026/5/1 13:00:04 [bridge] poll at 2026/5/1 13:00:04
2026/5/1 13:00:07 [bridge] AI-Project: 0 unread
2026/5/1 13:00:07 [bridge] Leader: 1 unread
2026/5/1 13:00:08 [bridge] Designer: 0 unread
2026/5/1 13:00:08 [bridge] Writer: 0 unread
2026/5/1 13:00:09 [bridge] Brunson: 0 unread
2026/5/1 13:00:09 [bridge] LP: 0 unread
2026/5/1 13:00:10 [bridge] Video: 0 unread
2026/5/1 13:00:10 [bridge] Researcher: 0 unread
2026/5/1 13:00:11 [bridge] Analyst: 0 unread
2026/5/1 13:00:11 [bridge] Product: 0 unread
2026/5/1 13:00:12 [bridge] SNS: 0 unread
2026/5/1 13:01:04 [bridge] poll at 2026/5/1 13:01:04
2026/5/1 13:01:05 [bridge] AI-Project: 0 unread
2026/5/1 13:01:06 [bridge] Leader: 1 unread
2026/5/1 13:01:06 [bridge] Designer: 0 unread
2026/5/1 13:01:07 [bridge] Writer: 0 unread
2026/5/1 13:01:07 [bridge] Brunson: 0 unread
2026/5/1 13:01:08 [bridge] LP: 0 unread
2026/5/1 13:01:08 [bridge] Video: 0 unread
2026/5/1 13:01:09 [bridge] Researcher: 0 unread
2026/5/1 13:01:09 [bridge] Analyst: 0 unread
2026/5/1 13:01:10 [bridge] Product: 0 unread
2026/5/1 13:01:10 [bridge] SNS: 0 unread
2026/5/1 13:02:04 [bridge] poll at 2026/5/1 13:02:04
2026/5/1 13:02:05 [bridge] AI-Project: 0 unread
2026/5/1 13:02:06 [bridge] Leader: 1 unread
2026/5/1 13:02:06 [bridge] Designer: 0 unread
2026/5/1 13:02:07 [bridge] Writer: 0 unread
2026/5/1 13:02:07 [bridge] Brunson: 0 unread
2026/5/1 13:02:08 [bridge] LP: 0 unread
2026/5/1 13:02:08 [bridge] Video: 0 unread
2026/5/1 13:02:09 [bridge] Researcher: 0 unread
2026/5/1 13:02:09 [bridge] Analyst: 0 unread
2026/5/1 13:02:10 [bridge] Product: 0 unread
2026/5/1 13:02:10 [bridge] SNS: 0 unread
2026/5/1 13:03:04 [bridge] poll at 2026/5/1 13:03:04
2026/5/1 13:03:05 [bridge] AI-Project: 0 unread
2026/5/1 13:03:05 [bridge] Leader: 1 unread
2026/5/1 13:03:06 [bridge] Designer: 0 unread
2026/5/1 13:03:06 [bridge] Writer: 0 unread
2026/5/1 13:03:07 [bridge] Brunson: 0 unread
2026/5/1 13:03:07 [bridge] LP: 0 unread
2026/5/1 13:03:08 [bridge] Video: 0 unread
2026/5/1 13:03:09 [bridge] Researcher: 0 unread
2026/5/1 13:03:09 [bridge] Analyst: 0 unread
2026/5/1 13:03:10 [bridge] Product: 0 unread
2026/5/1 13:03:10 [bridge] SNS: 0 unread
2026/5/1 13:04:04 [bridge] poll at 2026/5/1 13:04:04
2026/5/1 13:04:05 [bridge] AI-Project: 0 unread
2026/5/1 13:04:06 [bridge] Leader: 1 unread
2026/5/1 13:04:06 [bridge] Designer: 0 unread
2026/5/1 13:04:07 [bridge] Writer: 0 unread
2026/5/1 13:04:07 [bridge] Brunson: 0 unread
2026/5/1 13:04:08 [bridge] LP: 0 unread
2026/5/1 13:04:08 [bridge] Video: 0 unread
2026/5/1 13:04:09 [bridge] Researcher: 0 unread
2026/5/1 13:04:09 [bridge] Analyst: 0 unread
2026/5/1 13:04:10 [bridge] Product: 0 unread
2026/5/1 13:04:10 [bridge] SNS: 0 unread
2026/5/1 13:05:04 [bridge] poll at 2026/5/1 13:05:04
2026/5/1 13:05:05 [bridge] AI-Project: 0 unread
2026/5/1 13:05:05 [bridge] Leader: 1 unread
2026/5/1 13:05:06 [bridge] Designer: 0 unread
2026/5/1 13:05:07 [bridge] Writer: 0 unread
2026/5/1 13:05:07 [bridge] Brunson: 0 unread
2026/5/1 13:05:08 [bridge] LP: 0 unread
2026/5/1 13:05:08 [bridge] Video: 0 unread
2026/5/1 13:05:09 [bridge] Researcher: 0 unread
2026/5/1 13:05:09 [bridge] Analyst: 0 unread
2026/5/1 13:05:10 [bridge] Product: 0 unread
2026/5/1 13:05:10 [bridge] SNS: 0 unread
2026/5/1 13:06:04 [bridge] poll at 2026/5/1 13:06:04
2026/5/1 13:06:06 [bridge] AI-Project: 0 unread
2026/5/1 13:06:07 [bridge] Leader: 1 unread
2026/5/1 13:06:07 [bridge] Designer: 0 unread
2026/5/1 13:06:08 [bridge] Writer: 0 unread
2026/5/1 13:06:08 [bridge] Brunson: 0 unread
2026/5/1 13:06:09 [bridge] LP: 0 unread
2026/5/1 13:06:09 [bridge] Video: 0 unread
2026/5/1 13:06:10 [bridge] Researcher: 0 unread
2026/5/1 13:06:10 [bridge] Analyst: 0 unread
2026/5/1 13:06:11 [bridge] Product: 0 unread
2026/5/1 13:06:11 [bridge] SNS: 0 unread
2026/5/1 13:07:04 [bridge] poll at 2026/5/1 13:07:04
2026/5/1 13:07:05 [bridge] AI-Project: 0 unread
2026/5/1 13:07:06 [bridge] Leader: 1 unread
2026/5/1 13:07:06 [bridge] Designer: 0 unread
2026/5/1 13:07:07 [bridge] Writer: 0 unread
2026/5/1 13:07:07 [bridge] Brunson: 0 unread
2026/5/1 13:07:08 [bridge] LP: 0 unread
2026/5/1 13:07:08 [bridge] Video: 0 unread
2026/5/1 13:07:09 [bridge] Researcher: 0 unread
2026/5/1 13:07:09 [bridge] Analyst: 0 unread
2026/5/1 13:07:10 [bridge] Product: 0 unread
2026/5/1 13:07:10 [bridge] SNS: 0 unread
2026/5/1 13:08:04 [bridge] poll at 2026/5/1 13:08:04
2026/5/1 13:08:05 [bridge] AI-Project: 0 unread
2026/5/1 13:08:06 [bridge] Leader: 1 unread
2026/5/1 13:08:06 [bridge] Designer: 0 unread
2026/5/1 13:08:07 [bridge] Writer: 0 unread
2026/5/1 13:08:07 [bridge] Brunson: 0 unread
2026/5/1 13:08:08 [bridge] LP: 0 unread
2026/5/1 13:08:08 [bridge] Video: 0 unread
2026/5/1 13:08:09 [bridge] Researcher: 0 unread
2026/5/1 13:08:09 [bridge] Analyst: 0 unread
2026/5/1 13:08:10 [bridge] Product: 0 unread
2026/5/1 13:08:10 [bridge] SNS: 0 unread
2026/5/1 13:09:04 [bridge] poll at 2026/5/1 13:09:04
2026/5/1 13:09:05 [bridge] AI-Project: 0 unread
2026/5/1 13:09:06 [bridge] Leader: 1 unread
2026/5/1 13:09:06 [bridge] Designer: 0 unread
2026/5/1 13:09:07 [bridge] Writer: 0 unread
2026/5/1 13:09:07 [bridge] Brunson: 0 unread
2026/5/1 13:09:08 [bridge] LP: 0 unread
2026/5/1 13:09:08 [bridge] Video: 0 unread
2026/5/1 13:09:09 [bridge] Researcher: 0 unread
2026/5/1 13:09:09 [bridge] Analyst: 0 unread
2026/5/1 13:09:10 [bridge] Product: 0 unread
2026/5/1 13:09:10 [bridge] SNS: 0 unread
2026/5/1 13:10:04 [bridge] poll at 2026/5/1 13:10:04
2026/5/1 13:10:05 [bridge] AI-Project: 0 unread
2026/5/1 13:10:05 [bridge] Leader: 1 unread
2026/5/1 13:10:06 [bridge] Designer: 0 unread
2026/5/1 13:10:06 [bridge] Writer: 0 unread
2026/5/1 13:10:07 [bridge] Brunson: 0 unread
2026/5/1 13:10:07 [bridge] LP: 0 unread
2026/5/1 13:10:08 [bridge] Video: 0 unread
2026/5/1 13:10:08 [bridge] Researcher: 0 unread
2026/5/1 13:10:09 [bridge] Analyst: 0 unread
2026/5/1 13:10:09 [bridge] Product: 0 unread
2026/5/1 13:10:10 [bridge] SNS: 0 unread
2026/5/1 13:11:04 [bridge] poll at 2026/5/1 13:11:04
2026/5/1 13:11:05 [bridge] AI-Project: 0 unread
2026/5/1 13:11:06 [bridge] Leader: 1 unread
2026/5/1 13:11:06 [bridge] Designer: 0 unread
2026/5/1 13:11:07 [bridge] Writer: 0 unread
2026/5/1 13:11:07 [bridge] Brunson: 0 unread
2026/5/1 13:11:08 [bridge] LP: 0 unread
2026/5/1 13:11:08 [bridge] Video: 0 unread
2026/5/1 13:11:09 [bridge] Researcher: 0 unread
2026/5/1 13:11:09 [bridge] Analyst: 0 unread
2026/5/1 13:11:10 [bridge] Product: 0 unread
2026/5/1 13:11:10 [bridge] SNS: 0 unread
2026/5/1 13:12:04 [bridge] poll at 2026/5/1 13:12:04
2026/5/1 13:12:06 [bridge] AI-Project: 0 unread
2026/5/1 13:12:06 [bridge] Leader: 1 unread
2026/5/1 13:12:07 [bridge] Designer: 0 unread
2026/5/1 13:12:07 [bridge] Writer: 0 unread
2026/5/1 13:12:08 [bridge] Brunson: 0 unread
2026/5/1 13:12:08 [bridge] LP: 0 unread
2026/5/1 13:12:09 [bridge] Video: 0 unread
2026/5/1 13:12:09 [bridge] Researcher: 0 unread
2026/5/1 13:12:10 [bridge] Analyst: 0 unread
2026/5/1 13:12:10 [bridge] Product: 0 unread
2026/5/1 13:12:11 [bridge] SNS: 0 unread
2026/5/1 13:13:04 [bridge] poll at 2026/5/1 13:13:04
2026/5/1 13:13:05 [bridge] AI-Project: 0 unread
2026/5/1 13:13:05 [bridge] Leader: 1 unread
2026/5/1 13:13:06 [bridge] Designer: 0 unread
2026/5/1 13:13:06 [bridge] Writer: 0 unread
2026/5/1 13:13:07 [bridge] Brunson: 0 unread
2026/5/1 13:13:07 [bridge] LP: 0 unread
2026/5/1 13:13:07 [bridge] Video: 0 unread
2026/5/1 13:13:08 [bridge] Researcher: 0 unread
2026/5/1 13:13:08 [bridge] Analyst: 0 unread
2026/5/1 13:13:09 [bridge] Product: 0 unread
2026/5/1 13:13:09 [bridge] SNS: 0 unread
2026/5/1 13:14:04 [bridge] poll at 2026/5/1 13:14:04
2026/5/1 13:14:05 [bridge] AI-Project: 0 unread
2026/5/1 13:14:06 [bridge] Leader: 1 unread
2026/5/1 13:14:06 [bridge] Designer: 0 unread
2026/5/1 13:14:07 [bridge] Writer: 0 unread
2026/5/1 13:14:07 [bridge] Brunson: 0 unread
2026/5/1 13:14:08 [bridge] LP: 0 unread
2026/5/1 13:14:08 [bridge] Video: 0 unread
2026/5/1 13:14:09 [bridge] Researcher: 0 unread
2026/5/1 13:14:09 [bridge] Analyst: 0 unread
2026/5/1 13:14:10 [bridge] Product: 0 unread
2026/5/1 13:14:10 [bridge] SNS: 0 unread
2026/5/1 13:15:04 [bridge] poll at 2026/5/1 13:15:04
2026/5/1 13:15:05 [bridge] AI-Project: 0 unread
2026/5/1 13:15:06 [bridge] Leader: 1 unread
2026/5/1 13:15:06 [bridge] Designer: 0 unread
2026/5/1 13:15:07 [bridge] Writer: 0 unread
2026/5/1 13:15:07 [bridge] Brunson: 0 unread
2026/5/1 13:15:08 [bridge] LP: 0 unread
2026/5/1 13:15:08 [bridge] Video: 0 unread
2026/5/1 13:15:09 [bridge] Researcher: 0 unread
2026/5/1 13:15:09 [bridge] Analyst: 0 unread
2026/5/1 13:15:10 [bridge] Product: 0 unread
2026/5/1 13:15:10 [bridge] SNS: 0 unread
2026/5/1 13:16:04 [bridge] poll at 2026/5/1 13:16:04
2026/5/1 13:16:05 [bridge] AI-Project: 0 unread
2026/5/1 13:16:06 [bridge] Leader: 1 unread
2026/5/1 13:16:06 [bridge] Designer: 0 unread
2026/5/1 13:16:07 [bridge] Writer: 0 unread
2026/5/1 13:16:07 [bridge] Brunson: 0 unread
2026/5/1 13:16:08 [bridge] LP: 0 unread
2026/5/1 13:16:08 [bridge] Video: 0 unread
2026/5/1 13:16:09 [bridge] Researcher: 0 unread
2026/5/1 13:16:09 [bridge] Analyst: 0 unread
2026/5/1 13:16:10 [bridge] Product: 0 unread
2026/5/1 13:16:10 [bridge] SNS: 0 unread
2026/5/1 13:17:04 [bridge] poll at 2026/5/1 13:17:04
2026/5/1 13:17:05 [bridge] AI-Project: 0 unread
2026/5/1 13:17:05 [bridge] Leader: 1 unread
2026/5/1 13:17:06 [bridge] Designer: 0 unread
2026/5/1 13:17:06 [bridge] Writer: 0 unread
2026/5/1 13:17:07 [bridge] Brunson: 0 unread
2026/5/1 13:17:07 [bridge] LP: 0 unread
2026/5/1 13:17:08 [bridge] Video: 0 unread
2026/5/1 13:17:08 [bridge] Researcher: 0 unread
2026/5/1 13:17:09 [bridge] Analyst: 0 unread
2026/5/1 13:17:09 [bridge] Product: 0 unread
2026/5/1 13:17:10 [bridge] SNS: 0 unread
2026/5/1 13:18:04 [bridge] poll at 2026/5/1 13:18:04
2026/5/1 13:18:06 [bridge] AI-Project: 0 unread
2026/5/1 13:18:07 [bridge] Leader: 1 unread
2026/5/1 13:18:07 [bridge] Designer: 0 unread
2026/5/1 13:18:08 [bridge] Writer: 0 unread
2026/5/1 13:18:08 [bridge] Brunson: 0 unread
2026/5/1 13:18:09 [bridge] LP: 0 unread
2026/5/1 13:18:09 [bridge] Video: 0 unread
2026/5/1 13:18:10 [bridge] Researcher: 0 unread
2026/5/1 13:18:10 [bridge] Analyst: 0 unread
2026/5/1 13:18:11 [bridge] Product: 0 unread
2026/5/1 13:18:11 [bridge] SNS: 0 unread
2026/5/1 13:19:04 [bridge] poll at 2026/5/1 13:19:04
2026/5/1 13:19:05 [bridge] AI-Project: 0 unread
2026/5/1 13:19:06 [bridge] Leader: 1 unread
2026/5/1 13:19:06 [bridge] Designer: 0 unread
2026/5/1 13:19:07 [bridge] Writer: 0 unread
2026/5/1 13:19:07 [bridge] Brunson: 0 unread
2026/5/1 13:19:08 [bridge] LP: 0 unread
2026/5/1 13:19:08 [bridge] Video: 0 unread
2026/5/1 13:19:09 [bridge] Researcher: 0 unread
2026/5/1 13:19:09 [bridge] Analyst: 0 unread
2026/5/1 13:19:10 [bridge] Product: 0 unread
2026/5/1 13:19:10 [bridge] SNS: 0 unread
2026/5/1 13:20:04 [bridge] poll at 2026/5/1 13:20:04
2026/5/1 13:20:05 [bridge] AI-Project: 0 unread
2026/5/1 13:20:06 [bridge] Leader: 1 unread
2026/5/1 13:20:06 [bridge] Designer: 0 unread
2026/5/1 13:20:07 [bridge] Writer: 0 unread
2026/5/1 13:20:07 [bridge] Brunson: 0 unread
2026/5/1 13:20:08 [bridge] LP: 0 unread
2026/5/1 13:20:08 [bridge] Video: 0 unread
2026/5/1 13:20:09 [bridge] Researcher: 0 unread
2026/5/1 13:20:09 [bridge] Analyst: 0 unread
2026/5/1 13:20:10 [bridge] Product: 0 unread
2026/5/1 13:20:10 [bridge] SNS: 0 unread
2026/5/1 13:21:04 [bridge] poll at 2026/5/1 13:21:04
2026/5/1 13:21:05 [bridge] AI-Project: 0 unread
2026/5/1 13:21:06 [bridge] Leader: 1 unread
2026/5/1 13:21:06 [bridge] Designer: 0 unread
2026/5/1 13:21:06 [bridge] Writer: 0 unread
2026/5/1 13:21:07 [bridge] Brunson: 0 unread
2026/5/1 13:21:07 [bridge] LP: 0 unread
2026/5/1 13:21:08 [bridge] Video: 0 unread
2026/5/1 13:21:08 [bridge] Researcher: 0 unread
2026/5/1 13:21:09 [bridge] Analyst: 0 unread
2026/5/1 13:21:09 [bridge] Product: 0 unread
2026/5/1 13:21:10 [bridge] SNS: 0 unread
2026/5/1 13:22:04 [bridge] poll at 2026/5/1 13:22:04
2026/5/1 13:22:05 [bridge] AI-Project: 0 unread
2026/5/1 13:22:05 [bridge] Leader: 1 unread
2026/5/1 13:22:06 [bridge] Designer: 0 unread
2026/5/1 13:22:06 [bridge] Writer: 0 unread
2026/5/1 13:22:07 [bridge] Brunson: 0 unread
2026/5/1 13:22:07 [bridge] LP: 0 unread
2026/5/1 13:22:08 [bridge] Video: 0 unread
2026/5/1 13:22:08 [bridge] Researcher: 0 unread
2026/5/1 13:22:09 [bridge] Analyst: 0 unread
2026/5/1 13:22:09 [bridge] Product: 0 unread
2026/5/1 13:22:09 [bridge] SNS: 0 unread
2026/5/1 13:23:04 [bridge] poll at 2026/5/1 13:23:04
2026/5/1 13:23:05 [bridge] AI-Project: 0 unread
2026/5/1 13:23:06 [bridge] Leader: 1 unread
2026/5/1 13:23:06 [bridge] Designer: 0 unread
2026/5/1 13:23:07 [bridge] Writer: 0 unread
2026/5/1 13:23:07 [bridge] Brunson: 0 unread
2026/5/1 13:23:08 [bridge] LP: 0 unread
2026/5/1 13:23:08 [bridge] Video: 0 unread
2026/5/1 13:23:09 [bridge] Researcher: 0 unread
2026/5/1 13:23:09 [bridge] Analyst: 0 unread
2026/5/1 13:23:10 [bridge] Product: 0 unread
2026/5/1 13:23:10 [bridge] SNS: 0 unread
2026/5/1 13:24:04 [bridge] poll at 2026/5/1 13:24:04
2026/5/1 13:24:06 [bridge] AI-Project: 0 unread
2026/5/1 13:24:07 [bridge] Leader: 1 unread
2026/5/1 13:24:07 [bridge] Designer: 0 unread
2026/5/1 13:24:08 [bridge] Writer: 0 unread
2026/5/1 13:24:08 [bridge] Brunson: 0 unread
2026/5/1 13:24:09 [bridge] LP: 0 unread
2026/5/1 13:24:09 [bridge] Video: 0 unread
2026/5/1 13:24:10 [bridge] Researcher: 0 unread
2026/5/1 13:24:10 [bridge] Analyst: 0 unread
2026/5/1 13:24:11 [bridge] Product: 0 unread
2026/5/1 13:24:11 [bridge] SNS: 0 unread
2026/5/1 13:25:04 [bridge] poll at 2026/5/1 13:25:04
2026/5/1 13:25:05 [bridge] AI-Project: 0 unread
2026/5/1 13:25:06 [bridge] Leader: 1 unread
2026/5/1 13:25:06 [bridge] Designer: 0 unread
2026/5/1 13:25:07 [bridge] Writer: 0 unread
2026/5/1 13:25:07 [bridge] Brunson: 0 unread
2026/5/1 13:25:08 [bridge] LP: 0 unread
2026/5/1 13:25:08 [bridge] Video: 0 unread
2026/5/1 13:25:09 [bridge] Researcher: 0 unread
2026/5/1 13:25:09 [bridge] Analyst: 0 unread
2026/5/1 13:25:10 [bridge] Product: 0 unread
2026/5/1 13:25:10 [bridge] SNS: 0 unread
2026/5/1 13:26:04 [bridge] poll at 2026/5/1 13:26:04
2026/5/1 13:26:05 [bridge] AI-Project: 0 unread
2026/5/1 13:26:06 [bridge] Leader: 1 unread
2026/5/1 13:26:06 [bridge] Designer: 0 unread
2026/5/1 13:26:07 [bridge] Writer: 0 unread
2026/5/1 13:26:07 [bridge] Brunson: 0 unread
2026/5/1 13:26:08 [bridge] LP: 0 unread
2026/5/1 13:26:08 [bridge] Video: 0 unread
2026/5/1 13:26:09 [bridge] Researcher: 0 unread
2026/5/1 13:26:09 [bridge] Analyst: 0 unread
2026/5/1 13:26:10 [bridge] Product: 0 unread
2026/5/1 13:26:10 [bridge] SNS: 0 unread
2026/5/1 13:27:04 [bridge] poll at 2026/5/1 13:27:04
2026/5/1 13:27:05 [bridge] AI-Project: 0 unread
2026/5/1 13:27:06 [bridge] Leader: 1 unread
2026/5/1 13:27:06 [bridge] Designer: 0 unread
2026/5/1 13:27:07 [bridge] Writer: 0 unread
2026/5/1 13:27:07 [bridge] Brunson: 0 unread
2026/5/1 13:27:08 [bridge] LP: 0 unread
2026/5/1 13:27:08 [bridge] Video: 0 unread
2026/5/1 13:27:09 [bridge] Researcher: 0 unread
2026/5/1 13:27:09 [bridge] Analyst: 0 unread
2026/5/1 13:27:10 [bridge] Product: 0 unread
2026/5/1 13:27:10 [bridge] SNS: 0 unread
2026/5/1 13:28:04 [bridge] poll at 2026/5/1 13:28:04
2026/5/1 13:28:05 [bridge] AI-Project: 0 unread
2026/5/1 13:28:06 [bridge] Leader: 1 unread
2026/5/1 13:28:06 [bridge] Designer: 0 unread
2026/5/1 13:28:07 [bridge] Writer: 0 unread
2026/5/1 13:28:07 [bridge] Brunson: 0 unread
2026/5/1 13:28:08 [bridge] LP: 0 unread
2026/5/1 13:28:08 [bridge] Video: 0 unread
2026/5/1 13:28:09 [bridge] Researcher: 0 unread
2026/5/1 13:28:09 [bridge] Analyst: 0 unread
2026/5/1 13:28:10 [bridge] Product: 0 unread
2026/5/1 13:28:10 [bridge] SNS: 0 unread
2026/5/1 13:29:04 [bridge] poll at 2026/5/1 13:29:04
2026/5/1 13:29:05 [bridge] AI-Project: 0 unread
2026/5/1 13:29:06 [bridge] Leader: 1 unread
2026/5/1 13:29:06 [bridge] Designer: 0 unread
2026/5/1 13:29:07 [bridge] Writer: 0 unread
2026/5/1 13:29:07 [bridge] Brunson: 0 unread
2026/5/1 13:29:08 [bridge] LP: 0 unread
2026/5/1 13:29:08 [bridge] Video: 0 unread
2026/5/1 13:29:09 [bridge] Researcher: 0 unread
2026/5/1 13:29:09 [bridge] Analyst: 0 unread
2026/5/1 13:29:10 [bridge] Product: 0 unread
2026/5/1 13:29:10 [bridge] SNS: 0 unread
2026/5/1 13:30:04 [bridge] poll at 2026/5/1 13:30:04
2026/5/1 13:30:06 [bridge] AI-Project: 0 unread
2026/5/1 13:30:07 [bridge] Leader: 1 unread
2026/5/1 13:30:07 [bridge] Designer: 0 unread
2026/5/1 13:30:08 [bridge] Writer: 0 unread
2026/5/1 13:30:08 [bridge] Brunson: 0 unread
2026/5/1 13:30:09 [bridge] LP: 0 unread
2026/5/1 13:30:09 [bridge] Video: 0 unread
2026/5/1 13:30:10 [bridge] Researcher: 0 unread
2026/5/1 13:30:10 [bridge] Analyst: 0 unread
2026/5/1 13:30:11 [bridge] Product: 0 unread
2026/5/1 13:30:11 [bridge] SNS: 0 unread
2026/5/1 13:31:04 [bridge] poll at 2026/5/1 13:31:04
2026/5/1 13:31:05 [bridge] AI-Project: 0 unread
2026/5/1 13:31:05 [bridge] Leader: 1 unread
2026/5/1 13:31:06 [bridge] Designer: 0 unread
2026/5/1 13:31:06 [bridge] Writer: 0 unread
2026/5/1 13:31:07 [bridge] Brunson: 0 unread
2026/5/1 13:31:07 [bridge] LP: 0 unread
2026/5/1 13:31:08 [bridge] Video: 0 unread
2026/5/1 13:31:08 [bridge] Researcher: 0 unread
2026/5/1 13:31:09 [bridge] Analyst: 0 unread
2026/5/1 13:31:09 [bridge] Product: 0 unread
2026/5/1 13:31:09 [bridge] SNS: 0 unread
2026/5/1 13:32:04 [bridge] poll at 2026/5/1 13:32:04
2026/5/1 13:32:05 [bridge] AI-Project: 0 unread
2026/5/1 13:32:06 [bridge] Leader: 1 unread
2026/5/1 13:32:06 [bridge] Designer: 0 unread
2026/5/1 13:32:06 [bridge] Writer: 0 unread
2026/5/1 13:32:07 [bridge] Brunson: 0 unread
2026/5/1 13:32:07 [bridge] LP: 0 unread
2026/5/1 13:32:08 [bridge] Video: 0 unread
2026/5/1 13:32:08 [bridge] Researcher: 0 unread
2026/5/1 13:32:09 [bridge] Analyst: 0 unread
2026/5/1 13:32:09 [bridge] Product: 0 unread
2026/5/1 13:32:09 [bridge] SNS: 0 unread
2026/5/1 13:33:04 [bridge] poll at 2026/5/1 13:33:04
2026/5/1 13:33:05 [bridge] AI-Project: 0 unread
2026/5/1 13:33:06 [bridge] Leader: 1 unread
2026/5/1 13:33:06 [bridge] Designer: 0 unread
2026/5/1 13:33:07 [bridge] Writer: 0 unread
2026/5/1 13:33:07 [bridge] Brunson: 0 unread
2026/5/1 13:33:08 [bridge] LP: 0 unread
2026/5/1 13:33:08 [bridge] Video: 0 unread
2026/5/1 13:33:09 [bridge] Researcher: 0 unread
2026/5/1 13:33:09 [bridge] Analyst: 0 unread
2026/5/1 13:33:10 [bridge] Product: 0 unread
2026/5/1 13:33:10 [bridge] SNS: 0 unread
2026/5/1 13:34:04 [bridge] poll at 2026/5/1 13:34:04
2026/5/1 13:34:05 [bridge] AI-Project: 0 unread
2026/5/1 13:34:06 [bridge] Leader: 1 unread
2026/5/1 13:34:06 [bridge] Designer: 0 unread
2026/5/1 13:34:07 [bridge] Writer: 0 unread
2026/5/1 13:34:07 [bridge] Brunson: 0 unread
2026/5/1 13:34:08 [bridge] LP: 0 unread
2026/5/1 13:34:08 [bridge] Video: 0 unread
2026/5/1 13:34:09 [bridge] Researcher: 0 unread
2026/5/1 13:34:09 [bridge] Analyst: 0 unread
2026/5/1 13:34:10 [bridge] Product: 0 unread
2026/5/1 13:34:10 [bridge] SNS: 0 unread
2026/5/1 13:35:04 [bridge] poll at 2026/5/1 13:35:04
2026/5/1 13:35:05 [bridge] AI-Project: 0 unread
2026/5/1 13:35:06 [bridge] Leader: 1 unread
2026/5/1 13:35:06 [bridge] Designer: 0 unread
2026/5/1 13:35:07 [bridge] Writer: 0 unread
2026/5/1 13:35:07 [bridge] Brunson: 0 unread
2026/5/1 13:35:08 [bridge] LP: 0 unread
2026/5/1 13:35:08 [bridge] Video: 0 unread
2026/5/1 13:35:08 [bridge] Researcher: 0 unread
2026/5/1 13:35:09 [bridge] Analyst: 0 unread
2026/5/1 13:35:09 [bridge] Product: 0 unread
2026/5/1 13:35:10 [bridge] SNS: 0 unread
2026/5/1 13:36:04 [bridge] poll at 2026/5/1 13:36:04
2026/5/1 13:36:06 [bridge] AI-Project: 0 unread
2026/5/1 13:36:07 [bridge] Leader: 1 unread
2026/5/1 13:36:08 [bridge] Designer: 0 unread
2026/5/1 13:36:08 [bridge] Writer: 0 unread
2026/5/1 13:36:09 [bridge] Brunson: 0 unread
2026/5/1 13:36:09 [bridge] LP: 0 unread
2026/5/1 13:36:10 [bridge] Video: 0 unread
2026/5/1 13:36:10 [bridge] Researcher: 0 unread
2026/5/1 13:36:11 [bridge] Analyst: 0 unread
2026/5/1 13:36:11 [bridge] Product: 0 unread
2026/5/1 13:36:12 [bridge] SNS: 0 unread
2026/5/1 13:37:04 [bridge] poll at 2026/5/1 13:37:04
2026/5/1 13:37:05 [bridge] AI-Project: 0 unread
2026/5/1 13:37:06 [bridge] Leader: 1 unread
2026/5/1 13:37:06 [bridge] Designer: 0 unread
2026/5/1 13:37:07 [bridge] Writer: 0 unread
2026/5/1 13:37:07 [bridge] Brunson: 0 unread
2026/5/1 13:37:08 [bridge] LP: 0 unread
2026/5/1 13:37:08 [bridge] Video: 0 unread
2026/5/1 13:37:09 [bridge] Researcher: 0 unread
2026/5/1 13:37:09 [bridge] Analyst: 0 unread
2026/5/1 13:37:10 [bridge] Product: 0 unread
2026/5/1 13:37:10 [bridge] SNS: 0 unread
2026/5/1 13:38:04 [bridge] poll at 2026/5/1 13:38:04
2026/5/1 13:38:05 [bridge] AI-Project: 0 unread
2026/5/1 13:38:06 [bridge] Leader: 1 unread
2026/5/1 13:38:06 [bridge] Designer: 0 unread
2026/5/1 13:38:07 [bridge] Writer: 0 unread
2026/5/1 13:38:07 [bridge] Brunson: 0 unread
2026/5/1 13:38:08 [bridge] LP: 0 unread
2026/5/1 13:38:08 [bridge] Video: 0 unread
2026/5/1 13:38:09 [bridge] Researcher: 0 unread
2026/5/1 13:38:09 [bridge] Analyst: 0 unread
2026/5/1 13:38:10 [bridge] Product: 0 unread
2026/5/1 13:38:10 [bridge] SNS: 0 unread
2026/5/1 13:39:04 [bridge] poll at 2026/5/1 13:39:04
2026/5/1 13:39:05 [bridge] AI-Project: 0 unread
2026/5/1 13:39:06 [bridge] Leader: 1 unread
2026/5/1 13:39:06 [bridge] Designer: 0 unread
2026/5/1 13:39:07 [bridge] Writer: 0 unread
2026/5/1 13:39:07 [bridge] Brunson: 0 unread
2026/5/1 13:39:08 [bridge] LP: 0 unread
2026/5/1 13:39:08 [bridge] Video: 0 unread
2026/5/1 13:39:09 [bridge] Researcher: 0 unread
2026/5/1 13:39:09 [bridge] Analyst: 0 unread
2026/5/1 13:39:10 [bridge] Product: 0 unread
2026/5/1 13:39:10 [bridge] SNS: 0 unread
2026/5/1 13:40:04 [bridge] poll at 2026/5/1 13:40:04
2026/5/1 13:40:05 [bridge] AI-Project: 0 unread
2026/5/1 13:40:06 [bridge] Leader: 1 unread
2026/5/1 13:40:06 [bridge] Designer: 0 unread
2026/5/1 13:40:06 [bridge] Writer: 0 unread
2026/5/1 13:40:07 [bridge] Brunson: 0 unread
2026/5/1 13:40:07 [bridge] LP: 0 unread
2026/5/1 13:40:08 [bridge] Video: 0 unread
2026/5/1 13:40:08 [bridge] Researcher: 0 unread
2026/5/1 13:40:09 [bridge] Analyst: 0 unread
2026/5/1 13:40:09 [bridge] Product: 0 unread
2026/5/1 13:40:09 [bridge] SNS: 0 unread
2026/5/1 13:41:04 [bridge] poll at 2026/5/1 13:41:04
2026/5/1 13:41:05 [bridge] AI-Project: 0 unread
2026/5/1 13:41:06 [bridge] Leader: 1 unread
2026/5/1 13:41:06 [bridge] Designer: 0 unread
2026/5/1 13:41:07 [bridge] Writer: 0 unread
2026/5/1 13:41:07 [bridge] Brunson: 0 unread
2026/5/1 13:41:08 [bridge] LP: 0 unread
2026/5/1 13:41:08 [bridge] Video: 0 unread
2026/5/1 13:41:09 [bridge] Researcher: 0 unread
2026/5/1 13:41:09 [bridge] Analyst: 0 unread
2026/5/1 13:41:10 [bridge] Product: 0 unread
2026/5/1 13:41:10 [bridge] SNS: 0 unread
2026/5/1 13:42:04 [bridge] poll at 2026/5/1 13:42:04
2026/5/1 13:42:06 [bridge] AI-Project: 0 unread
2026/5/1 13:42:07 [bridge] Leader: 1 unread
2026/5/1 13:42:07 [bridge] Designer: 0 unread
2026/5/1 13:42:08 [bridge] Writer: 0 unread
2026/5/1 13:42:08 [bridge] Brunson: 0 unread
2026/5/1 13:42:09 [bridge] LP: 0 unread
2026/5/1 13:42:09 [bridge] Video: 0 unread
2026/5/1 13:42:10 [bridge] Researcher: 0 unread
2026/5/1 13:42:10 [bridge] Analyst: 0 unread
2026/5/1 13:42:11 [bridge] Product: 0 unread
2026/5/1 13:42:11 [bridge] SNS: 0 unread
2026/5/1 13:43:04 [bridge] poll at 2026/5/1 13:43:04
2026/5/1 13:43:05 [bridge] AI-Project: 0 unread
2026/5/1 13:43:06 [bridge] Leader: 1 unread
2026/5/1 13:43:06 [bridge] Designer: 0 unread
2026/5/1 13:43:07 [bridge] Writer: 0 unread
2026/5/1 13:43:07 [bridge] Brunson: 0 unread
2026/5/1 13:43:08 [bridge] LP: 0 unread
2026/5/1 13:43:08 [bridge] Video: 0 unread
2026/5/1 13:43:09 [bridge] Researcher: 0 unread
2026/5/1 13:43:09 [bridge] Analyst: 0 unread
2026/5/1 13:43:10 [bridge] Product: 0 unread
2026/5/1 13:43:10 [bridge] SNS: 0 unread
2026/5/1 13:44:04 [bridge] poll at 2026/5/1 13:44:04
2026/5/1 13:44:05 [bridge] AI-Project: 0 unread
2026/5/1 13:44:06 [bridge] Leader: 1 unread
2026/5/1 13:44:07 [bridge] Designer: 0 unread
2026/5/1 13:44:07 [bridge] Writer: 0 unread
2026/5/1 13:44:08 [bridge] Brunson: 0 unread
2026/5/1 13:44:08 [bridge] LP: 0 unread
2026/5/1 13:44:09 [bridge] Video: 0 unread
2026/5/1 13:44:09 [bridge] Researcher: 0 unread
2026/5/1 13:44:10 [bridge] Analyst: 0 unread
2026/5/1 13:44:10 [bridge] Product: 0 unread
2026/5/1 13:44:11 [bridge] SNS: 0 unread
2026/5/1 13:45:04 [bridge] poll at 2026/5/1 13:45:04
2026/5/1 13:45:05 [bridge] AI-Project: 0 unread
2026/5/1 13:45:06 [bridge] Leader: 1 unread
2026/5/1 13:45:06 [bridge] Designer: 0 unread
2026/5/1 13:45:07 [bridge] Writer: 0 unread
2026/5/1 13:45:07 [bridge] Brunson: 0 unread
2026/5/1 13:45:08 [bridge] LP: 0 unread
2026/5/1 13:45:08 [bridge] Video: 0 unread
2026/5/1 13:45:09 [bridge] Researcher: 0 unread
2026/5/1 13:45:09 [bridge] Analyst: 0 unread
2026/5/1 13:45:10 [bridge] Product: 0 unread
2026/5/1 13:45:10 [bridge] SNS: 0 unread
2026/5/1 13:46:04 [bridge] poll at 2026/5/1 13:46:04
2026/5/1 13:46:05 [bridge] AI-Project: 0 unread
2026/5/1 13:46:06 [bridge] Leader: 1 unread
2026/5/1 13:46:06 [bridge] Designer: 0 unread
2026/5/1 13:46:07 [bridge] Writer: 0 unread
2026/5/1 13:46:07 [bridge] Brunson: 0 unread
2026/5/1 13:46:07 [bridge] LP: 0 unread
2026/5/1 13:46:08 [bridge] Video: 0 unread
2026/5/1 13:46:08 [bridge] Researcher: 0 unread
2026/5/1 13:46:09 [bridge] Analyst: 0 unread
2026/5/1 13:46:09 [bridge] Product: 0 unread
2026/5/1 13:46:10 [bridge] SNS: 0 unread
2026/5/1 13:47:04 [bridge] poll at 2026/5/1 13:47:04
2026/5/1 13:47:05 [bridge] AI-Project: 0 unread
2026/5/1 13:47:06 [bridge] Leader: 1 unread
2026/5/1 13:47:06 [bridge] Designer: 0 unread
2026/5/1 13:47:07 [bridge] Writer: 0 unread
2026/5/1 13:47:07 [bridge] Brunson: 0 unread
2026/5/1 13:47:08 [bridge] LP: 0 unread
2026/5/1 13:47:08 [bridge] Video: 0 unread
2026/5/1 13:47:09 [bridge] Researcher: 0 unread
2026/5/1 13:47:09 [bridge] Analyst: 0 unread
2026/5/1 13:47:10 [bridge] Product: 0 unread
2026/5/1 13:47:10 [bridge] SNS: 0 unread
2026/5/1 13:48:04 [bridge] poll at 2026/5/1 13:48:04
2026/5/1 13:48:06 [bridge] AI-Project: 0 unread
2026/5/1 13:48:07 [bridge] Leader: 1 unread
2026/5/1 13:48:07 [bridge] Designer: 0 unread
2026/5/1 13:48:08 [bridge] Writer: 0 unread
2026/5/1 13:48:08 [bridge] Brunson: 0 unread
2026/5/1 13:48:09 [bridge] LP: 0 unread
2026/5/1 13:48:09 [bridge] Video: 0 unread
2026/5/1 13:48:09 [bridge] Researcher: 0 unread
2026/5/1 13:48:10 [bridge] Analyst: 0 unread
2026/5/1 13:48:10 [bridge] Product: 0 unread
2026/5/1 13:48:11 [bridge] SNS: 0 unread
2026/5/1 13:49:04 [bridge] poll at 2026/5/1 13:49:04
2026/5/1 13:49:05 [bridge] AI-Project: 0 unread
2026/5/1 13:49:06 [bridge] Leader: 1 unread
2026/5/1 13:49:06 [bridge] Designer: 0 unread
2026/5/1 13:49:07 [bridge] Writer: 0 unread
2026/5/1 13:49:07 [bridge] Brunson: 0 unread
2026/5/1 13:49:08 [bridge] LP: 0 unread
2026/5/1 13:49:08 [bridge] Video: 0 unread
2026/5/1 13:49:09 [bridge] Researcher: 0 unread
2026/5/1 13:49:09 [bridge] Analyst: 0 unread
2026/5/1 13:49:10 [bridge] Product: 0 unread
2026/5/1 13:49:10 [bridge] SNS: 0 unread
2026/5/1 13:50:04 [bridge] poll at 2026/5/1 13:50:04
2026/5/1 13:50:05 [bridge] AI-Project: 0 unread
2026/5/1 13:50:06 [bridge] Leader: 1 unread
2026/5/1 13:50:06 [bridge] Designer: 0 unread
2026/5/1 13:50:07 [bridge] Writer: 0 unread
2026/5/1 13:50:07 [bridge] Brunson: 0 unread
2026/5/1 13:50:08 [bridge] LP: 0 unread
2026/5/1 13:50:08 [bridge] Video: 0 unread
2026/5/1 13:50:09 [bridge] Researcher: 0 unread
2026/5/1 13:50:09 [bridge] Analyst: 0 unread
2026/5/1 13:50:10 [bridge] Product: 0 unread
2026/5/1 13:50:10 [bridge] SNS: 0 unread
2026/5/1 13:51:04 [bridge] poll at 2026/5/1 13:51:04
2026/5/1 13:51:05 [bridge] AI-Project: 0 unread
2026/5/1 13:51:06 [bridge] Leader: 1 unread
2026/5/1 13:51:06 [bridge] Designer: 0 unread
2026/5/1 13:51:07 [bridge] Writer: 0 unread
2026/5/1 13:51:07 [bridge] Brunson: 0 unread
2026/5/1 13:51:08 [bridge] LP: 0 unread
2026/5/1 13:51:08 [bridge] Video: 0 unread
2026/5/1 13:51:09 [bridge] Researcher: 0 unread
2026/5/1 13:51:09 [bridge] Analyst: 0 unread
2026/5/1 13:51:10 [bridge] Product: 0 unread
2026/5/1 13:51:11 [bridge] SNS: 0 unread
2026/5/1 13:52:04 [bridge] poll at 2026/5/1 13:52:04
2026/5/1 13:52:05 [bridge] AI-Project: 0 unread
2026/5/1 13:52:06 [bridge] Leader: 1 unread
2026/5/1 13:52:06 [bridge] Designer: 0 unread
2026/5/1 13:52:07 [bridge] Writer: 0 unread
2026/5/1 13:52:07 [bridge] Brunson: 0 unread
2026/5/1 13:52:08 [bridge] LP: 0 unread
2026/5/1 13:52:08 [bridge] Video: 0 unread
2026/5/1 13:52:09 [bridge] Researcher: 0 unread
2026/5/1 13:52:09 [bridge] Analyst: 0 unread
2026/5/1 13:52:10 [bridge] Product: 0 unread
2026/5/1 13:52:10 [bridge] SNS: 0 unread
2026/5/1 13:53:04 [bridge] poll at 2026/5/1 13:53:04
2026/5/1 13:53:05 [bridge] AI-Project: 0 unread
2026/5/1 13:53:06 [bridge] Leader: 1 unread
2026/5/1 13:53:06 [bridge] Designer: 0 unread
2026/5/1 13:53:07 [bridge] Writer: 0 unread
2026/5/1 13:53:07 [bridge] Brunson: 0 unread
2026/5/1 13:53:08 [bridge] LP: 0 unread
2026/5/1 13:53:08 [bridge] Video: 0 unread
2026/5/1 13:53:09 [bridge] Researcher: 0 unread
2026/5/1 13:53:09 [bridge] Analyst: 0 unread
2026/5/1 13:53:10 [bridge] Product: 0 unread
2026/5/1 13:53:10 [bridge] SNS: 0 unread
2026/5/1 13:54:04 [bridge] poll at 2026/5/1 13:54:04
2026/5/1 13:54:05 [bridge] AI-Project: 0 unread
2026/5/1 13:54:06 [bridge] Leader: 1 unread
2026/5/1 13:54:06 [bridge] Designer: 0 unread
2026/5/1 13:54:07 [bridge] Writer: 0 unread
2026/5/1 13:54:07 [bridge] Brunson: 0 unread
2026/5/1 13:54:08 [bridge] LP: 0 unread
2026/5/1 13:54:08 [bridge] Video: 0 unread
2026/5/1 13:54:09 [bridge] Researcher: 0 unread
2026/5/1 13:54:09 [bridge] Analyst: 0 unread
2026/5/1 13:54:10 [bridge] Product: 0 unread
2026/5/1 13:54:10 [bridge] SNS: 0 unread
2026/5/1 13:55:04 [bridge] poll at 2026/5/1 13:55:04
2026/5/1 13:55:05 [bridge] AI-Project: 0 unread
2026/5/1 13:55:06 [bridge] Leader: 1 unread
2026/5/1 13:55:06 [bridge] Designer: 0 unread
2026/5/1 13:55:07 [bridge] Writer: 0 unread
2026/5/1 13:55:07 [bridge] Brunson: 0 unread
2026/5/1 13:55:08 [bridge] LP: 0 unread
2026/5/1 13:55:08 [bridge] Video: 0 unread
2026/5/1 13:55:08 [bridge] Researcher: 0 unread
2026/5/1 13:55:09 [bridge] Analyst: 0 unread
2026/5/1 13:55:09 [bridge] Product: 0 unread
2026/5/1 13:55:10 [bridge] SNS: 0 unread
2026/5/1 13:56:04 [bridge] poll at 2026/5/1 13:56:04
2026/5/1 13:56:05 [bridge] AI-Project: 0 unread
2026/5/1 13:56:06 [bridge] Leader: 1 unread
2026/5/1 13:56:06 [bridge] Designer: 0 unread
2026/5/1 13:56:07 [bridge] Writer: 0 unread
2026/5/1 13:56:07 [bridge] Brunson: 0 unread
2026/5/1 13:56:08 [bridge] LP: 0 unread
2026/5/1 13:56:08 [bridge] Video: 0 unread
2026/5/1 13:56:09 [bridge] Researcher: 0 unread
2026/5/1 13:56:09 [bridge] Analyst: 0 unread
2026/5/1 13:56:10 [bridge] Product: 0 unread
2026/5/1 13:56:11 [bridge] SNS: 0 unread
2026/5/1 13:57:04 [bridge] poll at 2026/5/1 13:57:04
2026/5/1 13:57:05 [bridge] AI-Project: 0 unread
2026/5/1 13:57:06 [bridge] Leader: 1 unread
2026/5/1 13:57:06 [bridge] Designer: 0 unread
2026/5/1 13:57:07 [bridge] Writer: 0 unread
2026/5/1 13:57:07 [bridge] Brunson: 0 unread
2026/5/1 13:57:08 [bridge] LP: 0 unread
2026/5/1 13:57:08 [bridge] Video: 0 unread
2026/5/1 13:57:09 [bridge] Researcher: 0 unread
2026/5/1 13:57:09 [bridge] Analyst: 0 unread
2026/5/1 13:57:10 [bridge] Product: 0 unread
2026/5/1 13:57:10 [bridge] SNS: 0 unread
2026/5/1 13:58:04 [bridge] poll at 2026/5/1 13:58:04
2026/5/1 13:58:05 [bridge] AI-Project: 0 unread
2026/5/1 13:58:06 [bridge] Leader: 1 unread
2026/5/1 13:58:06 [bridge] Designer: 0 unread
2026/5/1 13:58:07 [bridge] Writer: 0 unread
2026/5/1 13:58:07 [bridge] Brunson: 0 unread
2026/5/1 13:58:08 [bridge] LP: 0 unread
2026/5/1 13:58:08 [bridge] Video: 0 unread
2026/5/1 13:58:09 [bridge] Researcher: 0 unread
2026/5/1 13:58:09 [bridge] Analyst: 0 unread
2026/5/1 13:58:10 [bridge] Product: 0 unread
2026/5/1 13:58:10 [bridge] SNS: 0 unread
2026/5/1 13:59:04 [bridge] poll at 2026/5/1 13:59:04
2026/5/1 13:59:06 [bridge] AI-Project: 0 unread
2026/5/1 13:59:07 [bridge] Leader: 1 unread
2026/5/1 13:59:07 [bridge] Designer: 0 unread
2026/5/1 13:59:08 [bridge] Writer: 0 unread
2026/5/1 13:59:08 [bridge] Brunson: 0 unread
2026/5/1 13:59:09 [bridge] LP: 0 unread
2026/5/1 13:59:09 [bridge] Video: 0 unread
2026/5/1 13:59:10 [bridge] Researcher: 0 unread
2026/5/1 13:59:10 [bridge] Analyst: 0 unread
2026/5/1 13:59:11 [bridge] Product: 0 unread
2026/5/1 13:59:11 [bridge] SNS: 0 unread
2026/5/1 14:00:04 [bridge] poll at 2026/5/1 14:00:04
2026/5/1 14:00:05 [bridge] AI-Project: 0 unread
2026/5/1 14:00:06 [bridge] Leader: 1 unread
2026/5/1 14:00:06 [bridge] Designer: 0 unread
2026/5/1 14:00:07 [bridge] Writer: 0 unread
2026/5/1 14:00:07 [bridge] Brunson: 0 unread
2026/5/1 14:00:07 [bridge] LP: 0 unread
2026/5/1 14:00:08 [bridge] Video: 0 unread
2026/5/1 14:00:08 [bridge] Researcher: 0 unread
2026/5/1 14:00:09 [bridge] Analyst: 0 unread
2026/5/1 14:00:09 [bridge] Product: 0 unread
2026/5/1 14:00:10 [bridge] SNS: 0 unread
2026/5/1 14:01:05 [bridge] poll at 2026/5/1 14:01:05
2026/5/1 14:01:05 [bridge] AI-Project: 0 unread
2026/5/1 14:01:06 [bridge] Leader: 1 unread
2026/5/1 14:01:06 [bridge] Designer: 0 unread
2026/5/1 14:01:07 [bridge] Writer: 0 unread
2026/5/1 14:01:07 [bridge] Brunson: 0 unread
2026/5/1 14:01:08 [bridge] LP: 0 unread
2026/5/1 14:01:08 [bridge] Video: 0 unread
2026/5/1 14:01:09 [bridge] Researcher: 0 unread
2026/5/1 14:01:09 [bridge] Analyst: 0 unread
2026/5/1 14:01:10 [bridge] Product: 0 unread
2026/5/1 14:01:11 [bridge] SNS: 0 unread
2026/5/1 14:02:05 [bridge] poll at 2026/5/1 14:02:05
2026/5/1 14:02:05 [bridge] AI-Project: 0 unread
2026/5/1 14:02:06 [bridge] Leader: 1 unread
2026/5/1 14:02:06 [bridge] Designer: 0 unread
2026/5/1 14:02:07 [bridge] Writer: 0 unread
2026/5/1 14:02:07 [bridge] Brunson: 0 unread
2026/5/1 14:02:08 [bridge] LP: 0 unread
2026/5/1 14:02:08 [bridge] Video: 0 unread
2026/5/1 14:02:09 [bridge] Researcher: 0 unread
2026/5/1 14:02:09 [bridge] Analyst: 0 unread
2026/5/1 14:02:10 [bridge] Product: 0 unread
2026/5/1 14:02:10 [bridge] SNS: 0 unread
2026/5/1 14:03:05 [bridge] poll at 2026/5/1 14:03:05
2026/5/1 14:03:05 [bridge] AI-Project: 0 unread
2026/5/1 14:03:06 [bridge] Leader: 1 unread
2026/5/1 14:03:06 [bridge] Designer: 0 unread
2026/5/1 14:03:07 [bridge] Writer: 0 unread
2026/5/1 14:03:07 [bridge] Brunson: 0 unread
2026/5/1 14:03:08 [bridge] LP: 0 unread
2026/5/1 14:03:08 [bridge] Video: 0 unread
2026/5/1 14:03:09 [bridge] Researcher: 0 unread
2026/5/1 14:03:09 [bridge] Analyst: 0 unread
2026/5/1 14:03:10 [bridge] Product: 0 unread
2026/5/1 14:03:10 [bridge] SNS: 0 unread
2026/5/1 14:04:05 [bridge] poll at 2026/5/1 14:04:05
2026/5/1 14:04:05 [bridge] AI-Project: 0 unread
2026/5/1 14:04:06 [bridge] Leader: 1 unread
2026/5/1 14:04:06 [bridge] Designer: 0 unread
2026/5/1 14:04:07 [bridge] Writer: 0 unread
2026/5/1 14:04:07 [bridge] Brunson: 0 unread
2026/5/1 14:04:08 [bridge] LP: 0 unread
2026/5/1 14:04:09 [bridge] Video: 0 unread
2026/5/1 14:04:09 [bridge] Researcher: 0 unread
2026/5/1 14:04:10 [bridge] Analyst: 0 unread
2026/5/1 14:04:10 [bridge] Product: 0 unread
2026/5/1 14:04:11 [bridge] SNS: 0 unread
2026/5/1 14:05:05 [bridge] poll at 2026/5/1 14:05:05
2026/5/1 14:05:06 [bridge] AI-Project: 0 unread
2026/5/1 14:05:07 [bridge] Leader: 1 unread
2026/5/1 14:05:07 [bridge] Designer: 0 unread
2026/5/1 14:05:08 [bridge] Writer: 0 unread
2026/5/1 14:05:08 [bridge] Brunson: 0 unread
2026/5/1 14:05:09 [bridge] LP: 0 unread
2026/5/1 14:05:09 [bridge] Video: 0 unread
2026/5/1 14:05:10 [bridge] Researcher: 0 unread
2026/5/1 14:05:10 [bridge] Analyst: 0 unread
2026/5/1 14:05:11 [bridge] Product: 0 unread
2026/5/1 14:05:11 [bridge] SNS: 0 unread
2026/5/1 14:06:05 [bridge] poll at 2026/5/1 14:06:05
2026/5/1 14:06:05 [bridge] AI-Project: 0 unread
2026/5/1 14:06:06 [bridge] Leader: 1 unread
2026/5/1 14:06:07 [bridge] Designer: 0 unread
2026/5/1 14:06:07 [bridge] Writer: 0 unread
2026/5/1 14:06:08 [bridge] Brunson: 0 unread
2026/5/1 14:06:08 [bridge] LP: 0 unread
2026/5/1 14:06:09 [bridge] Video: 0 unread
2026/5/1 14:06:09 [bridge] Researcher: 0 unread
2026/5/1 14:06:10 [bridge] Analyst: 0 unread
2026/5/1 14:06:10 [bridge] Product: 0 unread
2026/5/1 14:06:11 [bridge] SNS: 0 unread
2026/5/1 14:07:05 [bridge] poll at 2026/5/1 14:07:05
2026/5/1 14:07:05 [bridge] AI-Project: 0 unread
2026/5/1 14:07:06 [bridge] Leader: 1 unread
2026/5/1 14:07:06 [bridge] Designer: 0 unread
2026/5/1 14:07:07 [bridge] Writer: 0 unread
2026/5/1 14:07:07 [bridge] Brunson: 0 unread
2026/5/1 14:07:08 [bridge] LP: 0 unread
2026/5/1 14:07:08 [bridge] Video: 0 unread
2026/5/1 14:07:08 [bridge] Researcher: 0 unread
2026/5/1 14:07:09 [bridge] Analyst: 0 unread
2026/5/1 14:07:09 [bridge] Product: 0 unread
2026/5/1 14:07:10 [bridge] SNS: 0 unread
2026/5/1 14:08:05 [bridge] poll at 2026/5/1 14:08:05
2026/5/1 14:08:05 [bridge] AI-Project: 0 unread
2026/5/1 14:08:06 [bridge] Leader: 1 unread
2026/5/1 14:08:06 [bridge] Designer: 0 unread
2026/5/1 14:08:07 [bridge] Writer: 0 unread
2026/5/1 14:08:07 [bridge] Brunson: 0 unread
2026/5/1 14:08:08 [bridge] LP: 0 unread
2026/5/1 14:08:08 [bridge] Video: 0 unread
2026/5/1 14:08:09 [bridge] Researcher: 0 unread
2026/5/1 14:08:09 [bridge] Analyst: 0 unread
2026/5/1 14:08:10 [bridge] Product: 0 unread
2026/5/1 14:08:11 [bridge] SNS: 0 unread
2026/5/1 14:09:05 [bridge] poll at 2026/5/1 14:09:05
2026/5/1 14:09:05 [bridge] AI-Project: 0 unread
2026/5/1 14:09:06 [bridge] Leader: 1 unread
2026/5/1 14:09:07 [bridge] Designer: 0 unread
2026/5/1 14:09:07 [bridge] Writer: 0 unread
2026/5/1 14:09:08 [bridge] Brunson: 0 unread
2026/5/1 14:09:08 [bridge] LP: 0 unread
2026/5/1 14:09:09 [bridge] Video: 0 unread
2026/5/1 14:09:09 [bridge] Researcher: 0 unread
2026/5/1 14:09:10 [bridge] Analyst: 0 unread
2026/5/1 14:09:10 [bridge] Product: 0 unread
2026/5/1 14:09:11 [bridge] SNS: 0 unread
2026/5/1 14:10:05 [bridge] poll at 2026/5/1 14:10:05
2026/5/1 14:10:05 [bridge] AI-Project: 0 unread
2026/5/1 14:10:06 [bridge] Leader: 1 unread
2026/5/1 14:10:06 [bridge] Designer: 0 unread
2026/5/1 14:10:07 [bridge] Writer: 0 unread
2026/5/1 14:10:07 [bridge] Brunson: 0 unread
2026/5/1 14:10:08 [bridge] LP: 0 unread
2026/5/1 14:10:08 [bridge] Video: 0 unread
2026/5/1 14:10:08 [bridge] Researcher: 0 unread
2026/5/1 14:10:09 [bridge] Analyst: 0 unread
2026/5/1 14:10:09 [bridge] Product: 0 unread
2026/5/1 14:10:10 [bridge] SNS: 0 unread
2026/5/1 14:11:05 [bridge] poll at 2026/5/1 14:11:05
2026/5/1 14:11:06 [bridge] AI-Project: 0 unread
2026/5/1 14:11:07 [bridge] Leader: 1 unread
2026/5/1 14:11:08 [bridge] Designer: 0 unread
2026/5/1 14:11:08 [bridge] Writer: 0 unread
2026/5/1 14:11:09 [bridge] Brunson: 0 unread
2026/5/1 14:11:09 [bridge] LP: 0 unread
2026/5/1 14:11:10 [bridge] Video: 0 unread
2026/5/1 14:11:10 [bridge] Researcher: 0 unread
2026/5/1 14:11:11 [bridge] Analyst: 0 unread
2026/5/1 14:11:11 [bridge] Product: 0 unread
2026/5/1 14:11:12 [bridge] SNS: 0 unread
2026/5/1 14:12:05 [bridge] poll at 2026/5/1 14:12:05
2026/5/1 14:12:05 [bridge] AI-Project: 0 unread
2026/5/1 14:12:06 [bridge] Leader: 1 unread
2026/5/1 14:12:07 [bridge] Designer: 0 unread
2026/5/1 14:12:07 [bridge] Writer: 0 unread
2026/5/1 14:12:08 [bridge] Brunson: 0 unread
2026/5/1 14:12:08 [bridge] LP: 0 unread
2026/5/1 14:12:09 [bridge] Video: 0 unread
2026/5/1 14:12:09 [bridge] Researcher: 0 unread
2026/5/1 14:12:10 [bridge] Analyst: 0 unread
2026/5/1 14:12:10 [bridge] Product: 0 unread
2026/5/1 14:12:11 [bridge] SNS: 0 unread
2026/5/1 14:13:05 [bridge] poll at 2026/5/1 14:13:05
2026/5/1 14:13:05 [bridge] AI-Project: 0 unread
2026/5/1 14:13:06 [bridge] Leader: 1 unread
2026/5/1 14:13:07 [bridge] Designer: 0 unread
2026/5/1 14:13:07 [bridge] Writer: 0 unread
2026/5/1 14:13:08 [bridge] Brunson: 0 unread
2026/5/1 14:13:08 [bridge] LP: 0 unread
2026/5/1 14:13:09 [bridge] Video: 0 unread
2026/5/1 14:13:09 [bridge] Researcher: 0 unread
2026/5/1 14:13:10 [bridge] Analyst: 0 unread
2026/5/1 14:13:10 [bridge] Product: 0 unread
2026/5/1 14:13:11 [bridge] SNS: 0 unread
2026/5/1 14:14:05 [bridge] poll at 2026/5/1 14:14:05
2026/5/1 14:14:05 [bridge] AI-Project: 0 unread
2026/5/1 14:14:06 [bridge] Leader: 1 unread
2026/5/1 14:14:06 [bridge] Designer: 0 unread
2026/5/1 14:14:07 [bridge] Writer: 0 unread
2026/5/1 14:14:07 [bridge] Brunson: 0 unread
2026/5/1 14:14:08 [bridge] LP: 0 unread
2026/5/1 14:14:08 [bridge] Video: 0 unread
2026/5/1 14:14:09 [bridge] Researcher: 0 unread
2026/5/1 14:14:09 [bridge] Analyst: 0 unread
2026/5/1 14:14:10 [bridge] Product: 0 unread
2026/5/1 14:14:10 [bridge] SNS: 0 unread
2026/5/1 14:15:05 [bridge] poll at 2026/5/1 14:15:05
2026/5/1 14:15:05 [bridge] AI-Project: 0 unread
2026/5/1 14:15:06 [bridge] Leader: 1 unread
2026/5/1 14:15:06 [bridge] Designer: 0 unread
2026/5/1 14:15:07 [bridge] Writer: 0 unread
2026/5/1 14:15:07 [bridge] Brunson: 0 unread
2026/5/1 14:15:08 [bridge] LP: 0 unread
2026/5/1 14:15:08 [bridge] Video: 0 unread
2026/5/1 14:15:08 [bridge] Researcher: 0 unread
2026/5/1 14:15:09 [bridge] Analyst: 0 unread
2026/5/1 14:15:09 [bridge] Product: 0 unread
2026/5/1 14:15:10 [bridge] SNS: 0 unread
2026/5/1 14:16:05 [bridge] poll at 2026/5/1 14:16:05
2026/5/1 14:16:05 [bridge] AI-Project: 0 unread
2026/5/1 14:16:06 [bridge] Leader: 1 unread
2026/5/1 14:16:07 [bridge] Designer: 0 unread
2026/5/1 14:16:07 [bridge] Writer: 0 unread
2026/5/1 14:16:08 [bridge] Brunson: 0 unread
2026/5/1 14:16:08 [bridge] LP: 0 unread
2026/5/1 14:16:09 [bridge] Video: 0 unread
2026/5/1 14:16:09 [bridge] Researcher: 0 unread
2026/5/1 14:16:10 [bridge] Analyst: 0 unread
2026/5/1 14:16:10 [bridge] Product: 0 unread
2026/5/1 14:16:11 [bridge] SNS: 0 unread
2026/5/1 14:17:05 [bridge] poll at 2026/5/1 14:17:05
2026/5/1 14:17:05 [bridge] AI-Project: 0 unread
2026/5/1 14:17:06 [bridge] Leader: 1 unread
2026/5/1 14:17:07 [bridge] Designer: 0 unread
2026/5/1 14:17:07 [bridge] Writer: 0 unread
2026/5/1 14:17:08 [bridge] Brunson: 0 unread
2026/5/1 14:17:08 [bridge] LP: 0 unread
2026/5/1 14:17:09 [bridge] Video: 0 unread
2026/5/1 14:17:09 [bridge] Researcher: 0 unread
2026/5/1 14:17:10 [bridge] Analyst: 0 unread
2026/5/1 14:17:10 [bridge] Product: 0 unread
2026/5/1 14:17:11 [bridge] SNS: 0 unread
2026/5/1 14:18:05 [bridge] poll at 2026/5/1 14:18:05
2026/5/1 14:18:05 [bridge] AI-Project: 0 unread
2026/5/1 14:18:06 [bridge] Leader: 1 unread
2026/5/1 14:18:06 [bridge] Designer: 0 unread
2026/5/1 14:18:07 [bridge] Writer: 0 unread
2026/5/1 14:18:07 [bridge] Brunson: 0 unread
2026/5/1 14:18:08 [bridge] LP: 0 unread
2026/5/1 14:18:08 [bridge] Video: 0 unread
2026/5/1 14:18:08 [bridge] Researcher: 0 unread
2026/5/1 14:18:09 [bridge] Analyst: 0 unread
2026/5/1 14:18:09 [bridge] Product: 0 unread
2026/5/1 14:18:10 [bridge] SNS: 0 unread
2026/5/1 14:19:05 [bridge] poll at 2026/5/1 14:19:05
2026/5/1 14:19:05 [bridge] AI-Project: 0 unread
2026/5/1 14:19:06 [bridge] Leader: 1 unread
2026/5/1 14:19:06 [bridge] Designer: 0 unread
2026/5/1 14:19:07 [bridge] Writer: 0 unread
2026/5/1 14:19:07 [bridge] Brunson: 0 unread
2026/5/1 14:19:08 [bridge] LP: 0 unread
2026/5/1 14:19:08 [bridge] Video: 0 unread
2026/5/1 14:19:09 [bridge] Researcher: 0 unread
2026/5/1 14:19:09 [bridge] Analyst: 0 unread
2026/5/1 14:19:09 [bridge] Product: 0 unread
2026/5/1 14:19:10 [bridge] SNS: 0 unread
2026/5/1 14:20:05 [bridge] poll at 2026/5/1 14:20:05
2026/5/1 14:20:05 [bridge] AI-Project: 0 unread
2026/5/1 14:20:06 [bridge] Leader: 1 unread
2026/5/1 14:20:07 [bridge] Designer: 0 unread
2026/5/1 14:20:07 [bridge] Writer: 0 unread
2026/5/1 14:20:08 [bridge] Brunson: 0 unread
2026/5/1 14:20:08 [bridge] LP: 0 unread
2026/5/1 14:20:09 [bridge] Video: 0 unread
2026/5/1 14:20:09 [bridge] Researcher: 0 unread
2026/5/1 14:20:10 [bridge] Analyst: 0 unread
2026/5/1 14:20:10 [bridge] Product: 0 unread
2026/5/1 14:20:11 [bridge] SNS: 0 unread
2026/5/1 14:21:05 [bridge] poll at 2026/5/1 14:21:05
2026/5/1 14:21:05 [bridge] AI-Project: 0 unread
2026/5/1 14:21:06 [bridge] Leader: 1 unread
2026/5/1 14:21:06 [bridge] Designer: 0 unread
2026/5/1 14:21:07 [bridge] Writer: 0 unread
2026/5/1 14:21:07 [bridge] Brunson: 0 unread
2026/5/1 14:21:08 [bridge] LP: 0 unread
2026/5/1 14:21:08 [bridge] Video: 0 unread
2026/5/1 14:21:09 [bridge] Researcher: 0 unread
2026/5/1 14:21:09 [bridge] Analyst: 0 unread
2026/5/1 14:21:09 [bridge] Product: 0 unread
2026/5/1 14:21:10 [bridge] SNS: 0 unread
2026/5/1 14:22:05 [bridge] poll at 2026/5/1 14:22:05
2026/5/1 14:22:06 [bridge] AI-Project: 0 unread
2026/5/1 14:22:07 [bridge] Leader: 1 unread
2026/5/1 14:22:08 [bridge] Designer: 0 unread
2026/5/1 14:22:08 [bridge] Writer: 0 unread
2026/5/1 14:22:09 [bridge] Brunson: 0 unread
2026/5/1 14:22:09 [bridge] LP: 0 unread
2026/5/1 14:22:10 [bridge] Video: 0 unread
2026/5/1 14:22:10 [bridge] Researcher: 0 unread
2026/5/1 14:22:11 [bridge] Analyst: 0 unread
2026/5/1 14:22:11 [bridge] Product: 0 unread
2026/5/1 14:22:12 [bridge] SNS: 0 unread
2026/5/1 14:23:05 [bridge] poll at 2026/5/1 14:23:05
2026/5/1 14:23:05 [bridge] AI-Project: 0 unread
2026/5/1 14:23:06 [bridge] Leader: 1 unread
2026/5/1 14:23:07 [bridge] Designer: 0 unread
2026/5/1 14:23:07 [bridge] Writer: 0 unread
2026/5/1 14:23:08 [bridge] Brunson: 0 unread
2026/5/1 14:23:08 [bridge] LP: 0 unread
2026/5/1 14:23:09 [bridge] Video: 0 unread
2026/5/1 14:23:09 [bridge] Researcher: 0 unread
2026/5/1 14:23:10 [bridge] Analyst: 0 unread
2026/5/1 14:23:10 [bridge] Product: 0 unread
2026/5/1 14:23:11 [bridge] SNS: 0 unread
2026/5/1 14:24:05 [bridge] poll at 2026/5/1 14:24:05
2026/5/1 14:24:05 [bridge] AI-Project: 0 unread
2026/5/1 14:24:06 [bridge] Leader: 1 unread
2026/5/1 14:24:07 [bridge] Designer: 0 unread
2026/5/1 14:24:07 [bridge] Writer: 0 unread
2026/5/1 14:24:08 [bridge] Brunson: 0 unread
2026/5/1 14:24:08 [bridge] LP: 0 unread
2026/5/1 14:24:09 [bridge] Video: 0 unread
2026/5/1 14:24:09 [bridge] Researcher: 0 unread
2026/5/1 14:24:10 [bridge] Analyst: 0 unread
2026/5/1 14:24:10 [bridge] Product: 0 unread
2026/5/1 14:24:11 [bridge] SNS: 0 unread
2026/5/1 14:25:05 [bridge] poll at 2026/5/1 14:25:05
2026/5/1 14:25:05 [bridge] AI-Project: 0 unread
2026/5/1 14:25:06 [bridge] Leader: 1 unread
2026/5/1 14:25:07 [bridge] Designer: 0 unread
2026/5/1 14:25:07 [bridge] Writer: 0 unread
2026/5/1 14:25:08 [bridge] Brunson: 0 unread
2026/5/1 14:25:08 [bridge] LP: 0 unread
2026/5/1 14:25:09 [bridge] Video: 0 unread
2026/5/1 14:25:09 [bridge] Researcher: 0 unread
2026/5/1 14:25:10 [bridge] Analyst: 0 unread
2026/5/1 14:25:10 [bridge] Product: 0 unread
2026/5/1 14:25:11 [bridge] SNS: 0 unread
2026/5/1 14:26:05 [bridge] poll at 2026/5/1 14:26:05
2026/5/1 14:26:06 [bridge] AI-Project: 0 unread
2026/5/1 14:26:06 [bridge] Leader: 1 unread
2026/5/1 14:26:07 [bridge] Designer: 0 unread
2026/5/1 14:26:07 [bridge] Writer: 0 unread
2026/5/1 14:26:08 [bridge] Brunson: 0 unread
2026/5/1 14:26:08 [bridge] LP: 0 unread
2026/5/1 14:26:09 [bridge] Video: 0 unread
2026/5/1 14:26:09 [bridge] Researcher: 0 unread
2026/5/1 14:26:10 [bridge] Analyst: 0 unread
2026/5/1 14:26:10 [bridge] Product: 0 unread
2026/5/1 14:26:11 [bridge] SNS: 0 unread
2026/5/1 14:27:05 [bridge] poll at 2026/5/1 14:27:05
2026/5/1 14:27:05 [bridge] AI-Project: 0 unread
2026/5/1 14:27:06 [bridge] Leader: 1 unread
2026/5/1 14:27:07 [bridge] Designer: 0 unread
2026/5/1 14:27:07 [bridge] Writer: 0 unread
2026/5/1 14:27:08 [bridge] Brunson: 0 unread
2026/5/1 14:27:08 [bridge] LP: 0 unread
2026/5/1 14:27:09 [bridge] Video: 0 unread
2026/5/1 14:27:09 [bridge] Researcher: 0 unread
2026/5/1 14:27:10 [bridge] Analyst: 0 unread
2026/5/1 14:27:10 [bridge] Product: 0 unread
2026/5/1 14:27:11 [bridge] SNS: 0 unread
2026/5/1 14:28:05 [bridge] poll at 2026/5/1 14:28:05
2026/5/1 14:28:06 [bridge] AI-Project: 0 unread
2026/5/1 14:28:07 [bridge] Leader: 1 unread
2026/5/1 14:28:07 [bridge] Designer: 0 unread
2026/5/1 14:28:08 [bridge] Writer: 0 unread
2026/5/1 14:28:08 [bridge] Brunson: 0 unread
2026/5/1 14:28:09 [bridge] LP: 0 unread
2026/5/1 14:28:09 [bridge] Video: 0 unread
2026/5/1 14:28:10 [bridge] Researcher: 0 unread
2026/5/1 14:28:10 [bridge] Analyst: 0 unread
2026/5/1 14:28:10 [bridge] Product: 0 unread
2026/5/1 14:28:11 [bridge] SNS: 0 unread
2026/5/1 14:29:05 [bridge] poll at 2026/5/1 14:29:05
2026/5/1 14:29:05 [bridge] AI-Project: 0 unread
2026/5/1 14:29:06 [bridge] Leader: 1 unread
2026/5/1 14:29:06 [bridge] Designer: 0 unread
2026/5/1 14:29:07 [bridge] Writer: 0 unread
2026/5/1 14:29:07 [bridge] Brunson: 0 unread
2026/5/1 14:29:08 [bridge] LP: 0 unread
2026/5/1 14:29:08 [bridge] Video: 0 unread
2026/5/1 14:29:08 [bridge] Researcher: 0 unread
2026/5/1 14:29:09 [bridge] Analyst: 0 unread
2026/5/1 14:29:09 [bridge] Product: 0 unread
2026/5/1 14:29:10 [bridge] SNS: 0 unread
2026/5/1 14:30:05 [bridge] poll at 2026/5/1 14:30:05
2026/5/1 14:30:06 [bridge] AI-Project: 0 unread
2026/5/1 14:30:06 [bridge] Leader: 1 unread
2026/5/1 14:30:07 [bridge] Designer: 0 unread
2026/5/1 14:30:07 [bridge] Writer: 0 unread
2026/5/1 14:30:08 [bridge] Brunson: 0 unread
2026/5/1 14:30:08 [bridge] LP: 0 unread
2026/5/1 14:30:09 [bridge] Video: 0 unread
2026/5/1 14:30:09 [bridge] Researcher: 0 unread
2026/5/1 14:30:10 [bridge] Analyst: 0 unread
2026/5/1 14:30:10 [bridge] Product: 0 unread
2026/5/1 14:30:11 [bridge] SNS: 0 unread
2026/5/1 14:31:05 [bridge] poll at 2026/5/1 14:31:05
2026/5/1 14:31:05 [bridge] AI-Project: 0 unread
2026/5/1 14:31:06 [bridge] Leader: 1 unread
2026/5/1 14:31:06 [bridge] Designer: 0 unread
2026/5/1 14:31:07 [bridge] Writer: 0 unread
2026/5/1 14:31:07 [bridge] Brunson: 0 unread
2026/5/1 14:31:08 [bridge] LP: 0 unread
2026/5/1 14:31:08 [bridge] Video: 0 unread
2026/5/1 14:31:09 [bridge] Researcher: 0 unread
2026/5/1 14:31:09 [bridge] Analyst: 0 unread
2026/5/1 14:31:10 [bridge] Product: 0 unread
2026/5/1 14:31:10 [bridge] SNS: 0 unread
2026/5/1 14:32:05 [bridge] poll at 2026/5/1 14:32:05
2026/5/1 14:32:06 [bridge] AI-Project: 0 unread
2026/5/1 14:32:06 [bridge] Leader: 1 unread
2026/5/1 14:32:07 [bridge] Designer: 0 unread
2026/5/1 14:32:07 [bridge] Writer: 0 unread
2026/5/1 14:32:08 [bridge] Brunson: 0 unread
2026/5/1 14:32:08 [bridge] LP: 0 unread
2026/5/1 14:32:09 [bridge] Video: 0 unread
2026/5/1 14:32:09 [bridge] Researcher: 0 unread
2026/5/1 14:32:10 [bridge] Analyst: 0 unread
2026/5/1 14:32:10 [bridge] Product: 0 unread
2026/5/1 14:32:11 [bridge] SNS: 0 unread
2026/5/1 14:33:05 [bridge] poll at 2026/5/1 14:33:05
2026/5/1 14:33:06 [bridge] AI-Project: 0 unread
2026/5/1 14:33:06 [bridge] Leader: 1 unread
2026/5/1 14:33:07 [bridge] Designer: 0 unread
2026/5/1 14:33:07 [bridge] Writer: 0 unread
2026/5/1 14:33:08 [bridge] Brunson: 0 unread
2026/5/1 14:33:08 [bridge] LP: 0 unread
2026/5/1 14:33:09 [bridge] Video: 0 unread
2026/5/1 14:33:09 [bridge] Researcher: 0 unread
2026/5/1 14:33:10 [bridge] Analyst: 0 unread
2026/5/1 14:33:10 [bridge] Product: 0 unread
2026/5/1 14:33:11 [bridge] SNS: 0 unread
2026/5/1 14:34:05 [bridge] poll at 2026/5/1 14:34:05
2026/5/1 14:34:07 [bridge] AI-Project: 0 unread
2026/5/1 14:34:07 [bridge] Leader: 1 unread
2026/5/1 14:34:08 [bridge] Designer: 0 unread
2026/5/1 14:34:08 [bridge] Writer: 0 unread
2026/5/1 14:34:09 [bridge] Brunson: 0 unread
2026/5/1 14:34:09 [bridge] LP: 0 unread
2026/5/1 14:34:10 [bridge] Video: 0 unread
2026/5/1 14:34:10 [bridge] Researcher: 0 unread
2026/5/1 14:34:11 [bridge] Analyst: 0 unread
2026/5/1 14:34:11 [bridge] Product: 0 unread
2026/5/1 14:34:12 [bridge] SNS: 0 unread
2026/5/1 14:35:05 [bridge] poll at 2026/5/1 14:35:05
2026/5/1 14:35:06 [bridge] AI-Project: 0 unread
2026/5/1 14:35:06 [bridge] Leader: 1 unread
2026/5/1 14:35:07 [bridge] Designer: 0 unread
2026/5/1 14:35:07 [bridge] Writer: 0 unread
2026/5/1 14:35:08 [bridge] Brunson: 0 unread
2026/5/1 14:35:08 [bridge] LP: 0 unread
2026/5/1 14:35:09 [bridge] Video: 0 unread
2026/5/1 14:35:09 [bridge] Researcher: 0 unread
2026/5/1 14:35:10 [bridge] Analyst: 0 unread
2026/5/1 14:35:10 [bridge] Product: 0 unread
2026/5/1 14:35:11 [bridge] SNS: 0 unread
2026/5/1 14:36:05 [bridge] poll at 2026/5/1 14:36:05
2026/5/1 14:36:06 [bridge] AI-Project: 0 unread
2026/5/1 14:36:06 [bridge] Leader: 1 unread
2026/5/1 14:36:07 [bridge] Designer: 0 unread
2026/5/1 14:36:07 [bridge] Writer: 0 unread
2026/5/1 14:36:08 [bridge] Brunson: 0 unread
2026/5/1 14:36:08 [bridge] LP: 0 unread
2026/5/1 14:36:09 [bridge] Video: 0 unread
2026/5/1 14:36:09 [bridge] Researcher: 0 unread
2026/5/1 14:36:10 [bridge] Analyst: 0 unread
2026/5/1 14:36:10 [bridge] Product: 0 unread
2026/5/1 14:36:11 [bridge] SNS: 0 unread
2026/5/1 14:37:05 [bridge] poll at 2026/5/1 14:37:05
2026/5/1 14:37:05 [bridge] AI-Project: 0 unread
2026/5/1 14:37:06 [bridge] Leader: 1 unread
2026/5/1 14:37:06 [bridge] Designer: 0 unread
2026/5/1 14:37:07 [bridge] Writer: 0 unread
2026/5/1 14:37:07 [bridge] Brunson: 0 unread
2026/5/1 14:37:08 [bridge] LP: 0 unread
2026/5/1 14:37:08 [bridge] Video: 0 unread
2026/5/1 14:37:09 [bridge] Researcher: 0 unread
2026/5/1 14:37:09 [bridge] Analyst: 0 unread
2026/5/1 14:37:10 [bridge] Product: 0 unread
2026/5/1 14:37:10 [bridge] SNS: 0 unread
2026/5/1 14:38:05 [bridge] poll at 2026/5/1 14:38:05
2026/5/1 14:38:06 [bridge] AI-Project: 0 unread
2026/5/1 14:38:06 [bridge] Leader: 1 unread
2026/5/1 14:38:07 [bridge] Designer: 0 unread
2026/5/1 14:38:07 [bridge] Writer: 0 unread
2026/5/1 14:38:08 [bridge] Brunson: 0 unread
2026/5/1 14:38:08 [bridge] LP: 0 unread
2026/5/1 14:38:09 [bridge] Video: 0 unread
2026/5/1 14:38:09 [bridge] Researcher: 0 unread
2026/5/1 14:38:10 [bridge] Analyst: 0 unread
2026/5/1 14:38:10 [bridge] Product: 0 unread
2026/5/1 14:38:11 [bridge] SNS: 0 unread
2026/5/1 14:39:05 [bridge] poll at 2026/5/1 14:39:05
2026/5/1 14:39:06 [bridge] AI-Project: 0 unread
2026/5/1 14:39:06 [bridge] Leader: 1 unread
2026/5/1 14:39:07 [bridge] Designer: 0 unread
2026/5/1 14:39:07 [bridge] Writer: 0 unread
2026/5/1 14:39:08 [bridge] Brunson: 0 unread
2026/5/1 14:39:08 [bridge] LP: 0 unread
2026/5/1 14:39:09 [bridge] Video: 0 unread
2026/5/1 14:39:09 [bridge] Researcher: 0 unread
2026/5/1 14:39:10 [bridge] Analyst: 0 unread
2026/5/1 14:39:10 [bridge] Product: 0 unread
2026/5/1 14:39:11 [bridge] SNS: 0 unread
2026/5/1 14:40:05 [bridge] poll at 2026/5/1 14:40:05
2026/5/1 14:40:07 [bridge] AI-Project: 0 unread
2026/5/1 14:40:07 [bridge] Leader: 1 unread
2026/5/1 14:40:08 [bridge] Designer: 0 unread
2026/5/1 14:40:08 [bridge] Writer: 0 unread
2026/5/1 14:40:09 [bridge] Brunson: 0 unread
2026/5/1 14:40:09 [bridge] LP: 0 unread
2026/5/1 14:40:10 [bridge] Video: 0 unread
2026/5/1 14:40:10 [bridge] Researcher: 0 unread
2026/5/1 14:40:11 [bridge] Analyst: 0 unread
2026/5/1 14:40:11 [bridge] Product: 0 unread
2026/5/1 14:40:12 [bridge] SNS: 0 unread
2026/5/1 14:41:05 [bridge] poll at 2026/5/1 14:41:05
2026/5/1 14:41:06 [bridge] AI-Project: 0 unread
2026/5/1 14:41:06 [bridge] Leader: 1 unread
2026/5/1 14:41:07 [bridge] Designer: 0 unread
2026/5/1 14:41:07 [bridge] Writer: 0 unread
2026/5/1 14:41:08 [bridge] Brunson: 0 unread
2026/5/1 14:41:08 [bridge] LP: 0 unread
2026/5/1 14:41:09 [bridge] Video: 0 unread
2026/5/1 14:41:09 [bridge] Researcher: 0 unread
2026/5/1 14:41:10 [bridge] Analyst: 0 unread
2026/5/1 14:41:10 [bridge] Product: 0 unread
2026/5/1 14:41:11 [bridge] SNS: 0 unread
2026/5/1 14:42:05 [bridge] poll at 2026/5/1 14:42:05
2026/5/1 14:42:05 [bridge] AI-Project: 0 unread
2026/5/1 14:42:06 [bridge] Leader: 1 unread
2026/5/1 14:42:06 [bridge] Designer: 0 unread
2026/5/1 14:42:07 [bridge] Writer: 0 unread
2026/5/1 14:42:07 [bridge] Brunson: 0 unread
2026/5/1 14:42:08 [bridge] LP: 0 unread
2026/5/1 14:42:08 [bridge] Video: 0 unread
2026/5/1 14:42:09 [bridge] Researcher: 0 unread
2026/5/1 14:42:09 [bridge] Analyst: 0 unread
2026/5/1 14:42:10 [bridge] Product: 0 unread
2026/5/1 14:42:10 [bridge] SNS: 0 unread
2026/5/1 14:43:05 [bridge] poll at 2026/5/1 14:43:05
2026/5/1 14:43:06 [bridge] AI-Project: 0 unread
2026/5/1 14:43:06 [bridge] Leader: 1 unread
2026/5/1 14:43:07 [bridge] Designer: 0 unread
2026/5/1 14:43:07 [bridge] Writer: 0 unread
2026/5/1 14:43:08 [bridge] Brunson: 0 unread
2026/5/1 14:43:08 [bridge] LP: 0 unread
2026/5/1 14:43:09 [bridge] Video: 0 unread
2026/5/1 14:43:09 [bridge] Researcher: 0 unread
2026/5/1 14:43:10 [bridge] Analyst: 0 unread
2026/5/1 14:43:10 [bridge] Product: 0 unread
2026/5/1 14:43:11 [bridge] SNS: 0 unread
2026/5/1 14:44:05 [bridge] poll at 2026/5/1 14:44:05
2026/5/1 14:44:06 [bridge] AI-Project: 0 unread
2026/5/1 14:44:06 [bridge] Leader: 1 unread
2026/5/1 14:44:07 [bridge] Designer: 0 unread
2026/5/1 14:44:07 [bridge] Writer: 0 unread
2026/5/1 14:44:08 [bridge] Brunson: 0 unread
2026/5/1 14:44:08 [bridge] LP: 0 unread
2026/5/1 14:44:09 [bridge] Video: 0 unread
2026/5/1 14:44:09 [bridge] Researcher: 0 unread
2026/5/1 14:44:10 [bridge] Analyst: 0 unread
2026/5/1 14:44:10 [bridge] Product: 0 unread
2026/5/1 14:44:11 [bridge] SNS: 0 unread
2026/5/1 14:45:05 [bridge] poll at 2026/5/1 14:45:05
2026/5/1 14:45:06 [bridge] AI-Project: 0 unread
2026/5/1 14:45:06 [bridge] Leader: 1 unread
2026/5/1 14:45:07 [bridge] Designer: 0 unread
2026/5/1 14:45:07 [bridge] Writer: 0 unread
2026/5/1 14:45:08 [bridge] Brunson: 0 unread
2026/5/1 14:45:08 [bridge] LP: 0 unread
2026/5/1 14:45:09 [bridge] Video: 0 unread
2026/5/1 14:45:09 [bridge] Researcher: 0 unread
2026/5/1 14:45:10 [bridge] Analyst: 0 unread
2026/5/1 14:45:10 [bridge] Product: 0 unread
2026/5/1 14:45:11 [bridge] SNS: 0 unread
2026/5/1 14:46:05 [bridge] poll at 2026/5/1 14:46:05
2026/5/1 14:46:07 [bridge] AI-Project: 0 unread
2026/5/1 14:46:07 [bridge] Leader: 1 unread
2026/5/1 14:46:08 [bridge] Designer: 0 unread
2026/5/1 14:46:08 [bridge] Writer: 0 unread
2026/5/1 14:46:09 [bridge] Brunson: 0 unread
2026/5/1 14:46:09 [bridge] LP: 0 unread
2026/5/1 14:46:10 [bridge] Video: 0 unread
2026/5/1 14:46:10 [bridge] Researcher: 0 unread
2026/5/1 14:46:11 [bridge] Analyst: 0 unread
2026/5/1 14:46:11 [bridge] Product: 0 unread
2026/5/1 14:46:12 [bridge] SNS: 0 unread
2026/5/1 14:47:05 [bridge] poll at 2026/5/1 14:47:05
2026/5/1 14:47:06 [bridge] AI-Project: 0 unread
2026/5/1 14:47:06 [bridge] Leader: 1 unread
2026/5/1 14:47:07 [bridge] Designer: 0 unread
2026/5/1 14:47:07 [bridge] Writer: 0 unread
2026/5/1 14:47:08 [bridge] Brunson: 0 unread
2026/5/1 14:47:08 [bridge] LP: 0 unread
2026/5/1 14:47:09 [bridge] Video: 0 unread
2026/5/1 14:47:09 [bridge] Researcher: 0 unread
2026/5/1 14:47:10 [bridge] Analyst: 0 unread
2026/5/1 14:47:10 [bridge] Product: 0 unread
2026/5/1 14:47:11 [bridge] SNS: 0 unread
2026/5/1 14:48:05 [bridge] poll at 2026/5/1 14:48:05
2026/5/1 14:48:06 [bridge] AI-Project: 0 unread
2026/5/1 14:48:06 [bridge] Leader: 1 unread
2026/5/1 14:48:07 [bridge] Designer: 0 unread
2026/5/1 14:48:07 [bridge] Writer: 0 unread
2026/5/1 14:48:08 [bridge] Brunson: 0 unread
2026/5/1 14:48:08 [bridge] LP: 0 unread
2026/5/1 14:48:09 [bridge] Video: 0 unread
2026/5/1 14:48:09 [bridge] Researcher: 0 unread
2026/5/1 14:48:10 [bridge] Analyst: 0 unread
2026/5/1 14:48:10 [bridge] Product: 0 unread
2026/5/1 14:48:11 [bridge] SNS: 0 unread
2026/5/1 14:49:05 [bridge] poll at 2026/5/1 14:49:05
2026/5/1 14:49:06 [bridge] AI-Project: 0 unread
2026/5/1 14:49:06 [bridge] Leader: 1 unread
2026/5/1 14:49:07 [bridge] Designer: 0 unread
2026/5/1 14:49:07 [bridge] Writer: 0 unread
2026/5/1 14:49:07 [bridge] Brunson: 0 unread
2026/5/1 14:49:08 [bridge] LP: 0 unread
2026/5/1 14:49:08 [bridge] Video: 0 unread
2026/5/1 14:49:09 [bridge] Researcher: 0 unread
2026/5/1 14:49:09 [bridge] Analyst: 0 unread
2026/5/1 14:49:10 [bridge] Product: 0 unread
2026/5/1 14:49:10 [bridge] SNS: 0 unread
2026/5/1 14:50:05 [bridge] poll at 2026/5/1 14:50:05
2026/5/1 14:50:06 [bridge] AI-Project: 0 unread
2026/5/1 14:50:06 [bridge] Leader: 1 unread
2026/5/1 14:50:07 [bridge] Designer: 0 unread
2026/5/1 14:50:07 [bridge] Writer: 0 unread
2026/5/1 14:50:07 [bridge] Brunson: 0 unread
2026/5/1 14:50:08 [bridge] LP: 0 unread
2026/5/1 14:50:08 [bridge] Video: 0 unread
2026/5/1 14:50:09 [bridge] Researcher: 0 unread
2026/5/1 14:50:09 [bridge] Analyst: 0 unread
2026/5/1 14:50:10 [bridge] Product: 0 unread
2026/5/1 14:50:10 [bridge] SNS: 0 unread
2026/5/1 14:51:05 [bridge] poll at 2026/5/1 14:51:05
2026/5/1 14:51:06 [bridge] AI-Project: 0 unread
2026/5/1 14:51:06 [bridge] Leader: 1 unread
2026/5/1 14:51:07 [bridge] Designer: 0 unread
2026/5/1 14:51:07 [bridge] Writer: 0 unread
2026/5/1 14:51:08 [bridge] Brunson: 0 unread
2026/5/1 14:51:08 [bridge] LP: 0 unread
2026/5/1 14:51:09 [bridge] Video: 0 unread
2026/5/1 14:51:09 [bridge] Researcher: 0 unread
2026/5/1 14:51:10 [bridge] Analyst: 0 unread
2026/5/1 14:51:10 [bridge] Product: 0 unread
2026/5/1 14:51:11 [bridge] SNS: 0 unread
2026/5/1 14:52:05 [bridge] poll at 2026/5/1 14:52:05
2026/5/1 14:52:07 [bridge] AI-Project: 0 unread
2026/5/1 14:52:07 [bridge] Leader: 1 unread
2026/5/1 14:52:08 [bridge] Designer: 0 unread
2026/5/1 14:52:09 [bridge] Writer: 0 unread
2026/5/1 14:52:09 [bridge] Brunson: 0 unread
2026/5/1 14:52:10 [bridge] LP: 0 unread
2026/5/1 14:52:10 [bridge] Video: 0 unread
2026/5/1 14:52:11 [bridge] Researcher: 0 unread
2026/5/1 14:52:11 [bridge] Analyst: 0 unread
2026/5/1 14:52:12 [bridge] Product: 0 unread
2026/5/1 14:52:12 [bridge] SNS: 0 unread
2026/5/1 14:53:05 [bridge] poll at 2026/5/1 14:53:05
2026/5/1 14:53:06 [bridge] AI-Project: 0 unread
2026/5/1 14:53:06 [bridge] Leader: 1 unread
2026/5/1 14:53:07 [bridge] Designer: 0 unread
2026/5/1 14:53:07 [bridge] Writer: 0 unread
2026/5/1 14:53:07 [bridge] Brunson: 0 unread
2026/5/1 14:53:08 [bridge] LP: 0 unread
2026/5/1 14:53:08 [bridge] Video: 0 unread
2026/5/1 14:53:09 [bridge] Researcher: 0 unread
2026/5/1 14:53:09 [bridge] Analyst: 0 unread
2026/5/1 14:53:10 [bridge] Product: 0 unread
2026/5/1 14:53:10 [bridge] SNS: 0 unread
2026/5/1 14:54:05 [bridge] poll at 2026/5/1 14:54:05
2026/5/1 14:54:06 [bridge] AI-Project: 0 unread
2026/5/1 14:54:06 [bridge] Leader: 1 unread
2026/5/1 14:54:07 [bridge] Designer: 0 unread
2026/5/1 14:54:07 [bridge] Writer: 0 unread
2026/5/1 14:54:08 [bridge] Brunson: 0 unread
2026/5/1 14:54:08 [bridge] LP: 0 unread
2026/5/1 14:54:09 [bridge] Video: 0 unread
2026/5/1 14:54:09 [bridge] Researcher: 0 unread
2026/5/1 14:54:10 [bridge] Analyst: 0 unread
2026/5/1 14:54:10 [bridge] Product: 0 unread
2026/5/1 14:54:11 [bridge] SNS: 0 unread
2026/5/1 14:55:05 [bridge] poll at 2026/5/1 14:55:05
2026/5/1 14:55:06 [bridge] AI-Project: 0 unread
2026/5/1 14:55:06 [bridge] Leader: 1 unread
2026/5/1 14:55:07 [bridge] Designer: 0 unread
2026/5/1 14:55:07 [bridge] Writer: 0 unread
2026/5/1 14:55:08 [bridge] Brunson: 0 unread
2026/5/1 14:55:08 [bridge] LP: 0 unread
2026/5/1 14:55:09 [bridge] Video: 0 unread
2026/5/1 14:55:09 [bridge] Researcher: 0 unread
2026/5/1 14:55:10 [bridge] Analyst: 0 unread
2026/5/1 14:55:10 [bridge] Product: 0 unread
2026/5/1 14:55:11 [bridge] SNS: 0 unread
2026/5/1 14:56:05 [bridge] poll at 2026/5/1 14:56:05
2026/5/1 14:56:06 [bridge] AI-Project: 0 unread
2026/5/1 14:56:06 [bridge] Leader: 1 unread
2026/5/1 14:56:07 [bridge] Designer: 0 unread
2026/5/1 14:56:07 [bridge] Writer: 0 unread
2026/5/1 14:56:08 [bridge] Brunson: 0 unread
2026/5/1 14:56:08 [bridge] LP: 0 unread
2026/5/1 14:56:09 [bridge] Video: 0 unread
2026/5/1 14:56:09 [bridge] Researcher: 0 unread
2026/5/1 14:56:10 [bridge] Analyst: 0 unread
2026/5/1 14:56:10 [bridge] Product: 0 unread
2026/5/1 14:56:11 [bridge] SNS: 0 unread
2026/5/1 14:57:05 [bridge] poll at 2026/5/1 14:57:05
2026/5/1 14:57:06 [bridge] AI-Project: 0 unread
2026/5/1 14:57:06 [bridge] Leader: 1 unread
2026/5/1 14:57:07 [bridge] Designer: 0 unread
2026/5/1 14:57:07 [bridge] Writer: 0 unread
2026/5/1 14:57:08 [bridge] Brunson: 0 unread
2026/5/1 14:57:08 [bridge] LP: 0 unread
2026/5/1 14:57:09 [bridge] Video: 0 unread
2026/5/1 14:57:09 [bridge] Researcher: 0 unread
2026/5/1 14:57:10 [bridge] Analyst: 0 unread
2026/5/1 14:57:10 [bridge] Product: 0 unread
2026/5/1 14:57:11 [bridge] SNS: 0 unread
2026/5/1 14:58:05 [bridge] poll at 2026/5/1 14:58:05
2026/5/1 14:58:07 [bridge] AI-Project: 0 unread
2026/5/1 14:58:07 [bridge] Leader: 1 unread
2026/5/1 14:58:08 [bridge] Designer: 0 unread
2026/5/1 14:58:08 [bridge] Writer: 0 unread
2026/5/1 14:58:09 [bridge] Brunson: 0 unread
2026/5/1 14:58:09 [bridge] LP: 0 unread
2026/5/1 14:58:10 [bridge] Video: 0 unread
2026/5/1 14:58:10 [bridge] Researcher: 0 unread
2026/5/1 14:58:11 [bridge] Analyst: 0 unread
2026/5/1 14:58:11 [bridge] Product: 0 unread
2026/5/1 14:58:12 [bridge] SNS: 0 unread
2026/5/1 14:59:05 [bridge] poll at 2026/5/1 14:59:05
2026/5/1 14:59:06 [bridge] AI-Project: 0 unread
2026/5/1 14:59:06 [bridge] Leader: 1 unread
2026/5/1 14:59:07 [bridge] Designer: 0 unread
2026/5/1 14:59:07 [bridge] Writer: 0 unread
2026/5/1 14:59:08 [bridge] Brunson: 0 unread
2026/5/1 14:59:08 [bridge] LP: 0 unread
2026/5/1 14:59:09 [bridge] Video: 0 unread
2026/5/1 14:59:09 [bridge] Researcher: 0 unread
2026/5/1 14:59:10 [bridge] Analyst: 0 unread
2026/5/1 14:59:10 [bridge] Product: 0 unread
2026/5/1 14:59:11 [bridge] SNS: 0 unread
2026/5/1 15:00:05 [bridge] poll at 2026/5/1 15:00:05
2026/5/1 15:00:06 [bridge] AI-Project: 0 unread
2026/5/1 15:00:06 [bridge] Leader: 1 unread
2026/5/1 15:00:07 [bridge] Designer: 0 unread
2026/5/1 15:00:07 [bridge] Writer: 0 unread
2026/5/1 15:00:08 [bridge] Brunson: 0 unread
2026/5/1 15:00:08 [bridge] LP: 0 unread
2026/5/1 15:00:09 [bridge] Video: 0 unread
2026/5/1 15:00:09 [bridge] Researcher: 0 unread
2026/5/1 15:00:10 [bridge] Analyst: 0 unread
2026/5/1 15:00:10 [bridge] Product: 0 unread
2026/5/1 15:00:11 [bridge] SNS: 0 unread
2026/5/1 15:01:05 [bridge] poll at 2026/5/1 15:01:05
2026/5/1 15:01:06 [bridge] AI-Project: 0 unread
2026/5/1 15:01:06 [bridge] Leader: 1 unread
2026/5/1 15:01:07 [bridge] Designer: 0 unread
2026/5/1 15:01:07 [bridge] Writer: 0 unread
2026/5/1 15:01:08 [bridge] Brunson: 0 unread
2026/5/1 15:01:08 [bridge] LP: 0 unread
2026/5/1 15:01:08 [bridge] Video: 0 unread
2026/5/1 15:01:09 [bridge] Researcher: 0 unread
2026/5/1 15:01:09 [bridge] Analyst: 0 unread
2026/5/1 15:01:10 [bridge] Product: 0 unread
2026/5/1 15:01:10 [bridge] SNS: 0 unread
2026/5/1 15:02:05 [bridge] poll at 2026/5/1 15:02:05
2026/5/1 15:02:06 [bridge] AI-Project: 0 unread
2026/5/1 15:02:06 [bridge] Leader: 1 unread
2026/5/1 15:02:07 [bridge] Designer: 0 unread
2026/5/1 15:02:07 [bridge] Writer: 0 unread
2026/5/1 15:02:08 [bridge] Brunson: 0 unread
2026/5/1 15:02:08 [bridge] LP: 0 unread
2026/5/1 15:02:09 [bridge] Video: 0 unread
2026/5/1 15:02:09 [bridge] Researcher: 0 unread
2026/5/1 15:02:10 [bridge] Analyst: 0 unread
2026/5/1 15:02:10 [bridge] Product: 0 unread
2026/5/1 15:02:10 [bridge] SNS: 0 unread
2026/5/1 15:03:05 [bridge] poll at 2026/5/1 15:03:05
2026/5/1 15:03:06 [bridge] AI-Project: 0 unread
2026/5/1 15:03:06 [bridge] Leader: 1 unread
2026/5/1 15:03:07 [bridge] Designer: 0 unread
2026/5/1 15:03:07 [bridge] Writer: 0 unread
2026/5/1 15:03:08 [bridge] Brunson: 0 unread
2026/5/1 15:03:08 [bridge] LP: 0 unread
2026/5/1 15:03:08 [bridge] Video: 0 unread
2026/5/1 15:03:09 [bridge] Researcher: 0 unread
2026/5/1 15:03:09 [bridge] Analyst: 0 unread
2026/5/1 15:03:10 [bridge] Product: 0 unread
2026/5/1 15:03:10 [bridge] SNS: 0 unread
2026/5/1 15:04:05 [bridge] poll at 2026/5/1 15:04:05
2026/5/1 15:04:07 [bridge] AI-Project: 0 unread
2026/5/1 15:04:08 [bridge] Leader: 1 unread
2026/5/1 15:04:08 [bridge] Designer: 0 unread
2026/5/1 15:04:09 [bridge] Writer: 0 unread
2026/5/1 15:04:09 [bridge] Brunson: 0 unread
2026/5/1 15:04:10 [bridge] LP: 0 unread
2026/5/1 15:04:10 [bridge] Video: 0 unread
2026/5/1 15:04:11 [bridge] Researcher: 0 unread
2026/5/1 15:04:11 [bridge] Analyst: 0 unread
2026/5/1 15:04:12 [bridge] Product: 0 unread
2026/5/1 15:04:12 [bridge] SNS: 0 unread
2026/5/1 15:05:05 [bridge] poll at 2026/5/1 15:05:05
2026/5/1 15:05:06 [bridge] AI-Project: 0 unread
2026/5/1 15:05:06 [bridge] Leader: 1 unread
2026/5/1 15:05:07 [bridge] Designer: 0 unread
2026/5/1 15:05:07 [bridge] Writer: 0 unread
2026/5/1 15:05:08 [bridge] Brunson: 0 unread
2026/5/1 15:05:08 [bridge] LP: 0 unread
2026/5/1 15:05:09 [bridge] Video: 0 unread
2026/5/1 15:05:09 [bridge] Researcher: 0 unread
2026/5/1 15:05:10 [bridge] Analyst: 0 unread
2026/5/1 15:05:10 [bridge] Product: 0 unread
2026/5/1 15:05:11 [bridge] SNS: 0 unread
2026/5/1 15:06:05 [bridge] poll at 2026/5/1 15:06:05
2026/5/1 15:06:06 [bridge] AI-Project: 0 unread
2026/5/1 15:06:07 [bridge] Leader: 1 unread
2026/5/1 15:06:07 [bridge] Designer: 0 unread
2026/5/1 15:06:08 [bridge] Writer: 0 unread
2026/5/1 15:06:08 [bridge] Brunson: 0 unread
2026/5/1 15:06:09 [bridge] LP: 0 unread
2026/5/1 15:06:09 [bridge] Video: 0 unread
2026/5/1 15:06:10 [bridge] Researcher: 0 unread
2026/5/1 15:06:10 [bridge] Analyst: 0 unread
2026/5/1 15:06:11 [bridge] Product: 0 unread
2026/5/1 15:06:11 [bridge] SNS: 0 unread
2026/5/1 15:07:05 [bridge] poll at 2026/5/1 15:07:05
2026/5/1 15:07:06 [bridge] AI-Project: 0 unread
2026/5/1 15:07:06 [bridge] Leader: 1 unread
2026/5/1 15:07:07 [bridge] Designer: 0 unread
2026/5/1 15:07:07 [bridge] Writer: 0 unread
2026/5/1 15:07:08 [bridge] Brunson: 0 unread
2026/5/1 15:07:09 [bridge] LP: 0 unread
2026/5/1 15:07:09 [bridge] Video: 0 unread
2026/5/1 15:07:10 [bridge] Researcher: 0 unread
2026/5/1 15:07:10 [bridge] Analyst: 0 unread
2026/5/1 15:07:11 [bridge] Product: 0 unread
2026/5/1 15:07:11 [bridge] SNS: 0 unread
2026/5/1 15:08:05 [bridge] poll at 2026/5/1 15:08:05
2026/5/1 15:08:06 [bridge] AI-Project: 0 unread
2026/5/1 15:08:06 [bridge] Leader: 1 unread
2026/5/1 15:08:07 [bridge] Designer: 0 unread
2026/5/1 15:08:07 [bridge] Writer: 0 unread
2026/5/1 15:08:08 [bridge] Brunson: 0 unread
2026/5/1 15:08:08 [bridge] LP: 0 unread
2026/5/1 15:08:09 [bridge] Video: 0 unread
2026/5/1 15:08:09 [bridge] Researcher: 0 unread
2026/5/1 15:08:10 [bridge] Analyst: 0 unread
2026/5/1 15:08:10 [bridge] Product: 0 unread
2026/5/1 15:08:11 [bridge] SNS: 0 unread
2026/5/1 15:09:05 [bridge] poll at 2026/5/1 15:09:05
2026/5/1 15:09:06 [bridge] AI-Project: 0 unread
2026/5/1 15:09:06 [bridge] Leader: 1 unread
2026/5/1 15:09:07 [bridge] Designer: 0 unread
2026/5/1 15:09:07 [bridge] Writer: 0 unread
2026/5/1 15:09:08 [bridge] Brunson: 0 unread
2026/5/1 15:09:08 [bridge] LP: 0 unread
2026/5/1 15:09:09 [bridge] Video: 0 unread
2026/5/1 15:09:09 [bridge] Researcher: 0 unread
2026/5/1 15:09:09 [bridge] Analyst: 0 unread
2026/5/1 15:09:10 [bridge] Product: 0 unread
2026/5/1 15:09:10 [bridge] SNS: 0 unread
2026/5/1 15:10:05 [bridge] poll at 2026/5/1 15:10:05
2026/5/1 15:10:07 [bridge] AI-Project: 0 unread
2026/5/1 15:10:07 [bridge] Leader: 1 unread
2026/5/1 15:10:08 [bridge] Designer: 0 unread
2026/5/1 15:10:08 [bridge] Writer: 0 unread
2026/5/1 15:10:09 [bridge] Brunson: 0 unread
2026/5/1 15:10:09 [bridge] LP: 0 unread
2026/5/1 15:10:10 [bridge] Video: 0 unread
2026/5/1 15:10:10 [bridge] Researcher: 0 unread
2026/5/1 15:10:11 [bridge] Analyst: 0 unread
2026/5/1 15:10:11 [bridge] Product: 0 unread
2026/5/1 15:10:12 [bridge] SNS: 0 unread
2026/5/1 15:11:05 [bridge] poll at 2026/5/1 15:11:05
2026/5/1 15:11:06 [bridge] AI-Project: 0 unread
2026/5/1 15:11:06 [bridge] Leader: 1 unread
2026/5/1 15:11:07 [bridge] Designer: 0 unread
2026/5/1 15:11:07 [bridge] Writer: 0 unread
2026/5/1 15:11:08 [bridge] Brunson: 0 unread
2026/5/1 15:11:08 [bridge] LP: 0 unread
2026/5/1 15:11:09 [bridge] Video: 0 unread
2026/5/1 15:11:09 [bridge] Researcher: 0 unread
2026/5/1 15:11:09 [bridge] Analyst: 0 unread
2026/5/1 15:11:10 [bridge] Product: 0 unread
2026/5/1 15:11:10 [bridge] SNS: 0 unread
2026/5/1 15:12:05 [bridge] poll at 2026/5/1 15:12:05
2026/5/1 15:12:06 [bridge] AI-Project: 0 unread
2026/5/1 15:12:07 [bridge] Leader: 1 unread
2026/5/1 15:12:07 [bridge] Designer: 0 unread
2026/5/1 15:12:08 [bridge] Writer: 0 unread
2026/5/1 15:12:08 [bridge] Brunson: 0 unread
2026/5/1 15:12:09 [bridge] LP: 0 unread
2026/5/1 15:12:09 [bridge] Video: 0 unread
2026/5/1 15:12:10 [bridge] Researcher: 0 unread
2026/5/1 15:12:10 [bridge] Analyst: 0 unread
2026/5/1 15:12:11 [bridge] Product: 0 unread
2026/5/1 15:12:11 [bridge] SNS: 0 unread
2026/5/1 15:13:05 [bridge] poll at 2026/5/1 15:13:05
2026/5/1 15:13:06 [bridge] AI-Project: 0 unread
2026/5/1 15:13:07 [bridge] Leader: 1 unread
2026/5/1 15:13:07 [bridge] Designer: 0 unread
2026/5/1 15:13:08 [bridge] Writer: 0 unread
2026/5/1 15:13:08 [bridge] Brunson: 0 unread
2026/5/1 15:13:09 [bridge] LP: 0 unread
2026/5/1 15:13:09 [bridge] Video: 0 unread
2026/5/1 15:13:10 [bridge] Researcher: 0 unread
2026/5/1 15:13:10 [bridge] Analyst: 0 unread
2026/5/1 15:13:11 [bridge] Product: 0 unread
2026/5/1 15:13:11 [bridge] SNS: 0 unread
2026/5/1 15:14:05 [bridge] poll at 2026/5/1 15:14:05
2026/5/1 15:14:06 [bridge] AI-Project: 0 unread
2026/5/1 15:14:07 [bridge] Leader: 1 unread
2026/5/1 15:14:07 [bridge] Designer: 0 unread
2026/5/1 15:14:08 [bridge] Writer: 0 unread
2026/5/1 15:14:08 [bridge] Brunson: 0 unread
2026/5/1 15:14:09 [bridge] LP: 0 unread
2026/5/1 15:14:09 [bridge] Video: 0 unread
2026/5/1 15:14:10 [bridge] Researcher: 0 unread
2026/5/1 15:14:10 [bridge] Analyst: 0 unread
2026/5/1 15:14:11 [bridge] Product: 0 unread
2026/5/1 15:14:11 [bridge] SNS: 0 unread
2026/5/1 15:15:05 [bridge] poll at 2026/5/1 15:15:05
2026/5/1 15:15:06 [bridge] AI-Project: 0 unread
2026/5/1 15:15:07 [bridge] Leader: 1 unread
2026/5/1 15:15:07 [bridge] Designer: 0 unread
2026/5/1 15:15:08 [bridge] Writer: 0 unread
2026/5/1 15:15:08 [bridge] Brunson: 0 unread
2026/5/1 15:15:09 [bridge] LP: 0 unread
2026/5/1 15:15:09 [bridge] Video: 0 unread
2026/5/1 15:15:10 [bridge] Researcher: 0 unread
2026/5/1 15:15:10 [bridge] Analyst: 0 unread
2026/5/1 15:15:11 [bridge] Product: 0 unread
2026/5/1 15:15:12 [bridge] SNS: 0 unread
2026/5/1 15:16:05 [bridge] poll at 2026/5/1 15:16:05
2026/5/1 15:16:07 [bridge] AI-Project: 0 unread
2026/5/1 15:16:08 [bridge] Leader: 1 unread
2026/5/1 15:16:08 [bridge] Designer: 0 unread
2026/5/1 15:16:09 [bridge] Writer: 0 unread
2026/5/1 15:16:09 [bridge] Brunson: 0 unread
2026/5/1 15:16:10 [bridge] LP: 0 unread
2026/5/1 15:16:10 [bridge] Video: 0 unread
2026/5/1 15:16:11 [bridge] Researcher: 0 unread
2026/5/1 15:16:11 [bridge] Analyst: 0 unread
2026/5/1 15:16:12 [bridge] Product: 0 unread
2026/5/1 15:16:12 [bridge] SNS: 0 unread
2026/5/1 15:17:05 [bridge] poll at 2026/5/1 15:17:05
2026/5/1 15:17:06 [bridge] AI-Project: 0 unread
2026/5/1 15:17:07 [bridge] Leader: 1 unread
2026/5/1 15:17:07 [bridge] Designer: 0 unread
2026/5/1 15:17:08 [bridge] Writer: 0 unread
2026/5/1 15:17:08 [bridge] Brunson: 0 unread
2026/5/1 15:17:09 [bridge] LP: 0 unread
2026/5/1 15:17:09 [bridge] Video: 0 unread
2026/5/1 15:17:10 [bridge] Researcher: 0 unread
2026/5/1 15:17:10 [bridge] Analyst: 0 unread
2026/5/1 15:17:11 [bridge] Product: 0 unread
2026/5/1 15:17:11 [bridge] SNS: 0 unread
2026/5/1 15:18:05 [bridge] poll at 2026/5/1 15:18:05
2026/5/1 15:18:06 [bridge] AI-Project: 0 unread
2026/5/1 15:18:07 [bridge] Leader: 1 unread
2026/5/1 15:18:07 [bridge] Designer: 0 unread
2026/5/1 15:18:08 [bridge] Writer: 0 unread
2026/5/1 15:18:08 [bridge] Brunson: 0 unread
2026/5/1 15:18:09 [bridge] LP: 0 unread
2026/5/1 15:18:09 [bridge] Video: 0 unread
2026/5/1 15:18:10 [bridge] Researcher: 0 unread
2026/5/1 15:18:10 [bridge] Analyst: 0 unread
2026/5/1 15:18:10 [bridge] Product: 0 unread
2026/5/1 15:18:11 [bridge] SNS: 0 unread
2026/5/1 15:19:05 [bridge] poll at 2026/5/1 15:19:05
2026/5/1 15:19:06 [bridge] AI-Project: 0 unread
2026/5/1 15:19:07 [bridge] Leader: 1 unread
2026/5/1 15:19:07 [bridge] Designer: 0 unread
2026/5/1 15:19:08 [bridge] Writer: 0 unread
2026/5/1 15:19:08 [bridge] Brunson: 0 unread
2026/5/1 15:19:09 [bridge] LP: 0 unread
2026/5/1 15:19:09 [bridge] Video: 0 unread
2026/5/1 15:19:10 [bridge] Researcher: 0 unread
2026/5/1 15:19:10 [bridge] Analyst: 0 unread
2026/5/1 15:19:11 [bridge] Product: 0 unread
2026/5/1 15:19:11 [bridge] SNS: 0 unread
2026/5/1 15:20:05 [bridge] poll at 2026/5/1 15:20:05
2026/5/1 15:20:06 [bridge] AI-Project: 0 unread
2026/5/1 15:20:07 [bridge] Leader: 1 unread
2026/5/1 15:20:07 [bridge] Designer: 0 unread
2026/5/1 15:20:08 [bridge] Writer: 0 unread
2026/5/1 15:20:08 [bridge] Brunson: 0 unread
2026/5/1 15:20:09 [bridge] LP: 0 unread
2026/5/1 15:20:09 [bridge] Video: 0 unread
2026/5/1 15:20:10 [bridge] Researcher: 0 unread
2026/5/1 15:20:10 [bridge] Analyst: 0 unread
2026/5/1 15:20:11 [bridge] Product: 0 unread
2026/5/1 15:20:11 [bridge] SNS: 0 unread
2026/5/1 15:21:05 [bridge] poll at 2026/5/1 15:21:05
2026/5/1 15:21:06 [bridge] AI-Project: 0 unread
2026/5/1 15:21:07 [bridge] Leader: 1 unread
2026/5/1 15:21:07 [bridge] Designer: 0 unread
2026/5/1 15:21:08 [bridge] Writer: 0 unread
2026/5/1 15:21:08 [bridge] Brunson: 0 unread
2026/5/1 15:21:09 [bridge] LP: 0 unread
2026/5/1 15:21:09 [bridge] Video: 0 unread
2026/5/1 15:21:10 [bridge] Researcher: 0 unread
2026/5/1 15:21:10 [bridge] Analyst: 0 unread
2026/5/1 15:21:11 [bridge] Product: 0 unread
2026/5/1 15:21:11 [bridge] SNS: 0 unread
2026/5/1 15:22:05 [bridge] poll at 2026/5/1 15:22:05
2026/5/1 15:22:07 [bridge] AI-Project: 0 unread
2026/5/1 15:22:08 [bridge] Leader: 1 unread
2026/5/1 15:22:08 [bridge] Designer: 0 unread
2026/5/1 15:22:09 [bridge] Writer: 0 unread
2026/5/1 15:22:09 [bridge] Brunson: 0 unread
2026/5/1 15:22:10 [bridge] LP: 0 unread
2026/5/1 15:22:10 [bridge] Video: 0 unread
2026/5/1 15:22:11 [bridge] Researcher: 0 unread
2026/5/1 15:22:11 [bridge] Analyst: 0 unread
2026/5/1 15:22:12 [bridge] Product: 0 unread
2026/5/1 15:22:12 [bridge] SNS: 0 unread
2026/5/1 15:23:05 [bridge] poll at 2026/5/1 15:23:05
2026/5/1 15:23:06 [bridge] AI-Project: 0 unread
2026/5/1 15:23:07 [bridge] Leader: 1 unread
2026/5/1 15:23:07 [bridge] Designer: 0 unread
2026/5/1 15:23:08 [bridge] Writer: 0 unread
2026/5/1 15:23:08 [bridge] Brunson: 0 unread
2026/5/1 15:23:09 [bridge] LP: 0 unread
2026/5/1 15:23:09 [bridge] Video: 0 unread
2026/5/1 15:23:10 [bridge] Researcher: 0 unread
2026/5/1 15:23:10 [bridge] Analyst: 0 unread
2026/5/1 15:23:11 [bridge] Product: 0 unread
2026/5/1 15:23:11 [bridge] SNS: 0 unread
2026/5/1 15:24:05 [bridge] poll at 2026/5/1 15:24:05
2026/5/1 15:24:06 [bridge] AI-Project: 0 unread
2026/5/1 15:24:07 [bridge] Leader: 1 unread
2026/5/1 15:24:07 [bridge] Designer: 0 unread
2026/5/1 15:24:08 [bridge] Writer: 0 unread
2026/5/1 15:24:08 [bridge] Brunson: 0 unread
2026/5/1 15:24:09 [bridge] LP: 0 unread
2026/5/1 15:24:09 [bridge] Video: 0 unread
2026/5/1 15:24:10 [bridge] Researcher: 0 unread
2026/5/1 15:24:10 [bridge] Analyst: 0 unread
2026/5/1 15:24:11 [bridge] Product: 0 unread
2026/5/1 15:24:11 [bridge] SNS: 0 unread
2026/5/1 15:25:05 [bridge] poll at 2026/5/1 15:25:05
2026/5/1 15:25:06 [bridge] AI-Project: 0 unread
2026/5/1 15:25:07 [bridge] Leader: 1 unread
2026/5/1 15:25:07 [bridge] Designer: 0 unread
2026/5/1 15:25:08 [bridge] Writer: 0 unread
2026/5/1 15:25:08 [bridge] Brunson: 0 unread
2026/5/1 15:25:09 [bridge] LP: 0 unread
2026/5/1 15:25:09 [bridge] Video: 0 unread
2026/5/1 15:25:10 [bridge] Researcher: 0 unread
2026/5/1 15:25:10 [bridge] Analyst: 0 unread
2026/5/1 15:25:11 [bridge] Product: 0 unread
2026/5/1 15:25:11 [bridge] SNS: 0 unread
2026/5/1 15:26:05 [bridge] poll at 2026/5/1 15:26:05
2026/5/1 15:26:06 [bridge] AI-Project: 0 unread
2026/5/1 15:26:07 [bridge] Leader: 1 unread
2026/5/1 15:26:07 [bridge] Designer: 0 unread
2026/5/1 15:26:08 [bridge] Writer: 0 unread
2026/5/1 15:26:08 [bridge] Brunson: 0 unread
2026/5/1 15:26:09 [bridge] LP: 0 unread
2026/5/1 15:26:09 [bridge] Video: 0 unread
2026/5/1 15:26:10 [bridge] Researcher: 0 unread
2026/5/1 15:26:10 [bridge] Analyst: 0 unread
2026/5/1 15:26:11 [bridge] Product: 0 unread
2026/5/1 15:26:12 [bridge] SNS: 0 unread
2026/5/1 15:27:05 [bridge] poll at 2026/5/1 15:27:05
2026/5/1 15:27:06 [bridge] AI-Project: 0 unread
2026/5/1 15:27:07 [bridge] Leader: 1 unread
2026/5/1 15:27:07 [bridge] Designer: 0 unread
2026/5/1 15:27:08 [bridge] Writer: 0 unread
2026/5/1 15:27:08 [bridge] Brunson: 0 unread
2026/5/1 15:27:09 [bridge] LP: 0 unread
2026/5/1 15:27:09 [bridge] Video: 0 unread
2026/5/1 15:27:10 [bridge] Researcher: 0 unread
2026/5/1 15:27:10 [bridge] Analyst: 0 unread
2026/5/1 15:27:11 [bridge] Product: 0 unread
2026/5/1 15:27:11 [bridge] SNS: 0 unread
2026/5/1 15:28:05 [bridge] poll at 2026/5/1 15:28:05
2026/5/1 15:28:07 [bridge] AI-Project: 0 unread
2026/5/1 15:28:08 [bridge] Leader: 1 unread
2026/5/1 15:28:08 [bridge] Designer: 0 unread
2026/5/1 15:28:09 [bridge] Writer: 0 unread
2026/5/1 15:28:09 [bridge] Brunson: 0 unread
2026/5/1 15:28:10 [bridge] LP: 0 unread
2026/5/1 15:28:10 [bridge] Video: 0 unread
2026/5/1 15:28:11 [bridge] Researcher: 0 unread
2026/5/1 15:28:11 [bridge] Analyst: 0 unread
2026/5/1 15:28:12 [bridge] Product: 0 unread
2026/5/1 15:28:12 [bridge] SNS: 0 unread
2026/5/1 15:29:05 [bridge] poll at 2026/5/1 15:29:05
2026/5/1 15:29:06 [bridge] AI-Project: 0 unread
2026/5/1 15:29:07 [bridge] Leader: 1 unread
2026/5/1 15:29:07 [bridge] Designer: 0 unread
2026/5/1 15:29:08 [bridge] Writer: 0 unread
2026/5/1 15:29:08 [bridge] Brunson: 0 unread
2026/5/1 15:29:09 [bridge] LP: 0 unread
2026/5/1 15:29:09 [bridge] Video: 0 unread
2026/5/1 15:29:10 [bridge] Researcher: 0 unread
2026/5/1 15:29:10 [bridge] Analyst: 0 unread
2026/5/1 15:29:10 [bridge] Product: 0 unread
2026/5/1 15:29:11 [bridge] SNS: 0 unread
2026/5/1 15:30:05 [bridge] poll at 2026/5/1 15:30:05
2026/5/1 15:30:06 [bridge] AI-Project: 0 unread
2026/5/1 15:30:07 [bridge] Leader: 1 unread
2026/5/1 15:30:07 [bridge] Designer: 0 unread
2026/5/1 15:30:08 [bridge] Writer: 0 unread
2026/5/1 15:30:08 [bridge] Brunson: 0 unread
2026/5/1 15:30:09 [bridge] LP: 0 unread
2026/5/1 15:30:09 [bridge] Video: 0 unread
2026/5/1 15:30:10 [bridge] Researcher: 0 unread
2026/5/1 15:30:10 [bridge] Analyst: 0 unread
2026/5/1 15:30:11 [bridge] Product: 0 unread
2026/5/1 15:30:11 [bridge] SNS: 0 unread
2026/5/1 15:31:05 [bridge] poll at 2026/5/1 15:31:05
2026/5/1 15:31:06 [bridge] AI-Project: 0 unread
2026/5/1 15:31:07 [bridge] Leader: 1 unread
2026/5/1 15:31:08 [bridge] Designer: 0 unread
2026/5/1 15:31:08 [bridge] Writer: 0 unread
2026/5/1 15:31:09 [bridge] Brunson: 0 unread
2026/5/1 15:31:09 [bridge] LP: 0 unread
2026/5/1 15:31:10 [bridge] Video: 0 unread
2026/5/1 15:31:10 [bridge] Researcher: 0 unread
2026/5/1 15:31:11 [bridge] Analyst: 0 unread
2026/5/1 15:31:11 [bridge] Product: 0 unread
2026/5/1 15:31:12 [bridge] SNS: 0 unread
2026/5/1 15:32:05 [bridge] poll at 2026/5/1 15:32:05
2026/5/1 15:32:06 [bridge] AI-Project: 0 unread
2026/5/1 15:32:07 [bridge] Leader: 1 unread
2026/5/1 15:32:07 [bridge] Designer: 0 unread
2026/5/1 15:32:08 [bridge] Writer: 0 unread
2026/5/1 15:32:08 [bridge] Brunson: 0 unread
2026/5/1 15:32:09 [bridge] LP: 0 unread
2026/5/1 15:32:09 [bridge] Video: 0 unread
2026/5/1 15:32:10 [bridge] Researcher: 0 unread
2026/5/1 15:32:11 [bridge] Analyst: 0 unread
2026/5/1 15:32:11 [bridge] Product: 0 unread
2026/5/1 15:32:12 [bridge] SNS: 0 unread
2026/5/1 15:33:05 [bridge] poll at 2026/5/1 15:33:05
2026/5/1 15:33:06 [bridge] AI-Project: 0 unread
2026/5/1 15:33:07 [bridge] Leader: 1 unread
2026/5/1 15:33:07 [bridge] Designer: 0 unread
2026/5/1 15:33:08 [bridge] Writer: 0 unread
2026/5/1 15:33:08 [bridge] Brunson: 0 unread
2026/5/1 15:33:09 [bridge] LP: 0 unread
2026/5/1 15:33:09 [bridge] Video: 0 unread
2026/5/1 15:33:10 [bridge] Researcher: 0 unread
2026/5/1 15:33:10 [bridge] Analyst: 0 unread
2026/5/1 15:33:11 [bridge] Product: 0 unread
2026/5/1 15:33:11 [bridge] SNS: 0 unread
2026/5/1 15:34:05 [bridge] poll at 2026/5/1 15:34:05
2026/5/1 15:34:07 [bridge] AI-Project: 0 unread
2026/5/1 15:34:08 [bridge] Leader: 1 unread
2026/5/1 15:34:08 [bridge] Designer: 0 unread
2026/5/1 15:34:09 [bridge] Writer: 0 unread
2026/5/1 15:34:09 [bridge] Brunson: 0 unread
2026/5/1 15:34:10 [bridge] LP: 0 unread
2026/5/1 15:34:10 [bridge] Video: 0 unread
2026/5/1 15:34:10 [bridge] Researcher: 0 unread
2026/5/1 15:34:11 [bridge] Analyst: 0 unread
2026/5/1 15:34:11 [bridge] Product: 0 unread
2026/5/1 15:34:12 [bridge] SNS: 0 unread
2026/5/1 15:35:05 [bridge] poll at 2026/5/1 15:35:05
2026/5/1 15:35:06 [bridge] AI-Project: 0 unread
2026/5/1 15:35:07 [bridge] Leader: 1 unread
2026/5/1 15:35:07 [bridge] Designer: 0 unread
2026/5/1 15:35:08 [bridge] Writer: 0 unread
2026/5/1 15:35:08 [bridge] Brunson: 0 unread
2026/5/1 15:35:09 [bridge] LP: 0 unread
2026/5/1 15:35:09 [bridge] Video: 0 unread
2026/5/1 15:35:10 [bridge] Researcher: 0 unread
2026/5/1 15:35:10 [bridge] Analyst: 0 unread
2026/5/1 15:35:11 [bridge] Product: 0 unread
2026/5/1 15:35:11 [bridge] SNS: 0 unread
2026/5/1 15:36:05 [bridge] poll at 2026/5/1 15:36:05
2026/5/1 15:36:06 [bridge] AI-Project: 0 unread
2026/5/1 15:36:07 [bridge] Leader: 1 unread
2026/5/1 15:36:07 [bridge] Designer: 0 unread
2026/5/1 15:36:08 [bridge] Writer: 0 unread
2026/5/1 15:36:08 [bridge] Brunson: 0 unread
2026/5/1 15:36:09 [bridge] LP: 0 unread
2026/5/1 15:36:09 [bridge] Video: 0 unread
2026/5/1 15:36:10 [bridge] Researcher: 0 unread
2026/5/1 15:36:10 [bridge] Analyst: 0 unread
2026/5/1 15:36:11 [bridge] Product: 0 unread
2026/5/1 15:36:11 [bridge] SNS: 0 unread
2026/5/1 15:37:05 [bridge] poll at 2026/5/1 15:37:05
2026/5/1 15:37:06 [bridge] AI-Project: 0 unread
2026/5/1 15:37:07 [bridge] Leader: 1 unread
2026/5/1 15:37:07 [bridge] Designer: 0 unread
2026/5/1 15:37:08 [bridge] Writer: 0 unread
2026/5/1 15:37:09 [bridge] Brunson: 0 unread
2026/5/1 15:37:09 [bridge] LP: 0 unread
2026/5/1 15:37:10 [bridge] Video: 0 unread
2026/5/1 15:37:10 [bridge] Researcher: 0 unread
2026/5/1 15:37:11 [bridge] Analyst: 0 unread
2026/5/1 15:37:11 [bridge] Product: 0 unread
2026/5/1 15:37:12 [bridge] SNS: 0 unread
2026/5/1 15:38:05 [bridge] poll at 2026/5/1 15:38:05
2026/5/1 15:38:06 [bridge] AI-Project: 0 unread
2026/5/1 15:38:07 [bridge] Leader: 1 unread
2026/5/1 15:38:07 [bridge] Designer: 0 unread
2026/5/1 15:38:08 [bridge] Writer: 0 unread
2026/5/1 15:38:08 [bridge] Brunson: 0 unread
2026/5/1 15:38:08 [bridge] LP: 0 unread
2026/5/1 15:38:09 [bridge] Video: 0 unread
2026/5/1 15:38:09 [bridge] Researcher: 0 unread
2026/5/1 15:38:10 [bridge] Analyst: 0 unread
2026/5/1 15:38:10 [bridge] Product: 0 unread
2026/5/1 15:38:11 [bridge] SNS: 0 unread
2026/5/1 15:39:05 [bridge] poll at 2026/5/1 15:39:05
2026/5/1 15:39:06 [bridge] AI-Project: 0 unread
2026/5/1 15:39:07 [bridge] Leader: 1 unread
2026/5/1 15:39:07 [bridge] Designer: 0 unread
2026/5/1 15:39:08 [bridge] Writer: 0 unread
2026/5/1 15:39:08 [bridge] Brunson: 0 unread
2026/5/1 15:39:09 [bridge] LP: 0 unread
2026/5/1 15:39:09 [bridge] Video: 0 unread
2026/5/1 15:39:09 [bridge] Researcher: 0 unread
2026/5/1 15:39:10 [bridge] Analyst: 0 unread
2026/5/1 15:39:10 [bridge] Product: 0 unread
2026/5/1 15:39:11 [bridge] SNS: 0 unread
2026/5/1 15:40:06 [bridge] poll at 2026/5/1 15:40:06
2026/5/1 15:40:07 [bridge] AI-Project: 0 unread
2026/5/1 15:40:08 [bridge] Leader: 1 unread
2026/5/1 15:40:08 [bridge] Designer: 0 unread
2026/5/1 15:40:09 [bridge] Writer: 0 unread
2026/5/1 15:40:09 [bridge] Brunson: 0 unread
2026/5/1 15:40:10 [bridge] LP: 0 unread
2026/5/1 15:40:10 [bridge] Video: 0 unread
2026/5/1 15:40:11 [bridge] Researcher: 0 unread
2026/5/1 15:40:11 [bridge] Analyst: 0 unread
2026/5/1 15:40:12 [bridge] Product: 0 unread
2026/5/1 15:40:12 [bridge] SNS: 0 unread
2026/5/1 15:41:06 [bridge] poll at 2026/5/1 15:41:06
2026/5/1 15:41:06 [bridge] AI-Project: 0 unread
2026/5/1 15:41:07 [bridge] Leader: 1 unread
2026/5/1 15:41:07 [bridge] Designer: 0 unread
2026/5/1 15:41:08 [bridge] Writer: 0 unread
2026/5/1 15:41:08 [bridge] Brunson: 0 unread
2026/5/1 15:41:09 [bridge] LP: 0 unread
2026/5/1 15:41:09 [bridge] Video: 0 unread
2026/5/1 15:41:10 [bridge] Researcher: 0 unread
2026/5/1 15:41:10 [bridge] Analyst: 0 unread
2026/5/1 15:41:11 [bridge] Product: 0 unread
2026/5/1 15:41:11 [bridge] SNS: 0 unread
2026/5/1 15:42:06 [bridge] poll at 2026/5/1 15:42:06
2026/5/1 15:42:06 [bridge] AI-Project: 0 unread
2026/5/1 15:42:07 [bridge] Leader: 1 unread
2026/5/1 15:42:07 [bridge] Designer: 0 unread
2026/5/1 15:42:08 [bridge] Writer: 0 unread
2026/5/1 15:42:08 [bridge] Brunson: 0 unread
2026/5/1 15:42:09 [bridge] LP: 0 unread
2026/5/1 15:42:09 [bridge] Video: 0 unread
2026/5/1 15:42:10 [bridge] Researcher: 0 unread
2026/5/1 15:42:10 [bridge] Analyst: 0 unread
2026/5/1 15:42:11 [bridge] Product: 0 unread
2026/5/1 15:42:11 [bridge] SNS: 0 unread
2026/5/1 15:43:06 [bridge] poll at 2026/5/1 15:43:06
2026/5/1 15:43:06 [bridge] AI-Project: 0 unread
2026/5/1 15:43:07 [bridge] Leader: 1 unread
2026/5/1 15:43:07 [bridge] Designer: 0 unread
2026/5/1 15:43:08 [bridge] Writer: 0 unread
2026/5/1 15:43:08 [bridge] Brunson: 0 unread
2026/5/1 15:43:09 [bridge] LP: 0 unread
2026/5/1 15:43:09 [bridge] Video: 0 unread
2026/5/1 15:43:10 [bridge] Researcher: 0 unread
2026/5/1 15:43:10 [bridge] Analyst: 0 unread
2026/5/1 15:43:11 [bridge] Product: 0 unread
2026/5/1 15:43:11 [bridge] SNS: 0 unread
2026/5/1 15:44:06 [bridge] poll at 2026/5/1 15:44:06
2026/5/1 15:44:06 [bridge] AI-Project: 0 unread
2026/5/1 15:44:07 [bridge] Leader: 1 unread
2026/5/1 15:44:07 [bridge] Designer: 0 unread
2026/5/1 15:44:08 [bridge] Writer: 0 unread
2026/5/1 15:44:08 [bridge] Brunson: 0 unread
2026/5/1 15:44:09 [bridge] LP: 0 unread
2026/5/1 15:44:09 [bridge] Video: 0 unread
2026/5/1 15:44:10 [bridge] Researcher: 0 unread
2026/5/1 15:44:10 [bridge] Analyst: 0 unread
2026/5/1 15:44:11 [bridge] Product: 0 unread
2026/5/1 15:44:11 [bridge] SNS: 0 unread
2026/5/1 15:45:06 [bridge] poll at 2026/5/1 15:45:06
2026/5/1 15:45:06 [bridge] AI-Project: 0 unread
2026/5/1 15:45:07 [bridge] Leader: 1 unread
2026/5/1 15:45:08 [bridge] Designer: 0 unread
2026/5/1 15:45:08 [bridge] Writer: 0 unread
2026/5/1 15:45:09 [bridge] Brunson: 0 unread
2026/5/1 15:45:09 [bridge] LP: 0 unread
2026/5/1 15:45:10 [bridge] Video: 0 unread
2026/5/1 15:45:10 [bridge] Researcher: 0 unread
2026/5/1 15:45:11 [bridge] Analyst: 0 unread
2026/5/1 15:45:11 [bridge] Product: 0 unread
2026/5/1 15:45:11 [bridge] SNS: 0 unread
2026/5/1 15:46:06 [bridge] poll at 2026/5/1 15:46:06
2026/5/1 15:46:07 [bridge] AI-Project: 0 unread
2026/5/1 15:46:08 [bridge] Leader: 1 unread
2026/5/1 15:46:08 [bridge] Designer: 0 unread
2026/5/1 15:46:09 [bridge] Writer: 0 unread
2026/5/1 15:46:09 [bridge] Brunson: 0 unread
2026/5/1 15:46:10 [bridge] LP: 0 unread
2026/5/1 15:46:10 [bridge] Video: 0 unread
2026/5/1 15:46:11 [bridge] Researcher: 0 unread
2026/5/1 15:46:11 [bridge] Analyst: 0 unread
2026/5/1 15:46:12 [bridge] Product: 0 unread
2026/5/1 15:46:12 [bridge] SNS: 0 unread
2026/5/1 15:47:06 [bridge] poll at 2026/5/1 15:47:06
2026/5/1 15:47:06 [bridge] AI-Project: 0 unread
2026/5/1 15:47:07 [bridge] Leader: 1 unread
2026/5/1 15:47:07 [bridge] Designer: 0 unread
2026/5/1 15:47:08 [bridge] Writer: 0 unread
2026/5/1 15:47:08 [bridge] Brunson: 0 unread
2026/5/1 15:47:09 [bridge] LP: 0 unread
2026/5/1 15:47:09 [bridge] Video: 0 unread
2026/5/1 15:47:10 [bridge] Researcher: 0 unread
2026/5/1 15:47:10 [bridge] Analyst: 0 unread
2026/5/1 15:47:11 [bridge] Product: 0 unread
2026/5/1 15:47:12 [bridge] SNS: 0 unread
2026/5/1 15:48:06 [bridge] poll at 2026/5/1 15:48:06
2026/5/1 15:48:06 [bridge] AI-Project: 0 unread
2026/5/1 15:48:07 [bridge] Leader: 1 unread
2026/5/1 15:48:08 [bridge] Designer: 0 unread
2026/5/1 15:48:08 [bridge] Writer: 0 unread
2026/5/1 15:48:09 [bridge] Brunson: 0 unread
2026/5/1 15:48:09 [bridge] LP: 0 unread
2026/5/1 15:48:10 [bridge] Video: 0 unread
2026/5/1 15:48:10 [bridge] Researcher: 0 unread
2026/5/1 15:48:11 [bridge] Analyst: 0 unread
2026/5/1 15:48:11 [bridge] Product: 0 unread
2026/5/1 15:48:12 [bridge] SNS: 0 unread
2026/5/1 15:49:06 [bridge] poll at 2026/5/1 15:49:06
2026/5/1 15:49:06 [bridge] AI-Project: 0 unread
2026/5/1 15:49:07 [bridge] Leader: 1 unread
2026/5/1 15:49:07 [bridge] Designer: 0 unread
2026/5/1 15:49:08 [bridge] Writer: 0 unread
2026/5/1 15:49:08 [bridge] Brunson: 0 unread
2026/5/1 15:49:09 [bridge] LP: 0 unread
2026/5/1 15:49:09 [bridge] Video: 0 unread
2026/5/1 15:49:10 [bridge] Researcher: 0 unread
2026/5/1 15:49:10 [bridge] Analyst: 0 unread
2026/5/1 15:49:11 [bridge] Product: 0 unread
2026/5/1 15:49:11 [bridge] SNS: 0 unread
2026/5/1 15:50:06 [bridge] poll at 2026/5/1 15:50:06
2026/5/1 15:50:06 [bridge] AI-Project: 0 unread
2026/5/1 15:50:07 [bridge] Leader: 1 unread
2026/5/1 15:50:07 [bridge] Designer: 0 unread
2026/5/1 15:50:08 [bridge] Writer: 0 unread
2026/5/1 15:50:08 [bridge] Brunson: 0 unread
2026/5/1 15:50:09 [bridge] LP: 0 unread
2026/5/1 15:50:09 [bridge] Video: 0 unread
2026/5/1 15:50:10 [bridge] Researcher: 0 unread
2026/5/1 15:50:10 [bridge] Analyst: 0 unread
2026/5/1 15:50:11 [bridge] Product: 0 unread
2026/5/1 15:50:11 [bridge] SNS: 0 unread
2026/5/1 15:51:06 [bridge] poll at 2026/5/1 15:51:06
2026/5/1 15:51:06 [bridge] AI-Project: 0 unread
2026/5/1 15:51:07 [bridge] Leader: 1 unread
2026/5/1 15:51:07 [bridge] Designer: 0 unread
2026/5/1 15:51:08 [bridge] Writer: 0 unread
2026/5/1 15:51:08 [bridge] Brunson: 0 unread
2026/5/1 15:51:09 [bridge] LP: 0 unread
2026/5/1 15:51:09 [bridge] Video: 0 unread
2026/5/1 15:51:09 [bridge] Researcher: 0 unread
2026/5/1 15:51:10 [bridge] Analyst: 0 unread
2026/5/1 15:51:10 [bridge] Product: 0 unread
2026/5/1 15:51:11 [bridge] SNS: 0 unread
2026/5/1 15:52:06 [bridge] poll at 2026/5/1 15:52:06
2026/5/1 15:52:06 [bridge] AI-Project: 0 unread
2026/5/1 15:52:07 [bridge] Leader: 1 unread
2026/5/1 15:52:07 [bridge] Designer: 0 unread
2026/5/1 15:52:08 [bridge] Writer: 0 unread
2026/5/1 15:52:08 [bridge] Brunson: 0 unread
2026/5/1 15:52:09 [bridge] LP: 0 unread
2026/5/1 15:52:09 [bridge] Video: 0 unread
2026/5/1 15:52:10 [bridge] Researcher: 0 unread
2026/5/1 15:52:10 [bridge] Analyst: 0 unread
2026/5/1 15:52:11 [bridge] Product: 0 unread
2026/5/1 15:52:11 [bridge] SNS: 0 unread
2026/5/1 15:53:06 [bridge] poll at 2026/5/1 15:53:06
2026/5/1 15:53:06 [bridge] AI-Project: 0 unread
2026/5/1 15:53:07 [bridge] Leader: 1 unread
2026/5/1 15:53:07 [bridge] Designer: 0 unread
2026/5/1 15:53:08 [bridge] Writer: 0 unread
2026/5/1 15:53:08 [bridge] Brunson: 0 unread
2026/5/1 15:53:09 [bridge] LP: 0 unread
2026/5/1 15:53:09 [bridge] Video: 0 unread
2026/5/1 15:53:10 [bridge] Researcher: 0 unread
2026/5/1 15:53:10 [bridge] Analyst: 0 unread
2026/5/1 15:53:11 [bridge] Product: 0 unread
2026/5/1 15:53:11 [bridge] SNS: 0 unread
2026/5/1 15:54:06 [bridge] poll at 2026/5/1 15:54:06
2026/5/1 15:54:06 [bridge] AI-Project: 0 unread
2026/5/1 15:54:07 [bridge] Leader: 1 unread
2026/5/1 15:54:08 [bridge] Designer: 0 unread
2026/5/1 15:54:08 [bridge] Writer: 0 unread
2026/5/1 15:54:09 [bridge] Brunson: 0 unread
2026/5/1 15:54:09 [bridge] LP: 0 unread
2026/5/1 15:54:10 [bridge] Video: 0 unread
2026/5/1 15:54:10 [bridge] Researcher: 0 unread
2026/5/1 15:54:11 [bridge] Analyst: 0 unread
2026/5/1 15:54:11 [bridge] Product: 0 unread
2026/5/1 15:54:12 [bridge] SNS: 0 unread
2026/5/1 15:55:06 [bridge] poll at 2026/5/1 15:55:06
2026/5/1 15:55:06 [bridge] AI-Project: 0 unread
2026/5/1 15:55:07 [bridge] Leader: 1 unread
2026/5/1 15:55:07 [bridge] Designer: 0 unread
2026/5/1 15:55:08 [bridge] Writer: 0 unread
2026/5/1 15:55:08 [bridge] Brunson: 0 unread
2026/5/1 15:55:09 [bridge] LP: 0 unread
2026/5/1 15:55:09 [bridge] Video: 0 unread
2026/5/1 15:55:09 [bridge] Researcher: 0 unread
2026/5/1 15:55:10 [bridge] Analyst: 0 unread
2026/5/1 15:55:10 [bridge] Product: 0 unread
2026/5/1 15:55:11 [bridge] SNS: 0 unread
2026/5/1 15:56:06 [bridge] poll at 2026/5/1 15:56:06
2026/5/1 15:56:06 [bridge] AI-Project: 0 unread
2026/5/1 15:56:07 [bridge] Leader: 1 unread
2026/5/1 15:56:08 [bridge] Designer: 0 unread
2026/5/1 15:56:08 [bridge] Writer: 0 unread
2026/5/1 15:56:09 [bridge] Brunson: 0 unread
2026/5/1 15:56:09 [bridge] LP: 0 unread
2026/5/1 15:56:10 [bridge] Video: 0 unread
2026/5/1 15:56:10 [bridge] Researcher: 0 unread
2026/5/1 15:56:11 [bridge] Analyst: 0 unread
2026/5/1 15:56:11 [bridge] Product: 0 unread
2026/5/1 15:56:12 [bridge] SNS: 0 unread
2026/5/1 15:57:06 [bridge] poll at 2026/5/1 15:57:06
2026/5/1 15:57:07 [bridge] AI-Project: 0 unread
2026/5/1 15:57:08 [bridge] Leader: 1 unread
2026/5/1 15:57:08 [bridge] Designer: 0 unread
2026/5/1 15:57:09 [bridge] Writer: 0 unread
2026/5/1 15:57:09 [bridge] Brunson: 0 unread
2026/5/1 15:57:10 [bridge] LP: 0 unread
2026/5/1 15:57:10 [bridge] Video: 0 unread
2026/5/1 15:57:11 [bridge] Researcher: 0 unread
2026/5/1 15:57:11 [bridge] Analyst: 0 unread
2026/5/1 15:57:11 [bridge] Product: 0 unread
2026/5/1 15:57:12 [bridge] SNS: 0 unread
2026/5/1 15:58:06 [bridge] poll at 2026/5/1 15:58:06
2026/5/1 15:58:06 [bridge] AI-Project: 0 unread
2026/5/1 15:58:07 [bridge] Leader: 1 unread
2026/5/1 15:58:07 [bridge] Designer: 0 unread
2026/5/1 15:58:08 [bridge] Writer: 0 unread
2026/5/1 15:58:08 [bridge] Brunson: 0 unread
2026/5/1 15:58:09 [bridge] LP: 0 unread
2026/5/1 15:58:09 [bridge] Video: 0 unread
2026/5/1 15:58:09 [bridge] Researcher: 0 unread
2026/5/1 15:58:10 [bridge] Analyst: 0 unread
2026/5/1 15:58:10 [bridge] Product: 0 unread
2026/5/1 15:58:11 [bridge] SNS: 0 unread
2026/5/1 15:59:06 [bridge] poll at 2026/5/1 15:59:06
2026/5/1 15:59:06 [bridge] AI-Project: 0 unread
2026/5/1 15:59:07 [bridge] Leader: 1 unread
2026/5/1 15:59:07 [bridge] Designer: 0 unread
2026/5/1 15:59:08 [bridge] Writer: 0 unread
2026/5/1 15:59:08 [bridge] Brunson: 0 unread
2026/5/1 15:59:09 [bridge] LP: 0 unread
2026/5/1 15:59:09 [bridge] Video: 0 unread
2026/5/1 15:59:10 [bridge] Researcher: 0 unread
2026/5/1 15:59:10 [bridge] Analyst: 0 unread
2026/5/1 15:59:11 [bridge] Product: 0 unread
2026/5/1 15:59:11 [bridge] SNS: 0 unread
2026/5/1 16:00:06 [bridge] poll at 2026/5/1 16:00:06
2026/5/1 16:00:06 [bridge] AI-Project: 0 unread
2026/5/1 16:00:07 [bridge] Leader: 1 unread
2026/5/1 16:00:08 [bridge] Designer: 0 unread
2026/5/1 16:00:08 [bridge] Writer: 0 unread
2026/5/1 16:00:09 [bridge] Brunson: 0 unread
2026/5/1 16:00:09 [bridge] LP: 0 unread
2026/5/1 16:00:10 [bridge] Video: 0 unread
2026/5/1 16:00:10 [bridge] Researcher: 0 unread
2026/5/1 16:00:11 [bridge] Analyst: 0 unread
2026/5/1 16:00:11 [bridge] Product: 0 unread
2026/5/1 16:00:12 [bridge] SNS: 0 unread
2026/5/1 16:01:06 [bridge] poll at 2026/5/1 16:01:06
2026/5/1 16:01:06 [bridge] AI-Project: 0 unread
2026/5/1 16:01:07 [bridge] Leader: 1 unread
2026/5/1 16:01:08 [bridge] Designer: 0 unread
2026/5/1 16:01:08 [bridge] Writer: 0 unread
2026/5/1 16:01:09 [bridge] Brunson: 0 unread
2026/5/1 16:01:09 [bridge] LP: 0 unread
2026/5/1 16:01:09 [bridge] Video: 0 unread
2026/5/1 16:01:10 [bridge] Researcher: 0 unread
2026/5/1 16:01:10 [bridge] Analyst: 0 unread
2026/5/1 16:01:11 [bridge] Product: 0 unread
2026/5/1 16:01:11 [bridge] SNS: 0 unread
2026/5/1 16:02:06 [bridge] poll at 2026/5/1 16:02:06
2026/5/1 16:02:06 [bridge] AI-Project: 0 unread
2026/5/1 16:02:07 [bridge] Leader: 1 unread
2026/5/1 16:02:08 [bridge] Designer: 0 unread
2026/5/1 16:02:08 [bridge] Writer: 0 unread
2026/5/1 16:02:09 [bridge] Brunson: 0 unread
2026/5/1 16:02:09 [bridge] LP: 0 unread
2026/5/1 16:02:10 [bridge] Video: 0 unread
2026/5/1 16:02:10 [bridge] Researcher: 0 unread
2026/5/1 16:02:11 [bridge] Analyst: 0 unread
2026/5/1 16:02:11 [bridge] Product: 0 unread
2026/5/1 16:02:12 [bridge] SNS: 0 unread
2026/5/1 16:03:06 [bridge] poll at 2026/5/1 16:03:06
2026/5/1 16:03:07 [bridge] AI-Project: 0 unread
2026/5/1 16:03:08 [bridge] Leader: 1 unread
2026/5/1 16:03:08 [bridge] Designer: 0 unread
2026/5/1 16:03:09 [bridge] Writer: 0 unread
2026/5/1 16:03:09 [bridge] Brunson: 0 unread
2026/5/1 16:03:10 [bridge] LP: 0 unread
2026/5/1 16:03:10 [bridge] Video: 0 unread
2026/5/1 16:03:11 [bridge] Researcher: 0 unread
2026/5/1 16:03:11 [bridge] Analyst: 0 unread
2026/5/1 16:03:11 [bridge] Product: 0 unread
2026/5/1 16:03:12 [bridge] SNS: 0 unread
2026/5/1 16:04:06 [bridge] poll at 2026/5/1 16:04:06
2026/5/1 16:04:06 [bridge] AI-Project: 0 unread
2026/5/1 16:04:07 [bridge] Leader: 1 unread
2026/5/1 16:04:08 [bridge] Designer: 0 unread
2026/5/1 16:04:08 [bridge] Writer: 0 unread
2026/5/1 16:04:08 [bridge] Brunson: 0 unread
2026/5/1 16:04:09 [bridge] LP: 0 unread
2026/5/1 16:04:09 [bridge] Video: 0 unread
2026/5/1 16:04:10 [bridge] Researcher: 0 unread
2026/5/1 16:04:10 [bridge] Analyst: 0 unread
2026/5/1 16:04:11 [bridge] Product: 0 unread
2026/5/1 16:04:11 [bridge] SNS: 0 unread
2026/5/1 16:05:06 [bridge] poll at 2026/5/1 16:05:06
2026/5/1 16:05:06 [bridge] AI-Project: 0 unread
2026/5/1 16:05:07 [bridge] Leader: 1 unread
2026/5/1 16:05:08 [bridge] Designer: 0 unread
2026/5/1 16:05:08 [bridge] Writer: 0 unread
2026/5/1 16:05:09 [bridge] Brunson: 0 unread
2026/5/1 16:05:09 [bridge] LP: 0 unread
2026/5/1 16:05:10 [bridge] Video: 0 unread
2026/5/1 16:05:10 [bridge] Researcher: 0 unread
2026/5/1 16:05:11 [bridge] Analyst: 0 unread
2026/5/1 16:05:11 [bridge] Product: 0 unread
2026/5/1 16:05:12 [bridge] SNS: 0 unread
2026/5/1 16:06:06 [bridge] poll at 2026/5/1 16:06:06
2026/5/1 16:06:06 [bridge] AI-Project: 0 unread
2026/5/1 16:06:07 [bridge] Leader: 1 unread
2026/5/1 16:06:08 [bridge] Designer: 0 unread
2026/5/1 16:06:08 [bridge] Writer: 0 unread
2026/5/1 16:06:09 [bridge] Brunson: 0 unread
2026/5/1 16:06:09 [bridge] LP: 0 unread
2026/5/1 16:06:10 [bridge] Video: 0 unread
2026/5/1 16:06:10 [bridge] Researcher: 0 unread
2026/5/1 16:06:11 [bridge] Analyst: 0 unread
2026/5/1 16:06:11 [bridge] Product: 0 unread
2026/5/1 16:06:12 [bridge] SNS: 0 unread
2026/5/1 16:07:06 [bridge] poll at 2026/5/1 16:07:06
2026/5/1 16:07:06 [bridge] AI-Project: 0 unread
2026/5/1 16:07:07 [bridge] Leader: 1 unread
2026/5/1 16:07:08 [bridge] Designer: 0 unread
2026/5/1 16:07:08 [bridge] Writer: 0 unread
2026/5/1 16:07:09 [bridge] Brunson: 0 unread
2026/5/1 16:07:09 [bridge] LP: 0 unread
2026/5/1 16:07:10 [bridge] Video: 0 unread
2026/5/1 16:07:10 [bridge] Researcher: 0 unread
2026/5/1 16:07:11 [bridge] Analyst: 0 unread
2026/5/1 16:07:11 [bridge] Product: 0 unread
2026/5/1 16:07:12 [bridge] SNS: 0 unread
2026/5/1 16:08:06 [bridge] poll at 2026/5/1 16:08:06
2026/5/1 16:08:06 [bridge] AI-Project: 0 unread
2026/5/1 16:08:07 [bridge] Leader: 1 unread
2026/5/1 16:08:08 [bridge] Designer: 0 unread
2026/5/1 16:08:08 [bridge] Writer: 0 unread
2026/5/1 16:08:09 [bridge] Brunson: 0 unread
2026/5/1 16:08:09 [bridge] LP: 0 unread
2026/5/1 16:08:10 [bridge] Video: 0 unread
2026/5/1 16:08:10 [bridge] Researcher: 0 unread
2026/5/1 16:08:11 [bridge] Analyst: 0 unread
2026/5/1 16:08:11 [bridge] Product: 0 unread
2026/5/1 16:08:12 [bridge] SNS: 0 unread
2026/5/1 16:09:06 [bridge] poll at 2026/5/1 16:09:06
2026/5/1 16:09:07 [bridge] AI-Project: 0 unread
2026/5/1 16:09:07 [bridge] Leader: 1 unread
2026/5/1 16:09:08 [bridge] Designer: 0 unread
2026/5/1 16:09:08 [bridge] Writer: 0 unread
2026/5/1 16:09:09 [bridge] Brunson: 0 unread
2026/5/1 16:09:09 [bridge] LP: 0 unread
2026/5/1 16:09:10 [bridge] Video: 0 unread
2026/5/1 16:09:10 [bridge] Researcher: 0 unread
2026/5/1 16:09:11 [bridge] Analyst: 0 unread
2026/5/1 16:09:11 [bridge] Product: 0 unread
2026/5/1 16:09:12 [bridge] SNS: 0 unread
2026/5/1 16:10:06 [bridge] poll at 2026/5/1 16:10:06
2026/5/1 16:10:06 [bridge] AI-Project: 0 unread
2026/5/1 16:10:07 [bridge] Leader: 1 unread
2026/5/1 16:10:08 [bridge] Designer: 0 unread
2026/5/1 16:10:08 [bridge] Writer: 0 unread
2026/5/1 16:10:09 [bridge] Brunson: 0 unread
2026/5/1 16:10:09 [bridge] LP: 0 unread
2026/5/1 16:10:10 [bridge] Video: 0 unread
2026/5/1 16:10:10 [bridge] Researcher: 0 unread
2026/5/1 16:10:11 [bridge] Analyst: 0 unread
2026/5/1 16:10:11 [bridge] Product: 0 unread
2026/5/1 16:10:12 [bridge] SNS: 0 unread
2026/5/1 16:11:06 [bridge] poll at 2026/5/1 16:11:06
2026/5/1 16:11:06 [bridge] AI-Project: 0 unread
2026/5/1 16:11:07 [bridge] Leader: 1 unread
2026/5/1 16:11:08 [bridge] Designer: 0 unread
2026/5/1 16:11:08 [bridge] Writer: 0 unread
2026/5/1 16:11:09 [bridge] Brunson: 0 unread
2026/5/1 16:11:09 [bridge] LP: 0 unread
2026/5/1 16:11:10 [bridge] Video: 0 unread
2026/5/1 16:11:10 [bridge] Researcher: 0 unread
2026/5/1 16:11:11 [bridge] Analyst: 0 unread
2026/5/1 16:11:11 [bridge] Product: 0 unread
2026/5/1 16:11:12 [bridge] SNS: 0 unread
2026/5/1 16:12:06 [bridge] poll at 2026/5/1 16:12:06
2026/5/1 16:12:06 [bridge] AI-Project: 0 unread
2026/5/1 16:12:07 [bridge] Leader: 1 unread
2026/5/1 16:12:08 [bridge] Designer: 0 unread
2026/5/1 16:12:08 [bridge] Writer: 0 unread
2026/5/1 16:12:08 [bridge] Brunson: 0 unread
2026/5/1 16:12:09 [bridge] LP: 0 unread
2026/5/1 16:12:09 [bridge] Video: 0 unread
2026/5/1 16:12:10 [bridge] Researcher: 0 unread
2026/5/1 16:12:10 [bridge] Analyst: 0 unread
2026/5/1 16:12:11 [bridge] Product: 0 unread
2026/5/1 16:12:11 [bridge] SNS: 0 unread
2026/5/1 16:13:06 [bridge] poll at 2026/5/1 16:13:06
2026/5/1 16:13:06 [bridge] AI-Project: 0 unread
2026/5/1 16:13:07 [bridge] Leader: 1 unread
2026/5/1 16:13:08 [bridge] Designer: 0 unread
2026/5/1 16:13:08 [bridge] Writer: 0 unread
2026/5/1 16:13:09 [bridge] Brunson: 0 unread
2026/5/1 16:13:09 [bridge] LP: 0 unread
2026/5/1 16:13:10 [bridge] Video: 0 unread
2026/5/1 16:13:10 [bridge] Researcher: 0 unread
2026/5/1 16:13:11 [bridge] Analyst: 0 unread
2026/5/1 16:13:11 [bridge] Product: 0 unread
2026/5/1 16:13:12 [bridge] SNS: 0 unread
2026/5/1 16:14:06 [bridge] poll at 2026/5/1 16:14:06
2026/5/1 16:14:08 [bridge] AI-Project: 0 unread
2026/5/1 16:14:08 [bridge] Leader: 1 unread
2026/5/1 16:14:09 [bridge] Designer: 0 unread
2026/5/1 16:14:09 [bridge] Writer: 0 unread
2026/5/1 16:14:10 [bridge] Brunson: 0 unread
2026/5/1 16:14:10 [bridge] LP: 0 unread
2026/5/1 16:14:11 [bridge] Video: 0 unread
2026/5/1 16:14:11 [bridge] Researcher: 0 unread
2026/5/1 16:14:12 [bridge] Analyst: 0 unread
2026/5/1 16:14:12 [bridge] Product: 0 unread
2026/5/1 16:14:13 [bridge] SNS: 0 unread
2026/5/1 16:15:06 [bridge] poll at 2026/5/1 16:15:06
2026/5/1 16:15:07 [bridge] AI-Project: 0 unread
2026/5/1 16:15:07 [bridge] Leader: 1 unread
2026/5/1 16:15:08 [bridge] Designer: 0 unread
2026/5/1 16:15:08 [bridge] Writer: 0 unread
2026/5/1 16:15:09 [bridge] Brunson: 0 unread
2026/5/1 16:15:09 [bridge] LP: 0 unread
2026/5/1 16:15:10 [bridge] Video: 0 unread
2026/5/1 16:15:10 [bridge] Researcher: 0 unread
2026/5/1 16:15:11 [bridge] Analyst: 0 unread
2026/5/1 16:15:11 [bridge] Product: 0 unread
2026/5/1 16:15:12 [bridge] SNS: 0 unread
2026/5/1 16:16:06 [bridge] poll at 2026/5/1 16:16:06
2026/5/1 16:16:06 [bridge] AI-Project: 0 unread
2026/5/1 16:16:07 [bridge] Leader: 1 unread
2026/5/1 16:16:08 [bridge] Designer: 0 unread
2026/5/1 16:16:08 [bridge] Writer: 0 unread
2026/5/1 16:16:09 [bridge] Brunson: 0 unread
2026/5/1 16:16:09 [bridge] LP: 0 unread
2026/5/1 16:16:10 [bridge] Video: 0 unread
2026/5/1 16:16:10 [bridge] Researcher: 0 unread
2026/5/1 16:16:11 [bridge] Analyst: 0 unread
2026/5/1 16:16:11 [bridge] Product: 0 unread
2026/5/1 16:16:12 [bridge] SNS: 0 unread
2026/5/1 16:17:06 [bridge] poll at 2026/5/1 16:17:06
2026/5/1 16:17:06 [bridge] AI-Project: 0 unread
2026/5/1 16:17:07 [bridge] Leader: 1 unread
2026/5/1 16:17:07 [bridge] Designer: 0 unread
2026/5/1 16:17:08 [bridge] Writer: 0 unread
2026/5/1 16:17:08 [bridge] Brunson: 0 unread
2026/5/1 16:17:09 [bridge] LP: 0 unread
2026/5/1 16:17:09 [bridge] Video: 0 unread
2026/5/1 16:17:10 [bridge] Researcher: 0 unread
2026/5/1 16:17:10 [bridge] Analyst: 0 unread
2026/5/1 16:17:11 [bridge] Product: 0 unread
2026/5/1 16:17:11 [bridge] SNS: 0 unread
2026/5/1 16:18:06 [bridge] poll at 2026/5/1 16:18:06
2026/5/1 16:18:06 [bridge] AI-Project: 0 unread
2026/5/1 16:18:07 [bridge] Leader: 1 unread
2026/5/1 16:18:07 [bridge] Designer: 0 unread
2026/5/1 16:18:08 [bridge] Writer: 0 unread
2026/5/1 16:18:08 [bridge] Brunson: 0 unread
2026/5/1 16:18:09 [bridge] LP: 0 unread
2026/5/1 16:18:09 [bridge] Video: 0 unread
2026/5/1 16:18:10 [bridge] Researcher: 0 unread
2026/5/1 16:18:10 [bridge] Analyst: 0 unread
2026/5/1 16:18:10 [bridge] Product: 0 unread
2026/5/1 16:18:11 [bridge] SNS: 0 unread
2026/5/1 16:19:06 [bridge] poll at 2026/5/1 16:19:06
2026/5/1 16:19:06 [bridge] AI-Project: 0 unread
2026/5/1 16:19:07 [bridge] Leader: 1 unread
2026/5/1 16:19:08 [bridge] Designer: 0 unread
2026/5/1 16:19:08 [bridge] Writer: 0 unread
2026/5/1 16:19:09 [bridge] Brunson: 0 unread
2026/5/1 16:19:09 [bridge] LP: 0 unread
2026/5/1 16:19:10 [bridge] Video: 0 unread
2026/5/1 16:19:10 [bridge] Researcher: 0 unread
2026/5/1 16:19:11 [bridge] Analyst: 0 unread
2026/5/1 16:19:11 [bridge] Product: 0 unread
2026/5/1 16:19:12 [bridge] SNS: 0 unread
2026/5/1 16:20:06 [bridge] poll at 2026/5/1 16:20:06
2026/5/1 16:20:08 [bridge] AI-Project: 0 unread
2026/5/1 16:20:08 [bridge] Leader: 1 unread
2026/5/1 16:20:09 [bridge] Designer: 0 unread
2026/5/1 16:20:09 [bridge] Writer: 0 unread
2026/5/1 16:20:10 [bridge] Brunson: 0 unread
2026/5/1 16:20:10 [bridge] LP: 0 unread
2026/5/1 16:20:11 [bridge] Video: 0 unread
2026/5/1 16:20:11 [bridge] Researcher: 0 unread
2026/5/1 16:20:12 [bridge] Analyst: 0 unread
2026/5/1 16:20:12 [bridge] Product: 0 unread
2026/5/1 16:20:13 [bridge] SNS: 0 unread
2026/5/1 16:21:06 [bridge] poll at 2026/5/1 16:21:06
2026/5/1 16:21:06 [bridge] AI-Project: 0 unread
2026/5/1 16:21:07 [bridge] Leader: 1 unread
2026/5/1 16:21:08 [bridge] Designer: 0 unread
2026/5/1 16:21:08 [bridge] Writer: 0 unread
2026/5/1 16:21:09 [bridge] Brunson: 0 unread
2026/5/1 16:21:09 [bridge] LP: 0 unread
2026/5/1 16:21:10 [bridge] Video: 0 unread
2026/5/1 16:21:10 [bridge] Researcher: 0 unread
2026/5/1 16:21:11 [bridge] Analyst: 0 unread
2026/5/1 16:21:11 [bridge] Product: 0 unread
2026/5/1 16:21:12 [bridge] SNS: 0 unread
2026/5/1 16:22:06 [bridge] poll at 2026/5/1 16:22:06
2026/5/1 16:22:06 [bridge] AI-Project: 0 unread
2026/5/1 16:22:07 [bridge] Leader: 1 unread
2026/5/1 16:22:08 [bridge] Designer: 0 unread
2026/5/1 16:22:08 [bridge] Writer: 0 unread
2026/5/1 16:22:09 [bridge] Brunson: 0 unread
2026/5/1 16:22:09 [bridge] LP: 0 unread
2026/5/1 16:22:10 [bridge] Video: 0 unread
2026/5/1 16:22:10 [bridge] Researcher: 0 unread
2026/5/1 16:22:11 [bridge] Analyst: 0 unread
2026/5/1 16:22:11 [bridge] Product: 0 unread
2026/5/1 16:22:12 [bridge] SNS: 0 unread
2026/5/1 16:23:06 [bridge] poll at 2026/5/1 16:23:06
2026/5/1 16:23:06 [bridge] AI-Project: 0 unread
2026/5/1 16:23:07 [bridge] Leader: 1 unread
2026/5/1 16:23:08 [bridge] Designer: 0 unread
2026/5/1 16:23:08 [bridge] Writer: 0 unread
2026/5/1 16:23:09 [bridge] Brunson: 0 unread
2026/5/1 16:23:09 [bridge] LP: 0 unread
2026/5/1 16:23:10 [bridge] Video: 0 unread
2026/5/1 16:23:10 [bridge] Researcher: 0 unread
2026/5/1 16:23:11 [bridge] Analyst: 0 unread
2026/5/1 16:23:11 [bridge] Product: 0 unread
2026/5/1 16:23:12 [bridge] SNS: 0 unread
2026/5/1 16:24:06 [bridge] poll at 2026/5/1 16:24:06
2026/5/1 16:24:07 [bridge] AI-Project: 0 unread
2026/5/1 16:24:07 [bridge] Leader: 1 unread
2026/5/1 16:24:08 [bridge] Designer: 0 unread
2026/5/1 16:24:08 [bridge] Writer: 0 unread
2026/5/1 16:24:09 [bridge] Brunson: 0 unread
2026/5/1 16:24:09 [bridge] LP: 0 unread
2026/5/1 16:24:10 [bridge] Video: 0 unread
2026/5/1 16:24:10 [bridge] Researcher: 0 unread
2026/5/1 16:24:11 [bridge] Analyst: 0 unread
2026/5/1 16:24:11 [bridge] Product: 0 unread
2026/5/1 16:24:12 [bridge] SNS: 0 unread
2026/5/1 16:25:06 [bridge] poll at 2026/5/1 16:25:06
2026/5/1 16:25:06 [bridge] AI-Project: 0 unread
2026/5/1 16:25:07 [bridge] Leader: 1 unread
2026/5/1 16:25:07 [bridge] Designer: 0 unread
2026/5/1 16:25:08 [bridge] Writer: 0 unread
2026/5/1 16:25:08 [bridge] Brunson: 0 unread
2026/5/1 16:25:09 [bridge] LP: 0 unread
2026/5/1 16:25:09 [bridge] Video: 0 unread
2026/5/1 16:25:10 [bridge] Researcher: 0 unread
2026/5/1 16:25:10 [bridge] Analyst: 0 unread
2026/5/1 16:25:11 [bridge] Product: 0 unread
2026/5/1 16:25:11 [bridge] SNS: 0 unread
2026/5/1 16:26:06 [bridge] poll at 2026/5/1 16:26:06
2026/5/1 16:26:08 [bridge] AI-Project: 0 unread
2026/5/1 16:26:08 [bridge] Leader: 1 unread
2026/5/1 16:26:09 [bridge] Designer: 0 unread
2026/5/1 16:26:09 [bridge] Writer: 0 unread
2026/5/1 16:26:10 [bridge] Brunson: 0 unread
2026/5/1 16:26:10 [bridge] LP: 0 unread
2026/5/1 16:26:11 [bridge] Video: 0 unread
2026/5/1 16:26:11 [bridge] Researcher: 0 unread
2026/5/1 16:26:12 [bridge] Analyst: 0 unread
2026/5/1 16:26:12 [bridge] Product: 0 unread
2026/5/1 16:26:13 [bridge] SNS: 0 unread
2026/5/1 16:27:06 [bridge] poll at 2026/5/1 16:27:06
2026/5/1 16:27:07 [bridge] AI-Project: 0 unread
2026/5/1 16:27:07 [bridge] Leader: 1 unread
2026/5/1 16:27:08 [bridge] Designer: 0 unread
2026/5/1 16:27:08 [bridge] Writer: 0 unread
2026/5/1 16:27:09 [bridge] Brunson: 0 unread
2026/5/1 16:27:09 [bridge] LP: 0 unread
2026/5/1 16:27:10 [bridge] Video: 0 unread
2026/5/1 16:27:10 [bridge] Researcher: 0 unread
2026/5/1 16:27:11 [bridge] Analyst: 0 unread
2026/5/1 16:27:11 [bridge] Product: 0 unread
2026/5/1 16:27:12 [bridge] SNS: 0 unread
2026/5/1 16:28:06 [bridge] poll at 2026/5/1 16:28:06
2026/5/1 16:28:07 [bridge] AI-Project: 0 unread
2026/5/1 16:28:07 [bridge] Leader: 1 unread
2026/5/1 16:28:08 [bridge] Designer: 0 unread
2026/5/1 16:28:08 [bridge] Writer: 0 unread
2026/5/1 16:28:09 [bridge] Brunson: 0 unread
2026/5/1 16:28:09 [bridge] LP: 0 unread
2026/5/1 16:28:10 [bridge] Video: 0 unread
2026/5/1 16:28:10 [bridge] Researcher: 0 unread
2026/5/1 16:28:11 [bridge] Analyst: 0 unread
2026/5/1 16:28:11 [bridge] Product: 0 unread
2026/5/1 16:28:12 [bridge] SNS: 0 unread
2026/5/1 16:29:06 [bridge] poll at 2026/5/1 16:29:06
2026/5/1 16:29:06 [bridge] AI-Project: 0 unread
2026/5/1 16:29:07 [bridge] Leader: 1 unread
2026/5/1 16:29:07 [bridge] Designer: 0 unread
2026/5/1 16:29:08 [bridge] Writer: 0 unread
2026/5/1 16:29:08 [bridge] Brunson: 0 unread
2026/5/1 16:29:09 [bridge] LP: 0 unread
2026/5/1 16:29:09 [bridge] Video: 0 unread
2026/5/1 16:29:10 [bridge] Researcher: 0 unread
2026/5/1 16:29:10 [bridge] Analyst: 0 unread
2026/5/1 16:29:11 [bridge] Product: 0 unread
2026/5/1 16:29:11 [bridge] SNS: 0 unread
2026/5/1 16:30:06 [bridge] poll at 2026/5/1 16:30:06
2026/5/1 16:30:07 [bridge] AI-Project: 0 unread
2026/5/1 16:30:07 [bridge] Leader: 1 unread
2026/5/1 16:30:08 [bridge] Designer: 0 unread
2026/5/1 16:30:08 [bridge] Writer: 0 unread
2026/5/1 16:30:09 [bridge] Brunson: 0 unread
2026/5/1 16:30:09 [bridge] LP: 0 unread
2026/5/1 16:30:09 [bridge] Video: 0 unread
2026/5/1 16:30:10 [bridge] Researcher: 0 unread
2026/5/1 16:30:10 [bridge] Analyst: 0 unread
2026/5/1 16:30:11 [bridge] Product: 0 unread
2026/5/1 16:30:11 [bridge] SNS: 0 unread
2026/5/1 16:31:06 [bridge] poll at 2026/5/1 16:31:06
2026/5/1 16:31:07 [bridge] AI-Project: 0 unread
2026/5/1 16:31:07 [bridge] Leader: 1 unread
2026/5/1 16:31:08 [bridge] Designer: 0 unread
2026/5/1 16:31:08 [bridge] Writer: 0 unread
2026/5/1 16:31:09 [bridge] Brunson: 0 unread
2026/5/1 16:31:09 [bridge] LP: 0 unread
2026/5/1 16:31:10 [bridge] Video: 0 unread
2026/5/1 16:31:10 [bridge] Researcher: 0 unread
2026/5/1 16:31:11 [bridge] Analyst: 0 unread
2026/5/1 16:31:11 [bridge] Product: 0 unread
2026/5/1 16:31:12 [bridge] SNS: 0 unread
2026/5/1 16:32:06 [bridge] poll at 2026/5/1 16:32:06
2026/5/1 16:32:08 [bridge] AI-Project: 0 unread
2026/5/1 16:32:08 [bridge] Leader: 1 unread
2026/5/1 16:32:09 [bridge] Designer: 0 unread
2026/5/1 16:32:09 [bridge] Writer: 0 unread
2026/5/1 16:32:10 [bridge] Brunson: 0 unread
2026/5/1 16:32:10 [bridge] LP: 0 unread
2026/5/1 16:32:11 [bridge] Video: 0 unread
2026/5/1 16:32:11 [bridge] Researcher: 0 unread
2026/5/1 16:32:12 [bridge] Analyst: 0 unread
2026/5/1 16:32:12 [bridge] Product: 0 unread
2026/5/1 16:32:13 [bridge] SNS: 0 unread
2026/5/1 16:33:06 [bridge] poll at 2026/5/1 16:33:06
2026/5/1 16:33:07 [bridge] AI-Project: 0 unread
2026/5/1 16:33:07 [bridge] Leader: 1 unread
2026/5/1 16:33:08 [bridge] Designer: 0 unread
2026/5/1 16:33:08 [bridge] Writer: 0 unread
2026/5/1 16:33:09 [bridge] Brunson: 0 unread
2026/5/1 16:33:09 [bridge] LP: 0 unread
2026/5/1 16:33:10 [bridge] Video: 0 unread
2026/5/1 16:33:10 [bridge] Researcher: 0 unread
2026/5/1 16:33:11 [bridge] Analyst: 0 unread
2026/5/1 16:33:11 [bridge] Product: 0 unread
2026/5/1 16:33:12 [bridge] SNS: 0 unread
2026/5/1 16:34:06 [bridge] poll at 2026/5/1 16:34:06
2026/5/1 16:34:06 [bridge] AI-Project: 0 unread
2026/5/1 16:34:07 [bridge] Leader: 1 unread
2026/5/1 16:34:07 [bridge] Designer: 0 unread
2026/5/1 16:34:08 [bridge] Writer: 0 unread
2026/5/1 16:34:08 [bridge] Brunson: 0 unread
2026/5/1 16:34:09 [bridge] LP: 0 unread
2026/5/1 16:34:09 [bridge] Video: 0 unread
2026/5/1 16:34:10 [bridge] Researcher: 0 unread
2026/5/1 16:34:10 [bridge] Analyst: 0 unread
2026/5/1 16:34:10 [bridge] Product: 0 unread
2026/5/1 16:34:11 [bridge] SNS: 0 unread
2026/5/1 16:35:06 [bridge] poll at 2026/5/1 16:35:06
2026/5/1 16:35:07 [bridge] AI-Project: 0 unread
2026/5/1 16:35:07 [bridge] Leader: 1 unread
2026/5/1 16:35:08 [bridge] Designer: 0 unread
2026/5/1 16:35:08 [bridge] Writer: 0 unread
2026/5/1 16:35:09 [bridge] Brunson: 0 unread
2026/5/1 16:35:09 [bridge] LP: 0 unread
2026/5/1 16:35:10 [bridge] Video: 0 unread
2026/5/1 16:35:10 [bridge] Researcher: 0 unread
2026/5/1 16:35:11 [bridge] Analyst: 0 unread
2026/5/1 16:35:11 [bridge] Product: 0 unread
2026/5/1 16:35:12 [bridge] SNS: 0 unread
2026/5/1 16:36:06 [bridge] poll at 2026/5/1 16:36:06
2026/5/1 16:36:07 [bridge] AI-Project: 0 unread
2026/5/1 16:36:07 [bridge] Leader: 1 unread
2026/5/1 16:36:08 [bridge] Designer: 0 unread
2026/5/1 16:36:08 [bridge] Writer: 0 unread
2026/5/1 16:36:09 [bridge] Brunson: 0 unread
2026/5/1 16:36:09 [bridge] LP: 0 unread
2026/5/1 16:36:10 [bridge] Video: 0 unread
2026/5/1 16:36:10 [bridge] Researcher: 0 unread
2026/5/1 16:36:11 [bridge] Analyst: 0 unread
2026/5/1 16:36:11 [bridge] Product: 0 unread
2026/5/1 16:36:12 [bridge] SNS: 0 unread
2026/5/1 16:37:06 [bridge] poll at 2026/5/1 16:37:06
2026/5/1 16:37:07 [bridge] AI-Project: 0 unread
2026/5/1 16:37:07 [bridge] Leader: 1 unread
2026/5/1 16:37:08 [bridge] Designer: 0 unread
2026/5/1 16:37:08 [bridge] Writer: 0 unread
2026/5/1 16:37:09 [bridge] Brunson: 0 unread
2026/5/1 16:37:09 [bridge] LP: 0 unread
2026/5/1 16:37:10 [bridge] Video: 0 unread
2026/5/1 16:37:10 [bridge] Researcher: 0 unread
2026/5/1 16:37:11 [bridge] Analyst: 0 unread
2026/5/1 16:37:11 [bridge] Product: 0 unread
2026/5/1 16:37:12 [bridge] SNS: 0 unread
2026/5/1 16:38:06 [bridge] poll at 2026/5/1 16:38:06
2026/5/1 16:38:08 [bridge] AI-Project: 0 unread
2026/5/1 16:38:08 [bridge] Leader: 1 unread
2026/5/1 16:38:09 [bridge] Designer: 0 unread
2026/5/1 16:38:09 [bridge] Writer: 0 unread
2026/5/1 16:38:10 [bridge] Brunson: 0 unread
2026/5/1 16:38:10 [bridge] LP: 0 unread
2026/5/1 16:38:11 [bridge] Video: 0 unread
2026/5/1 16:38:11 [bridge] Researcher: 0 unread
2026/5/1 16:38:12 [bridge] Analyst: 0 unread
2026/5/1 16:38:13 [bridge] Product: 0 unread
2026/5/1 16:38:13 [bridge] SNS: 0 unread
2026/5/1 16:39:06 [bridge] poll at 2026/5/1 16:39:06
2026/5/1 16:39:07 [bridge] AI-Project: 0 unread
2026/5/1 16:39:07 [bridge] Leader: 1 unread
2026/5/1 16:39:08 [bridge] Designer: 0 unread
2026/5/1 16:39:08 [bridge] Writer: 0 unread
2026/5/1 16:39:09 [bridge] Brunson: 0 unread
2026/5/1 16:39:09 [bridge] LP: 0 unread
2026/5/1 16:39:10 [bridge] Video: 0 unread
2026/5/1 16:39:10 [bridge] Researcher: 0 unread
2026/5/1 16:39:11 [bridge] Analyst: 0 unread
2026/5/1 16:39:11 [bridge] Product: 0 unread
2026/5/1 16:39:12 [bridge] SNS: 0 unread
2026/5/1 16:40:06 [bridge] poll at 2026/5/1 16:40:06
2026/5/1 16:40:07 [bridge] AI-Project: 0 unread
2026/5/1 16:40:07 [bridge] Leader: 1 unread
2026/5/1 16:40:08 [bridge] Designer: 0 unread
2026/5/1 16:40:08 [bridge] Writer: 0 unread
2026/5/1 16:40:09 [bridge] Brunson: 0 unread
2026/5/1 16:40:09 [bridge] LP: 0 unread
2026/5/1 16:40:10 [bridge] Video: 0 unread
2026/5/1 16:40:10 [bridge] Researcher: 0 unread
2026/5/1 16:40:11 [bridge] Analyst: 0 unread
2026/5/1 16:40:11 [bridge] Product: 0 unread
2026/5/1 16:40:12 [bridge] SNS: 0 unread
2026/5/1 16:41:06 [bridge] poll at 2026/5/1 16:41:06
2026/5/1 16:41:07 [bridge] AI-Project: 0 unread
2026/5/1 16:41:07 [bridge] Leader: 1 unread
2026/5/1 16:41:08 [bridge] Designer: 0 unread
2026/5/1 16:41:08 [bridge] Writer: 0 unread
2026/5/1 16:41:09 [bridge] Brunson: 0 unread
2026/5/1 16:41:09 [bridge] LP: 0 unread
2026/5/1 16:41:10 [bridge] Video: 0 unread
2026/5/1 16:41:10 [bridge] Researcher: 0 unread
2026/5/1 16:41:11 [bridge] Analyst: 0 unread
2026/5/1 16:41:11 [bridge] Product: 0 unread
2026/5/1 16:41:12 [bridge] SNS: 0 unread
2026/5/1 16:42:06 [bridge] poll at 2026/5/1 16:42:06
2026/5/1 16:42:07 [bridge] AI-Project: 0 unread
2026/5/1 16:42:07 [bridge] Leader: 1 unread
2026/5/1 16:42:08 [bridge] Designer: 0 unread
2026/5/1 16:42:08 [bridge] Writer: 0 unread
2026/5/1 16:42:09 [bridge] Brunson: 0 unread
2026/5/1 16:42:09 [bridge] LP: 0 unread
2026/5/1 16:42:10 [bridge] Video: 0 unread
2026/5/1 16:42:10 [bridge] Researcher: 0 unread
2026/5/1 16:42:11 [bridge] Analyst: 0 unread
2026/5/1 16:42:11 [bridge] Product: 0 unread
2026/5/1 16:42:12 [bridge] SNS: 0 unread
2026/5/1 16:43:06 [bridge] poll at 2026/5/1 16:43:06
2026/5/1 16:43:07 [bridge] AI-Project: 0 unread
2026/5/1 16:43:07 [bridge] Leader: 1 unread
2026/5/1 16:43:08 [bridge] Designer: 0 unread
2026/5/1 16:43:08 [bridge] Writer: 0 unread
2026/5/1 16:43:08 [bridge] Brunson: 0 unread
2026/5/1 16:43:09 [bridge] LP: 0 unread
2026/5/1 16:43:09 [bridge] Video: 0 unread
2026/5/1 16:43:10 [bridge] Researcher: 0 unread
2026/5/1 16:43:10 [bridge] Analyst: 0 unread
2026/5/1 16:43:11 [bridge] Product: 0 unread
2026/5/1 16:43:11 [bridge] SNS: 0 unread
2026/5/1 16:44:06 [bridge] poll at 2026/5/1 16:44:06
2026/5/1 16:44:08 [bridge] AI-Project: 0 unread
2026/5/1 16:44:08 [bridge] Leader: 1 unread
2026/5/1 16:44:09 [bridge] Designer: 0 unread
2026/5/1 16:44:09 [bridge] Writer: 0 unread
2026/5/1 16:44:10 [bridge] Brunson: 0 unread
2026/5/1 16:44:10 [bridge] LP: 0 unread
2026/5/1 16:44:11 [bridge] Video: 0 unread
2026/5/1 16:44:11 [bridge] Researcher: 0 unread
2026/5/1 16:44:12 [bridge] Analyst: 0 unread
2026/5/1 16:44:12 [bridge] Product: 0 unread
2026/5/1 16:44:13 [bridge] SNS: 0 unread
2026/5/1 16:45:06 [bridge] poll at 2026/5/1 16:45:06
2026/5/1 16:45:07 [bridge] AI-Project: 0 unread
2026/5/1 16:45:07 [bridge] Leader: 1 unread
2026/5/1 16:45:08 [bridge] Designer: 0 unread
2026/5/1 16:45:08 [bridge] Writer: 0 unread
2026/5/1 16:45:08 [bridge] Brunson: 0 unread
2026/5/1 16:45:09 [bridge] LP: 0 unread
2026/5/1 16:45:09 [bridge] Video: 0 unread
2026/5/1 16:45:10 [bridge] Researcher: 0 unread
2026/5/1 16:45:10 [bridge] Analyst: 0 unread
2026/5/1 16:45:11 [bridge] Product: 0 unread
2026/5/1 16:45:11 [bridge] SNS: 0 unread
2026/5/1 16:46:06 [bridge] poll at 2026/5/1 16:46:06
2026/5/1 16:46:07 [bridge] AI-Project: 0 unread
2026/5/1 16:46:07 [bridge] Leader: 1 unread
2026/5/1 16:46:08 [bridge] Designer: 0 unread
2026/5/1 16:46:08 [bridge] Writer: 0 unread
2026/5/1 16:46:09 [bridge] Brunson: 0 unread
2026/5/1 16:46:09 [bridge] LP: 0 unread
2026/5/1 16:46:10 [bridge] Video: 0 unread
2026/5/1 16:46:10 [bridge] Researcher: 0 unread
2026/5/1 16:46:11 [bridge] Analyst: 0 unread
2026/5/1 16:46:11 [bridge] Product: 0 unread
2026/5/1 16:46:12 [bridge] SNS: 0 unread
2026/5/1 16:47:06 [bridge] poll at 2026/5/1 16:47:06
2026/5/1 16:47:07 [bridge] AI-Project: 0 unread
2026/5/1 16:47:07 [bridge] Leader: 1 unread
2026/5/1 16:47:08 [bridge] Designer: 0 unread
2026/5/1 16:47:08 [bridge] Writer: 0 unread
2026/5/1 16:47:09 [bridge] Brunson: 0 unread
2026/5/1 16:47:09 [bridge] LP: 0 unread
2026/5/1 16:47:10 [bridge] Video: 0 unread
2026/5/1 16:47:10 [bridge] Researcher: 0 unread
2026/5/1 16:47:11 [bridge] Analyst: 0 unread
2026/5/1 16:47:11 [bridge] Product: 0 unread
2026/5/1 16:47:12 [bridge] SNS: 0 unread
2026/5/1 16:48:06 [bridge] poll at 2026/5/1 16:48:06
2026/5/1 16:48:07 [bridge] AI-Project: 0 unread
2026/5/1 16:48:07 [bridge] Leader: 1 unread
2026/5/1 16:48:08 [bridge] Designer: 0 unread
2026/5/1 16:48:08 [bridge] Writer: 0 unread
2026/5/1 16:48:09 [bridge] Brunson: 0 unread
2026/5/1 16:48:09 [bridge] LP: 0 unread
2026/5/1 16:48:10 [bridge] Video: 0 unread
2026/5/1 16:48:10 [bridge] Researcher: 0 unread
2026/5/1 16:48:11 [bridge] Analyst: 0 unread
2026/5/1 16:48:11 [bridge] Product: 0 unread
2026/5/1 16:48:12 [bridge] SNS: 0 unread
2026/5/1 16:49:06 [bridge] poll at 2026/5/1 16:49:06
2026/5/1 16:49:07 [bridge] AI-Project: 0 unread
2026/5/1 16:49:07 [bridge] Leader: 1 unread
2026/5/1 16:49:08 [bridge] Designer: 0 unread
2026/5/1 16:49:08 [bridge] Writer: 0 unread
2026/5/1 16:49:09 [bridge] Brunson: 0 unread
2026/5/1 16:49:09 [bridge] LP: 0 unread
2026/5/1 16:49:10 [bridge] Video: 0 unread
2026/5/1 16:49:10 [bridge] Researcher: 0 unread
2026/5/1 16:49:11 [bridge] Analyst: 0 unread
2026/5/1 16:49:11 [bridge] Product: 0 unread
2026/5/1 16:49:12 [bridge] SNS: 0 unread
2026/5/1 16:50:06 [bridge] poll at 2026/5/1 16:50:06
2026/5/1 16:50:08 [bridge] AI-Project: 0 unread
2026/5/1 16:50:08 [bridge] Leader: 1 unread
2026/5/1 16:50:09 [bridge] Designer: 0 unread
2026/5/1 16:50:09 [bridge] Writer: 0 unread
2026/5/1 16:50:10 [bridge] Brunson: 0 unread
2026/5/1 16:50:10 [bridge] LP: 0 unread
2026/5/1 16:50:11 [bridge] Video: 0 unread
2026/5/1 16:50:11 [bridge] Researcher: 0 unread
2026/5/1 16:50:12 [bridge] Analyst: 0 unread
2026/5/1 16:50:12 [bridge] Product: 0 unread
2026/5/1 16:50:13 [bridge] SNS: 0 unread
2026/5/1 16:51:06 [bridge] poll at 2026/5/1 16:51:06
2026/5/1 16:51:07 [bridge] AI-Project: 0 unread
2026/5/1 16:51:07 [bridge] Leader: 1 unread
2026/5/1 16:51:08 [bridge] Designer: 0 unread
2026/5/1 16:51:08 [bridge] Writer: 0 unread
2026/5/1 16:51:09 [bridge] Brunson: 0 unread
2026/5/1 16:51:09 [bridge] LP: 0 unread
2026/5/1 16:51:10 [bridge] Video: 0 unread
2026/5/1 16:51:10 [bridge] Researcher: 0 unread
2026/5/1 16:51:11 [bridge] Analyst: 0 unread
2026/5/1 16:51:11 [bridge] Product: 0 unread
2026/5/1 16:51:12 [bridge] SNS: 0 unread
2026/5/1 16:52:06 [bridge] poll at 2026/5/1 16:52:06
2026/5/1 16:52:07 [bridge] AI-Project: 0 unread
2026/5/1 16:52:07 [bridge] Leader: 1 unread
2026/5/1 16:52:08 [bridge] Designer: 0 unread
2026/5/1 16:52:08 [bridge] Writer: 0 unread
2026/5/1 16:52:09 [bridge] Brunson: 0 unread
2026/5/1 16:52:09 [bridge] LP: 0 unread
2026/5/1 16:52:10 [bridge] Video: 0 unread
2026/5/1 16:52:10 [bridge] Researcher: 0 unread
2026/5/1 16:52:11 [bridge] Analyst: 0 unread
2026/5/1 16:52:11 [bridge] Product: 0 unread
2026/5/1 16:52:12 [bridge] SNS: 0 unread
2026/5/1 16:53:06 [bridge] poll at 2026/5/1 16:53:06
2026/5/1 16:53:07 [bridge] AI-Project: 0 unread
2026/5/1 16:53:07 [bridge] Leader: 1 unread
2026/5/1 16:53:08 [bridge] Designer: 0 unread
2026/5/1 16:53:08 [bridge] Writer: 0 unread
2026/5/1 16:53:09 [bridge] Brunson: 0 unread
2026/5/1 16:53:09 [bridge] LP: 0 unread
2026/5/1 16:53:10 [bridge] Video: 0 unread
2026/5/1 16:53:10 [bridge] Researcher: 0 unread
2026/5/1 16:53:11 [bridge] Analyst: 0 unread
2026/5/1 16:53:11 [bridge] Product: 0 unread
2026/5/1 16:53:12 [bridge] SNS: 0 unread
2026/5/1 16:54:06 [bridge] poll at 2026/5/1 16:54:06
2026/5/1 16:54:07 [bridge] AI-Project: 0 unread
2026/5/1 16:54:07 [bridge] Leader: 1 unread
2026/5/1 16:54:08 [bridge] Designer: 0 unread
2026/5/1 16:54:08 [bridge] Writer: 0 unread
2026/5/1 16:54:09 [bridge] Brunson: 0 unread
2026/5/1 16:54:09 [bridge] LP: 0 unread
2026/5/1 16:54:10 [bridge] Video: 0 unread
2026/5/1 16:54:10 [bridge] Researcher: 0 unread
2026/5/1 16:54:11 [bridge] Analyst: 0 unread
2026/5/1 16:54:11 [bridge] Product: 0 unread
2026/5/1 16:54:12 [bridge] SNS: 0 unread
2026/5/1 16:55:06 [bridge] poll at 2026/5/1 16:55:06
2026/5/1 16:55:07 [bridge] AI-Project: 0 unread
2026/5/1 16:55:07 [bridge] Leader: 1 unread
2026/5/1 16:55:08 [bridge] Designer: 0 unread
2026/5/1 16:55:08 [bridge] Writer: 0 unread
2026/5/1 16:55:08 [bridge] Brunson: 0 unread
2026/5/1 16:55:09 [bridge] LP: 0 unread
2026/5/1 16:55:09 [bridge] Video: 0 unread
2026/5/1 16:55:10 [bridge] Researcher: 0 unread
2026/5/1 16:55:10 [bridge] Analyst: 0 unread
2026/5/1 16:55:11 [bridge] Product: 0 unread
2026/5/1 16:55:11 [bridge] SNS: 0 unread
2026/5/1 16:56:06 [bridge] poll at 2026/5/1 16:56:06
2026/5/1 16:56:08 [bridge] AI-Project: 0 unread
2026/5/1 16:56:08 [bridge] Leader: 1 unread
2026/5/1 16:56:09 [bridge] Designer: 0 unread
2026/5/1 16:56:09 [bridge] Writer: 0 unread
2026/5/1 16:56:10 [bridge] Brunson: 0 unread
2026/5/1 16:56:10 [bridge] LP: 0 unread
2026/5/1 16:56:10 [bridge] Video: 0 unread
2026/5/1 16:56:11 [bridge] Researcher: 0 unread
2026/5/1 16:56:11 [bridge] Analyst: 0 unread
2026/5/1 16:56:12 [bridge] Product: 0 unread
2026/5/1 16:56:12 [bridge] SNS: 0 unread
2026/5/1 16:57:06 [bridge] poll at 2026/5/1 16:57:06
2026/5/1 16:57:07 [bridge] AI-Project: 0 unread
2026/5/1 16:57:07 [bridge] Leader: 1 unread
2026/5/1 16:57:08 [bridge] Designer: 0 unread
2026/5/1 16:57:08 [bridge] Writer: 0 unread
2026/5/1 16:57:09 [bridge] Brunson: 0 unread
2026/5/1 16:57:09 [bridge] LP: 0 unread
2026/5/1 16:57:09 [bridge] Video: 0 unread
2026/5/1 16:57:10 [bridge] Researcher: 0 unread
2026/5/1 16:57:10 [bridge] Analyst: 0 unread
2026/5/1 16:57:11 [bridge] Product: 0 unread
2026/5/1 16:57:11 [bridge] SNS: 0 unread
2026/5/1 16:58:06 [bridge] poll at 2026/5/1 16:58:06
2026/5/1 16:58:07 [bridge] AI-Project: 0 unread
2026/5/1 16:58:07 [bridge] Leader: 1 unread
2026/5/1 16:58:08 [bridge] Designer: 0 unread
2026/5/1 16:58:08 [bridge] Writer: 0 unread
2026/5/1 16:58:09 [bridge] Brunson: 0 unread
2026/5/1 16:58:09 [bridge] LP: 0 unread
2026/5/1 16:58:10 [bridge] Video: 0 unread
2026/5/1 16:58:10 [bridge] Researcher: 0 unread
2026/5/1 16:58:11 [bridge] Analyst: 0 unread
2026/5/1 16:58:11 [bridge] Product: 0 unread
2026/5/1 16:58:12 [bridge] SNS: 0 unread
2026/5/1 16:59:06 [bridge] poll at 2026/5/1 16:59:06
2026/5/1 16:59:07 [bridge] AI-Project: 0 unread
2026/5/1 16:59:07 [bridge] Leader: 1 unread
2026/5/1 16:59:08 [bridge] Designer: 0 unread
2026/5/1 16:59:08 [bridge] Writer: 0 unread
2026/5/1 16:59:09 [bridge] Brunson: 0 unread
2026/5/1 16:59:09 [bridge] LP: 0 unread
2026/5/1 16:59:10 [bridge] Video: 0 unread
2026/5/1 16:59:10 [bridge] Researcher: 0 unread
2026/5/1 16:59:11 [bridge] Analyst: 0 unread
2026/5/1 16:59:11 [bridge] Product: 0 unread
2026/5/1 16:59:12 [bridge] SNS: 0 unread
2026/5/1 17:00:06 [bridge] poll at 2026/5/1 17:00:06
2026/5/1 17:00:08 [bridge] AI-Project: 0 unread
2026/5/1 17:00:08 [bridge] Leader: 1 unread
2026/5/1 17:00:09 [bridge] Designer: 0 unread
2026/5/1 17:00:09 [bridge] Writer: 0 unread
2026/5/1 17:00:10 [bridge] Brunson: 0 unread
2026/5/1 17:00:11 [bridge] LP: 0 unread
2026/5/1 17:00:11 [bridge] Video: 0 unread
2026/5/1 17:00:12 [bridge] Researcher: 0 unread
2026/5/1 17:00:12 [bridge] Analyst: 0 unread
2026/5/1 17:00:13 [bridge] Product: 0 unread
2026/5/1 17:00:13 [bridge] SNS: 0 unread
2026/5/1 17:01:06 [bridge] poll at 2026/5/1 17:01:06
2026/5/1 17:01:07 [bridge] AI-Project: 0 unread
2026/5/1 17:01:07 [bridge] Leader: 1 unread
2026/5/1 17:01:08 [bridge] Designer: 0 unread
2026/5/1 17:01:08 [bridge] Writer: 0 unread
2026/5/1 17:01:09 [bridge] Brunson: 0 unread
2026/5/1 17:01:09 [bridge] LP: 0 unread
2026/5/1 17:01:10 [bridge] Video: 0 unread
2026/5/1 17:01:10 [bridge] Researcher: 0 unread
2026/5/1 17:01:11 [bridge] Analyst: 0 unread
2026/5/1 17:01:11 [bridge] Product: 0 unread
2026/5/1 17:01:12 [bridge] SNS: 0 unread
2026/5/1 17:02:06 [bridge] poll at 2026/5/1 17:02:06
2026/5/1 17:02:08 [bridge] AI-Project: 0 unread
2026/5/1 17:02:08 [bridge] Leader: 1 unread
2026/5/1 17:02:09 [bridge] Designer: 0 unread
2026/5/1 17:02:09 [bridge] Writer: 0 unread
2026/5/1 17:02:10 [bridge] Brunson: 0 unread
2026/5/1 17:02:10 [bridge] LP: 0 unread
2026/5/1 17:02:11 [bridge] Video: 0 unread
2026/5/1 17:02:11 [bridge] Researcher: 0 unread
2026/5/1 17:02:11 [bridge] Analyst: 0 unread
2026/5/1 17:02:12 [bridge] Product: 0 unread
2026/5/1 17:02:12 [bridge] SNS: 0 unread
2026/5/1 17:03:06 [bridge] poll at 2026/5/1 17:03:06
2026/5/1 17:03:07 [bridge] AI-Project: 0 unread
2026/5/1 17:03:07 [bridge] Leader: 1 unread
2026/5/1 17:03:08 [bridge] Designer: 0 unread
2026/5/1 17:03:08 [bridge] Writer: 0 unread
2026/5/1 17:03:09 [bridge] Brunson: 0 unread
2026/5/1 17:03:09 [bridge] LP: 0 unread
2026/5/1 17:03:10 [bridge] Video: 0 unread
2026/5/1 17:03:10 [bridge] Researcher: 0 unread
2026/5/1 17:03:11 [bridge] Analyst: 0 unread
2026/5/1 17:03:11 [bridge] Product: 0 unread
2026/5/1 17:03:12 [bridge] SNS: 0 unread
2026/5/1 17:04:06 [bridge] poll at 2026/5/1 17:04:06
2026/5/1 17:04:07 [bridge] AI-Project: 0 unread
2026/5/1 17:04:07 [bridge] Leader: 1 unread
2026/5/1 17:04:08 [bridge] Designer: 0 unread
2026/5/1 17:04:08 [bridge] Writer: 0 unread
2026/5/1 17:04:09 [bridge] Brunson: 0 unread
2026/5/1 17:04:09 [bridge] LP: 0 unread
2026/5/1 17:04:09 [bridge] Video: 0 unread
2026/5/1 17:04:10 [bridge] Researcher: 0 unread
2026/5/1 17:04:10 [bridge] Analyst: 0 unread
2026/5/1 17:04:11 [bridge] Product: 0 unread
2026/5/1 17:04:11 [bridge] SNS: 0 unread
2026/5/1 17:05:06 [bridge] poll at 2026/5/1 17:05:06
2026/5/1 17:05:07 [bridge] AI-Project: 0 unread
2026/5/1 17:05:07 [bridge] Leader: 1 unread
2026/5/1 17:05:08 [bridge] Designer: 0 unread
2026/5/1 17:05:08 [bridge] Writer: 0 unread
2026/5/1 17:05:08 [bridge] Brunson: 0 unread
2026/5/1 17:05:09 [bridge] LP: 0 unread
2026/5/1 17:05:09 [bridge] Video: 0 unread
2026/5/1 17:05:10 [bridge] Researcher: 0 unread
2026/5/1 17:05:10 [bridge] Analyst: 0 unread
2026/5/1 17:05:11 [bridge] Product: 0 unread
2026/5/1 17:05:11 [bridge] SNS: 0 unread
2026/5/1 17:06:06 [bridge] poll at 2026/5/1 17:06:06
2026/5/1 17:06:07 [bridge] AI-Project: 0 unread
2026/5/1 17:06:07 [bridge] Leader: 1 unread
2026/5/1 17:06:08 [bridge] Designer: 0 unread
2026/5/1 17:06:08 [bridge] Writer: 0 unread
2026/5/1 17:06:09 [bridge] Brunson: 0 unread
2026/5/1 17:06:09 [bridge] LP: 0 unread
2026/5/1 17:06:10 [bridge] Video: 0 unread
2026/5/1 17:06:10 [bridge] Researcher: 0 unread
2026/5/1 17:06:11 [bridge] Analyst: 0 unread
2026/5/1 17:06:11 [bridge] Product: 0 unread
2026/5/1 17:06:12 [bridge] SNS: 0 unread
2026/5/1 17:07:06 [bridge] poll at 2026/5/1 17:07:06
2026/5/1 17:07:07 [bridge] AI-Project: 0 unread
2026/5/1 17:07:07 [bridge] Leader: 1 unread
2026/5/1 17:07:08 [bridge] Designer: 0 unread
2026/5/1 17:07:08 [bridge] Writer: 0 unread
2026/5/1 17:07:09 [bridge] Brunson: 0 unread
2026/5/1 17:07:09 [bridge] LP: 0 unread
2026/5/1 17:07:10 [bridge] Video: 0 unread
2026/5/1 17:07:10 [bridge] Researcher: 0 unread
2026/5/1 17:07:11 [bridge] Analyst: 0 unread
2026/5/1 17:07:11 [bridge] Product: 0 unread
2026/5/1 17:07:12 [bridge] SNS: 0 unread
2026/5/1 17:08:06 [bridge] poll at 2026/5/1 17:08:06
2026/5/1 17:08:08 [bridge] AI-Project: 0 unread
2026/5/1 17:08:08 [bridge] Leader: 1 unread
2026/5/1 17:08:09 [bridge] Designer: 0 unread
2026/5/1 17:08:09 [bridge] Writer: 0 unread
2026/5/1 17:08:10 [bridge] Brunson: 0 unread
2026/5/1 17:08:10 [bridge] LP: 0 unread
2026/5/1 17:08:11 [bridge] Video: 0 unread
2026/5/1 17:08:11 [bridge] Researcher: 0 unread
2026/5/1 17:08:12 [bridge] Analyst: 0 unread
2026/5/1 17:08:12 [bridge] Product: 0 unread
2026/5/1 17:08:13 [bridge] SNS: 0 unread
2026/5/1 17:09:06 [bridge] poll at 2026/5/1 17:09:06
2026/5/1 17:09:07 [bridge] AI-Project: 0 unread
2026/5/1 17:09:07 [bridge] Leader: 1 unread
2026/5/1 17:09:08 [bridge] Designer: 0 unread
2026/5/1 17:09:08 [bridge] Writer: 0 unread
2026/5/1 17:09:09 [bridge] Brunson: 0 unread
2026/5/1 17:09:09 [bridge] LP: 0 unread
2026/5/1 17:09:10 [bridge] Video: 0 unread
2026/5/1 17:09:11 [bridge] Researcher: 0 unread
2026/5/1 17:09:11 [bridge] Analyst: 0 unread
2026/5/1 17:09:12 [bridge] Product: 0 unread
2026/5/1 17:09:12 [bridge] SNS: 0 unread
2026/5/1 17:10:06 [bridge] poll at 2026/5/1 17:10:06
2026/5/1 17:10:07 [bridge] AI-Project: 0 unread
2026/5/1 17:10:07 [bridge] Leader: 1 unread
2026/5/1 17:10:08 [bridge] Designer: 0 unread
2026/5/1 17:10:08 [bridge] Writer: 0 unread
2026/5/1 17:10:09 [bridge] Brunson: 0 unread
2026/5/1 17:10:09 [bridge] LP: 0 unread
2026/5/1 17:10:10 [bridge] Video: 0 unread
2026/5/1 17:10:10 [bridge] Researcher: 0 unread
2026/5/1 17:10:11 [bridge] Analyst: 0 unread
2026/5/1 17:10:11 [bridge] Product: 0 unread
2026/5/1 17:10:12 [bridge] SNS: 0 unread
2026/5/1 17:11:06 [bridge] poll at 2026/5/1 17:11:06
2026/5/1 17:11:07 [bridge] AI-Project: 0 unread
2026/5/1 17:11:08 [bridge] Leader: 1 unread
2026/5/1 17:11:08 [bridge] Designer: 0 unread
2026/5/1 17:11:09 [bridge] Writer: 0 unread
2026/5/1 17:11:09 [bridge] Brunson: 0 unread
2026/5/1 17:11:10 [bridge] LP: 0 unread
2026/5/1 17:11:10 [bridge] Video: 0 unread
2026/5/1 17:11:11 [bridge] Researcher: 0 unread
2026/5/1 17:11:11 [bridge] Analyst: 0 unread
2026/5/1 17:11:12 [bridge] Product: 0 unread
2026/5/1 17:11:12 [bridge] SNS: 0 unread
2026/5/1 17:12:06 [bridge] poll at 2026/5/1 17:12:06
2026/5/1 17:12:07 [bridge] AI-Project: 0 unread
2026/5/1 17:12:07 [bridge] Leader: 1 unread
2026/5/1 17:12:08 [bridge] Designer: 0 unread
2026/5/1 17:12:08 [bridge] Writer: 0 unread
2026/5/1 17:12:09 [bridge] Brunson: 0 unread
2026/5/1 17:12:09 [bridge] LP: 0 unread
2026/5/1 17:12:10 [bridge] Video: 0 unread
2026/5/1 17:12:10 [bridge] Researcher: 0 unread
2026/5/1 17:12:11 [bridge] Analyst: 0 unread
2026/5/1 17:12:11 [bridge] Product: 0 unread
2026/5/1 17:12:12 [bridge] SNS: 0 unread
2026/5/1 17:13:06 [bridge] poll at 2026/5/1 17:13:06
2026/5/1 17:13:07 [bridge] AI-Project: 0 unread
2026/5/1 17:13:07 [bridge] Leader: 1 unread
2026/5/1 17:13:08 [bridge] Designer: 0 unread
2026/5/1 17:13:08 [bridge] Writer: 0 unread
2026/5/1 17:13:09 [bridge] Brunson: 0 unread
2026/5/1 17:13:09 [bridge] LP: 0 unread
2026/5/1 17:13:10 [bridge] Video: 0 unread
2026/5/1 17:13:10 [bridge] Researcher: 0 unread
2026/5/1 17:13:10 [bridge] Analyst: 0 unread
2026/5/1 17:13:11 [bridge] Product: 0 unread
2026/5/1 17:13:11 [bridge] SNS: 0 unread
2026/5/1 17:14:06 [bridge] poll at 2026/5/1 17:14:06
2026/5/1 17:14:08 [bridge] AI-Project: 0 unread
2026/5/1 17:14:08 [bridge] Leader: 1 unread
2026/5/1 17:14:09 [bridge] Designer: 0 unread
2026/5/1 17:14:09 [bridge] Writer: 0 unread
2026/5/1 17:14:10 [bridge] Brunson: 0 unread
2026/5/1 17:14:10 [bridge] LP: 0 unread
2026/5/1 17:14:11 [bridge] Video: 0 unread
2026/5/1 17:14:11 [bridge] Researcher: 0 unread
2026/5/1 17:14:11 [bridge] Analyst: 0 unread
2026/5/1 17:14:12 [bridge] Product: 0 unread
2026/5/1 17:14:12 [bridge] SNS: 0 unread
2026/5/1 17:15:06 [bridge] poll at 2026/5/1 17:15:06
2026/5/1 17:15:07 [bridge] AI-Project: 0 unread
2026/5/1 17:15:07 [bridge] Leader: 1 unread
2026/5/1 17:15:08 [bridge] Designer: 0 unread
2026/5/1 17:15:08 [bridge] Writer: 0 unread
2026/5/1 17:15:09 [bridge] Brunson: 0 unread
2026/5/1 17:15:09 [bridge] LP: 0 unread
2026/5/1 17:15:10 [bridge] Video: 0 unread
2026/5/1 17:15:10 [bridge] Researcher: 0 unread
2026/5/1 17:15:11 [bridge] Analyst: 0 unread
2026/5/1 17:15:11 [bridge] Product: 0 unread
2026/5/1 17:15:12 [bridge] SNS: 0 unread
2026/5/1 17:16:06 [bridge] poll at 2026/5/1 17:16:06
2026/5/1 17:16:07 [bridge] AI-Project: 0 unread
2026/5/1 17:16:07 [bridge] Leader: 1 unread
2026/5/1 17:16:08 [bridge] Designer: 0 unread
2026/5/1 17:16:08 [bridge] Writer: 0 unread
2026/5/1 17:16:09 [bridge] Brunson: 0 unread
2026/5/1 17:16:09 [bridge] LP: 0 unread
2026/5/1 17:16:10 [bridge] Video: 0 unread
2026/5/1 17:16:10 [bridge] Researcher: 0 unread
2026/5/1 17:16:11 [bridge] Analyst: 0 unread
2026/5/1 17:16:11 [bridge] Product: 0 unread
2026/5/1 17:16:12 [bridge] SNS: 0 unread
2026/5/1 17:17:07 [bridge] poll at 2026/5/1 17:17:07
2026/5/1 17:17:08 [bridge] AI-Project: 0 unread
2026/5/1 17:17:09 [bridge] Leader: 1 unread
2026/5/1 17:17:09 [bridge] Designer: 0 unread
2026/5/1 17:17:10 [bridge] Writer: 0 unread
2026/5/1 17:17:10 [bridge] Brunson: 0 unread
2026/5/1 17:17:11 [bridge] LP: 0 unread
2026/5/1 17:17:11 [bridge] Video: 0 unread
2026/5/1 17:17:12 [bridge] Researcher: 0 unread
2026/5/1 17:17:12 [bridge] Analyst: 0 unread
2026/5/1 17:17:13 [bridge] Product: 0 unread
2026/5/1 17:17:13 [bridge] SNS: 0 unread
2026/5/1 17:18:07 [bridge] poll at 2026/5/1 17:18:07
2026/5/1 17:18:08 [bridge] AI-Project: 0 unread
2026/5/1 17:18:09 [bridge] Leader: 1 unread
2026/5/1 17:18:09 [bridge] Designer: 0 unread
2026/5/1 17:18:10 [bridge] Writer: 0 unread
2026/5/1 17:18:10 [bridge] Brunson: 0 unread
2026/5/1 17:18:11 [bridge] LP: 0 unread
2026/5/1 17:18:11 [bridge] Video: 0 unread
2026/5/1 17:18:12 [bridge] Researcher: 0 unread
2026/5/1 17:18:12 [bridge] Analyst: 0 unread
2026/5/1 17:18:13 [bridge] Product: 0 unread
2026/5/1 17:18:13 [bridge] SNS: 0 unread
2026/5/1 17:19:07 [bridge] poll at 2026/5/1 17:19:07
2026/5/1 17:19:08 [bridge] AI-Project: 0 unread
2026/5/1 17:19:09 [bridge] Leader: 1 unread
2026/5/1 17:19:09 [bridge] Designer: 0 unread
2026/5/1 17:19:10 [bridge] Writer: 0 unread
2026/5/1 17:19:10 [bridge] Brunson: 0 unread
2026/5/1 17:19:11 [bridge] LP: 0 unread
2026/5/1 17:19:11 [bridge] Video: 0 unread
2026/5/1 17:19:12 [bridge] Researcher: 0 unread
2026/5/1 17:19:12 [bridge] Analyst: 0 unread
2026/5/1 17:19:13 [bridge] Product: 0 unread
2026/5/1 17:19:13 [bridge] SNS: 0 unread
2026/5/1 17:20:07 [bridge] poll at 2026/5/1 17:20:07
2026/5/1 17:20:09 [bridge] AI-Project: 0 unread
2026/5/1 17:20:10 [bridge] Leader: 1 unread
2026/5/1 17:20:10 [bridge] Designer: 0 unread
2026/5/1 17:20:11 [bridge] Writer: 0 unread
2026/5/1 17:20:11 [bridge] Brunson: 0 unread
2026/5/1 17:20:12 [bridge] LP: 0 unread
2026/5/1 17:20:12 [bridge] Video: 0 unread
2026/5/1 17:20:13 [bridge] Researcher: 0 unread
2026/5/1 17:20:13 [bridge] Analyst: 0 unread
2026/5/1 17:20:14 [bridge] Product: 0 unread
2026/5/1 17:20:14 [bridge] SNS: 0 unread
2026/5/1 17:21:07 [bridge] poll at 2026/5/1 17:21:07
2026/5/1 17:21:08 [bridge] AI-Project: 0 unread
2026/5/1 17:21:09 [bridge] Leader: 1 unread
2026/5/1 17:21:09 [bridge] Designer: 0 unread
2026/5/1 17:21:10 [bridge] Writer: 0 unread
2026/5/1 17:21:10 [bridge] Brunson: 0 unread
2026/5/1 17:21:11 [bridge] LP: 0 unread
2026/5/1 17:21:11 [bridge] Video: 0 unread
2026/5/1 17:21:12 [bridge] Researcher: 0 unread
2026/5/1 17:21:12 [bridge] Analyst: 0 unread
2026/5/1 17:21:13 [bridge] Product: 0 unread
2026/5/1 17:21:13 [bridge] SNS: 0 unread
2026/5/1 17:22:07 [bridge] poll at 2026/5/1 17:22:07
2026/5/1 17:22:08 [bridge] AI-Project: 0 unread
2026/5/1 17:22:09 [bridge] Leader: 1 unread
2026/5/1 17:22:09 [bridge] Designer: 0 unread
2026/5/1 17:22:10 [bridge] Writer: 0 unread
2026/5/1 17:22:10 [bridge] Brunson: 0 unread
2026/5/1 17:22:11 [bridge] LP: 0 unread
2026/5/1 17:22:11 [bridge] Video: 0 unread
2026/5/1 17:22:12 [bridge] Researcher: 0 unread
2026/5/1 17:22:12 [bridge] Analyst: 0 unread
2026/5/1 17:22:13 [bridge] Product: 0 unread
2026/5/1 17:22:13 [bridge] SNS: 0 unread
2026/5/1 17:23:07 [bridge] poll at 2026/5/1 17:23:07
2026/5/1 17:23:08 [bridge] AI-Project: 0 unread
2026/5/1 17:23:09 [bridge] Leader: 1 unread
2026/5/1 17:23:09 [bridge] Designer: 0 unread
2026/5/1 17:23:10 [bridge] Writer: 0 unread
2026/5/1 17:23:10 [bridge] Brunson: 0 unread
2026/5/1 17:23:10 [bridge] LP: 0 unread
2026/5/1 17:23:11 [bridge] Video: 0 unread
2026/5/1 17:23:11 [bridge] Researcher: 0 unread
2026/5/1 17:23:12 [bridge] Analyst: 0 unread
2026/5/1 17:23:12 [bridge] Product: 0 unread
2026/5/1 17:23:13 [bridge] SNS: 0 unread
2026/5/1 17:24:07 [bridge] poll at 2026/5/1 17:24:07
2026/5/1 17:24:08 [bridge] AI-Project: 0 unread
2026/5/1 17:24:09 [bridge] Leader: 1 unread
2026/5/1 17:24:09 [bridge] Designer: 0 unread
2026/5/1 17:24:09 [bridge] Writer: 0 unread
2026/5/1 17:24:10 [bridge] Brunson: 0 unread
2026/5/1 17:24:10 [bridge] LP: 0 unread
2026/5/1 17:24:11 [bridge] Video: 0 unread
2026/5/1 17:24:11 [bridge] Researcher: 0 unread
2026/5/1 17:24:12 [bridge] Analyst: 0 unread
2026/5/1 17:24:12 [bridge] Product: 0 unread
2026/5/1 17:24:13 [bridge] SNS: 0 unread
2026/5/1 17:25:07 [bridge] poll at 2026/5/1 17:25:07
2026/5/1 17:25:08 [bridge] AI-Project: 0 unread
2026/5/1 17:25:09 [bridge] Leader: 1 unread
2026/5/1 17:25:09 [bridge] Designer: 0 unread
2026/5/1 17:25:10 [bridge] Writer: 0 unread
2026/5/1 17:25:10 [bridge] Brunson: 0 unread
2026/5/1 17:25:11 [bridge] LP: 0 unread
2026/5/1 17:25:11 [bridge] Video: 0 unread
2026/5/1 17:25:12 [bridge] Researcher: 0 unread
2026/5/1 17:25:12 [bridge] Analyst: 0 unread
2026/5/1 17:25:13 [bridge] Product: 0 unread
2026/5/1 17:25:13 [bridge] SNS: 0 unread
2026/5/1 17:26:07 [bridge] poll at 2026/5/1 17:26:07
2026/5/1 17:26:09 [bridge] AI-Project: 0 unread
2026/5/1 17:26:10 [bridge] Leader: 1 unread
2026/5/1 17:26:10 [bridge] Designer: 0 unread
2026/5/1 17:26:11 [bridge] Writer: 0 unread
2026/5/1 17:26:11 [bridge] Brunson: 0 unread
2026/5/1 17:26:12 [bridge] LP: 0 unread
2026/5/1 17:26:12 [bridge] Video: 0 unread
2026/5/1 17:26:13 [bridge] Researcher: 0 unread
2026/5/1 17:26:13 [bridge] Analyst: 0 unread
2026/5/1 17:26:14 [bridge] Product: 0 unread
2026/5/1 17:26:14 [bridge] SNS: 0 unread
2026/5/1 17:27:07 [bridge] poll at 2026/5/1 17:27:07
2026/5/1 17:27:08 [bridge] AI-Project: 0 unread
2026/5/1 17:27:09 [bridge] Leader: 1 unread
2026/5/1 17:27:09 [bridge] Designer: 0 unread
2026/5/1 17:27:10 [bridge] Writer: 0 unread
2026/5/1 17:27:10 [bridge] Brunson: 0 unread
2026/5/1 17:27:11 [bridge] LP: 0 unread
2026/5/1 17:27:11 [bridge] Video: 0 unread
2026/5/1 17:27:12 [bridge] Researcher: 0 unread
2026/5/1 17:27:12 [bridge] Analyst: 0 unread
2026/5/1 17:27:13 [bridge] Product: 0 unread
2026/5/1 17:27:13 [bridge] SNS: 0 unread
2026/5/1 17:28:07 [bridge] poll at 2026/5/1 17:28:07
2026/5/1 17:28:08 [bridge] AI-Project: 0 unread
2026/5/1 17:28:09 [bridge] Leader: 1 unread
2026/5/1 17:28:09 [bridge] Designer: 0 unread
2026/5/1 17:28:10 [bridge] Writer: 0 unread
2026/5/1 17:28:10 [bridge] Brunson: 0 unread
2026/5/1 17:28:11 [bridge] LP: 0 unread
2026/5/1 17:28:11 [bridge] Video: 0 unread
2026/5/1 17:28:12 [bridge] Researcher: 0 unread
2026/5/1 17:28:12 [bridge] Analyst: 0 unread
2026/5/1 17:28:13 [bridge] Product: 0 unread
2026/5/1 17:28:13 [bridge] SNS: 0 unread
2026/5/1 17:29:07 [bridge] poll at 2026/5/1 17:29:07
2026/5/1 17:29:08 [bridge] AI-Project: 0 unread
2026/5/1 17:29:09 [bridge] Leader: 1 unread
2026/5/1 17:29:09 [bridge] Designer: 0 unread
2026/5/1 17:29:10 [bridge] Writer: 0 unread
2026/5/1 17:29:10 [bridge] Brunson: 0 unread
2026/5/1 17:29:10 [bridge] LP: 0 unread
2026/5/1 17:29:11 [bridge] Video: 0 unread
2026/5/1 17:29:11 [bridge] Researcher: 0 unread
2026/5/1 17:29:12 [bridge] Analyst: 0 unread
2026/5/1 17:29:12 [bridge] Product: 0 unread
2026/5/1 17:29:13 [bridge] SNS: 0 unread
2026/5/1 17:30:07 [bridge] poll at 2026/5/1 17:30:07
2026/5/1 17:30:08 [bridge] AI-Project: 0 unread
2026/5/1 17:30:09 [bridge] Leader: 1 unread
2026/5/1 17:30:09 [bridge] Designer: 0 unread
2026/5/1 17:30:10 [bridge] Writer: 0 unread
2026/5/1 17:30:10 [bridge] Brunson: 0 unread
2026/5/1 17:30:11 [bridge] LP: 0 unread
2026/5/1 17:30:11 [bridge] Video: 0 unread
2026/5/1 17:30:12 [bridge] Researcher: 0 unread
2026/5/1 17:30:12 [bridge] Analyst: 0 unread
2026/5/1 17:30:13 [bridge] Product: 0 unread
2026/5/1 17:30:13 [bridge] SNS: 0 unread
2026/5/1 17:31:07 [bridge] poll at 2026/5/1 17:31:07
2026/5/1 17:31:08 [bridge] AI-Project: 0 unread
2026/5/1 17:31:09 [bridge] Leader: 1 unread
2026/5/1 17:31:09 [bridge] Designer: 0 unread
2026/5/1 17:31:10 [bridge] Writer: 0 unread
2026/5/1 17:31:10 [bridge] Brunson: 0 unread
2026/5/1 17:31:11 [bridge] LP: 0 unread
2026/5/1 17:31:11 [bridge] Video: 0 unread
2026/5/1 17:31:12 [bridge] Researcher: 0 unread
2026/5/1 17:31:12 [bridge] Analyst: 0 unread
2026/5/1 17:31:13 [bridge] Product: 0 unread
2026/5/1 17:31:13 [bridge] SNS: 0 unread
2026/5/1 17:32:07 [bridge] poll at 2026/5/1 17:32:07
2026/5/1 17:32:08 [bridge] AI-Project: 0 unread
2026/5/1 17:32:09 [bridge] Leader: 1 unread
2026/5/1 17:32:09 [bridge] Designer: 0 unread
2026/5/1 17:32:10 [bridge] Writer: 0 unread
2026/5/1 17:32:11 [bridge] Brunson: 0 unread
2026/5/1 17:32:11 [bridge] LP: 0 unread
2026/5/1 17:32:12 [bridge] Video: 0 unread
2026/5/1 17:32:12 [bridge] Researcher: 0 unread
2026/5/1 17:32:13 [bridge] Analyst: 0 unread
2026/5/1 17:32:13 [bridge] Product: 0 unread
2026/5/1 17:32:14 [bridge] SNS: 0 unread
2026/5/1 17:33:07 [bridge] poll at 2026/5/1 17:33:07
2026/5/1 17:33:08 [bridge] AI-Project: 0 unread
2026/5/1 17:33:09 [bridge] Leader: 1 unread
2026/5/1 17:33:09 [bridge] Designer: 0 unread
2026/5/1 17:33:10 [bridge] Writer: 0 unread
2026/5/1 17:33:10 [bridge] Brunson: 0 unread
2026/5/1 17:33:11 [bridge] LP: 0 unread
2026/5/1 17:33:11 [bridge] Video: 0 unread
2026/5/1 17:33:12 [bridge] Researcher: 0 unread
2026/5/1 17:33:12 [bridge] Analyst: 0 unread
2026/5/1 17:33:13 [bridge] Product: 0 unread
2026/5/1 17:33:13 [bridge] SNS: 0 unread
2026/5/1 17:34:07 [bridge] poll at 2026/5/1 17:34:07
2026/5/1 17:34:08 [bridge] AI-Project: 0 unread
2026/5/1 17:34:09 [bridge] Leader: 1 unread
2026/5/1 17:34:09 [bridge] Designer: 0 unread
2026/5/1 17:34:10 [bridge] Writer: 0 unread
2026/5/1 17:34:10 [bridge] Brunson: 0 unread
2026/5/1 17:34:11 [bridge] LP: 0 unread
2026/5/1 17:34:11 [bridge] Video: 0 unread
2026/5/1 17:34:12 [bridge] Researcher: 0 unread
2026/5/1 17:34:12 [bridge] Analyst: 0 unread
2026/5/1 17:34:13 [bridge] Product: 0 unread
2026/5/1 17:34:13 [bridge] SNS: 0 unread
2026/5/1 17:35:07 [bridge] poll at 2026/5/1 17:35:07
2026/5/1 17:35:08 [bridge] AI-Project: 0 unread
2026/5/1 17:35:09 [bridge] Leader: 1 unread
2026/5/1 17:35:09 [bridge] Designer: 0 unread
2026/5/1 17:35:10 [bridge] Writer: 0 unread
2026/5/1 17:35:10 [bridge] Brunson: 0 unread
2026/5/1 17:35:10 [bridge] LP: 0 unread
2026/5/1 17:35:11 [bridge] Video: 0 unread
2026/5/1 17:35:11 [bridge] Researcher: 0 unread
2026/5/1 17:35:12 [bridge] Analyst: 0 unread
2026/5/1 17:35:12 [bridge] Product: 0 unread
2026/5/1 17:35:13 [bridge] SNS: 0 unread
2026/5/1 17:36:07 [bridge] poll at 2026/5/1 17:36:07
2026/5/1 17:36:08 [bridge] AI-Project: 0 unread
2026/5/1 17:36:09 [bridge] Leader: 1 unread
2026/5/1 17:36:09 [bridge] Designer: 0 unread
2026/5/1 17:36:10 [bridge] Writer: 0 unread
2026/5/1 17:36:10 [bridge] Brunson: 0 unread
2026/5/1 17:36:11 [bridge] LP: 0 unread
2026/5/1 17:36:11 [bridge] Video: 0 unread
2026/5/1 17:36:12 [bridge] Researcher: 0 unread
2026/5/1 17:36:12 [bridge] Analyst: 0 unread
2026/5/1 17:36:13 [bridge] Product: 0 unread
2026/5/1 17:36:13 [bridge] SNS: 0 unread
2026/5/1 17:37:07 [bridge] poll at 2026/5/1 17:37:07
2026/5/1 17:37:09 [bridge] AI-Project: 0 unread
2026/5/1 17:37:10 [bridge] Leader: 1 unread
2026/5/1 17:37:10 [bridge] Designer: 0 unread
2026/5/1 17:37:11 [bridge] Writer: 0 unread
2026/5/1 17:37:11 [bridge] Brunson: 0 unread
2026/5/1 17:37:12 [bridge] LP: 0 unread
2026/5/1 17:37:12 [bridge] Video: 0 unread
2026/5/1 17:37:12 [bridge] Researcher: 0 unread
2026/5/1 17:37:13 [bridge] Analyst: 0 unread
2026/5/1 17:37:13 [bridge] Product: 0 unread
2026/5/1 17:37:14 [bridge] SNS: 0 unread
2026/5/1 17:38:07 [bridge] poll at 2026/5/1 17:38:07
2026/5/1 17:38:08 [bridge] AI-Project: 0 unread
2026/5/1 17:38:09 [bridge] Leader: 1 unread
2026/5/1 17:38:09 [bridge] Designer: 0 unread
2026/5/1 17:38:10 [bridge] Writer: 0 unread
2026/5/1 17:38:10 [bridge] Brunson: 0 unread
2026/5/1 17:38:11 [bridge] LP: 0 unread
2026/5/1 17:38:11 [bridge] Video: 0 unread
2026/5/1 17:38:12 [bridge] Researcher: 0 unread
2026/5/1 17:38:12 [bridge] Analyst: 0 unread
2026/5/1 17:38:13 [bridge] Product: 0 unread
2026/5/1 17:38:13 [bridge] SNS: 0 unread
2026/5/1 17:39:07 [bridge] poll at 2026/5/1 17:39:07
2026/5/1 17:39:08 [bridge] AI-Project: 0 unread
2026/5/1 17:39:09 [bridge] Leader: 1 unread
2026/5/1 17:39:09 [bridge] Designer: 0 unread
2026/5/1 17:39:10 [bridge] Writer: 0 unread
2026/5/1 17:39:10 [bridge] Brunson: 0 unread
2026/5/1 17:39:11 [bridge] LP: 0 unread
2026/5/1 17:39:11 [bridge] Video: 0 unread
2026/5/1 17:39:12 [bridge] Researcher: 0 unread
2026/5/1 17:39:12 [bridge] Analyst: 0 unread
2026/5/1 17:39:13 [bridge] Product: 0 unread
2026/5/1 17:39:13 [bridge] SNS: 0 unread
2026/5/1 17:40:07 [bridge] poll at 2026/5/1 17:40:07
2026/5/1 17:40:08 [bridge] AI-Project: 0 unread
2026/5/1 17:40:09 [bridge] Leader: 1 unread
2026/5/1 17:40:09 [bridge] Designer: 0 unread
2026/5/1 17:40:10 [bridge] Writer: 0 unread
2026/5/1 17:40:10 [bridge] Brunson: 0 unread
2026/5/1 17:40:10 [bridge] LP: 0 unread
2026/5/1 17:40:11 [bridge] Video: 0 unread
2026/5/1 17:40:11 [bridge] Researcher: 0 unread
2026/5/1 17:40:12 [bridge] Analyst: 0 unread
2026/5/1 17:40:12 [bridge] Product: 0 unread
2026/5/1 17:40:13 [bridge] SNS: 0 unread
2026/5/1 17:41:07 [bridge] poll at 2026/5/1 17:41:07
2026/5/1 17:41:08 [bridge] AI-Project: 0 unread
2026/5/1 17:41:09 [bridge] Leader: 1 unread
2026/5/1 17:41:09 [bridge] Designer: 0 unread
2026/5/1 17:41:10 [bridge] Writer: 0 unread
2026/5/1 17:41:10 [bridge] Brunson: 0 unread
2026/5/1 17:41:11 [bridge] LP: 0 unread
2026/5/1 17:41:11 [bridge] Video: 0 unread
2026/5/1 17:41:12 [bridge] Researcher: 0 unread
2026/5/1 17:41:12 [bridge] Analyst: 0 unread
2026/5/1 17:41:13 [bridge] Product: 0 unread
2026/5/1 17:41:13 [bridge] SNS: 0 unread
2026/5/1 17:42:07 [bridge] poll at 2026/5/1 17:42:07
2026/5/1 17:42:08 [bridge] AI-Project: 0 unread
2026/5/1 17:42:09 [bridge] Leader: 1 unread
2026/5/1 17:42:09 [bridge] Designer: 0 unread
2026/5/1 17:42:10 [bridge] Writer: 0 unread
2026/5/1 17:42:10 [bridge] Brunson: 0 unread
2026/5/1 17:42:11 [bridge] LP: 0 unread
2026/5/1 17:42:11 [bridge] Video: 0 unread
2026/5/1 17:42:12 [bridge] Researcher: 0 unread
2026/5/1 17:42:12 [bridge] Analyst: 0 unread
2026/5/1 17:42:13 [bridge] Product: 0 unread
2026/5/1 17:42:13 [bridge] SNS: 0 unread
2026/5/1 17:43:07 [bridge] poll at 2026/5/1 17:43:07
2026/5/1 17:43:09 [bridge] AI-Project: 0 unread
2026/5/1 17:43:10 [bridge] Leader: 1 unread
2026/5/1 17:43:10 [bridge] Designer: 0 unread
2026/5/1 17:43:11 [bridge] Writer: 0 unread
2026/5/1 17:43:11 [bridge] Brunson: 0 unread
2026/5/1 17:43:12 [bridge] LP: 0 unread
2026/5/1 17:43:12 [bridge] Video: 0 unread
2026/5/1 17:43:13 [bridge] Researcher: 0 unread
2026/5/1 17:43:13 [bridge] Analyst: 0 unread
2026/5/1 17:43:14 [bridge] Product: 0 unread
2026/5/1 17:43:14 [bridge] SNS: 0 unread
2026/5/1 17:44:08 [bridge] poll at 2026/5/1 17:44:08
2026/5/1 17:44:08 [bridge] AI-Project: 0 unread
2026/5/1 17:44:09 [bridge] Leader: 1 unread
2026/5/1 17:44:09 [bridge] Designer: 0 unread
2026/5/1 17:44:10 [bridge] Writer: 0 unread
2026/5/1 17:44:10 [bridge] Brunson: 0 unread
2026/5/1 17:44:10 [bridge] LP: 0 unread
2026/5/1 17:44:11 [bridge] Video: 0 unread
2026/5/1 17:44:11 [bridge] Researcher: 0 unread
2026/5/1 17:44:12 [bridge] Analyst: 0 unread
2026/5/1 17:44:12 [bridge] Product: 0 unread
2026/5/1 17:44:13 [bridge] SNS: 0 unread
2026/5/1 17:45:08 [bridge] poll at 2026/5/1 17:45:08
2026/5/1 17:45:08 [bridge] AI-Project: 0 unread
2026/5/1 17:45:09 [bridge] Leader: 1 unread
2026/5/1 17:45:09 [bridge] Designer: 0 unread
2026/5/1 17:45:10 [bridge] Writer: 0 unread
2026/5/1 17:45:10 [bridge] Brunson: 0 unread
2026/5/1 17:45:11 [bridge] LP: 0 unread
2026/5/1 17:45:11 [bridge] Video: 0 unread
2026/5/1 17:45:12 [bridge] Researcher: 0 unread
2026/5/1 17:45:12 [bridge] Analyst: 0 unread
2026/5/1 17:45:13 [bridge] Product: 0 unread
2026/5/1 17:45:13 [bridge] SNS: 0 unread
2026/5/1 17:46:08 [bridge] poll at 2026/5/1 17:46:08
2026/5/1 17:46:08 [bridge] AI-Project: 0 unread
2026/5/1 17:46:09 [bridge] Leader: 1 unread
2026/5/1 17:46:09 [bridge] Designer: 0 unread
2026/5/1 17:46:10 [bridge] Writer: 0 unread
2026/5/1 17:46:10 [bridge] Brunson: 0 unread
2026/5/1 17:46:11 [bridge] LP: 0 unread
2026/5/1 17:46:11 [bridge] Video: 0 unread
2026/5/1 17:46:12 [bridge] Researcher: 0 unread
2026/5/1 17:46:12 [bridge] Analyst: 0 unread
2026/5/1 17:46:13 [bridge] Product: 0 unread
2026/5/1 17:46:13 [bridge] SNS: 0 unread
2026/5/1 17:47:08 [bridge] poll at 2026/5/1 17:47:08
2026/5/1 17:47:08 [bridge] AI-Project: 0 unread
2026/5/1 17:47:09 [bridge] Leader: 1 unread
2026/5/1 17:47:09 [bridge] Designer: 0 unread
2026/5/1 17:47:10 [bridge] Writer: 0 unread
2026/5/1 17:47:10 [bridge] Brunson: 0 unread
2026/5/1 17:47:11 [bridge] LP: 0 unread
2026/5/1 17:47:11 [bridge] Video: 0 unread
2026/5/1 17:47:12 [bridge] Researcher: 0 unread
2026/5/1 17:47:12 [bridge] Analyst: 0 unread
2026/5/1 17:47:13 [bridge] Product: 0 unread
2026/5/1 17:47:13 [bridge] SNS: 0 unread
2026/5/1 17:48:08 [bridge] poll at 2026/5/1 17:48:08
2026/5/1 17:48:08 [bridge] AI-Project: 0 unread
2026/5/1 17:48:09 [bridge] Leader: 1 unread
2026/5/1 17:48:09 [bridge] Designer: 0 unread
2026/5/1 17:48:10 [bridge] Writer: 0 unread
2026/5/1 17:48:10 [bridge] Brunson: 0 unread
2026/5/1 17:48:11 [bridge] LP: 0 unread
2026/5/1 17:48:11 [bridge] Video: 0 unread
2026/5/1 17:48:12 [bridge] Researcher: 0 unread
2026/5/1 17:48:12 [bridge] Analyst: 0 unread
2026/5/1 17:48:13 [bridge] Product: 0 unread
2026/5/1 17:48:13 [bridge] SNS: 0 unread
2026/5/1 17:49:08 [bridge] poll at 2026/5/1 17:49:08
2026/5/1 17:49:09 [bridge] AI-Project: 0 unread
2026/5/1 17:49:10 [bridge] Leader: 1 unread
2026/5/1 17:49:11 [bridge] Designer: 0 unread
2026/5/1 17:49:11 [bridge] Writer: 0 unread
2026/5/1 17:49:12 [bridge] Brunson: 0 unread
2026/5/1 17:49:12 [bridge] LP: 0 unread
2026/5/1 17:49:13 [bridge] Video: 0 unread
2026/5/1 17:49:13 [bridge] Researcher: 0 unread
2026/5/1 17:49:14 [bridge] Analyst: 0 unread
2026/5/1 17:49:14 [bridge] Product: 0 unread
2026/5/1 17:49:15 [bridge] SNS: 0 unread
2026/5/1 17:50:08 [bridge] poll at 2026/5/1 17:50:08
2026/5/1 17:50:08 [bridge] AI-Project: 0 unread
2026/5/1 17:50:09 [bridge] Leader: 1 unread
2026/5/1 17:50:09 [bridge] Designer: 0 unread
2026/5/1 17:50:10 [bridge] Writer: 0 unread
2026/5/1 17:50:10 [bridge] Brunson: 0 unread
2026/5/1 17:50:11 [bridge] LP: 0 unread
2026/5/1 17:50:11 [bridge] Video: 0 unread
2026/5/1 17:50:11 [bridge] Researcher: 0 unread
2026/5/1 17:50:12 [bridge] Analyst: 0 unread
2026/5/1 17:50:12 [bridge] Product: 0 unread
2026/5/1 17:50:13 [bridge] SNS: 0 unread
2026/5/1 17:51:08 [bridge] poll at 2026/5/1 17:51:08
2026/5/1 17:51:08 [bridge] AI-Project: 0 unread
2026/5/1 17:51:09 [bridge] Leader: 1 unread
2026/5/1 17:51:10 [bridge] Designer: 0 unread
2026/5/1 17:51:10 [bridge] Writer: 0 unread
2026/5/1 17:51:11 [bridge] Brunson: 0 unread
2026/5/1 17:51:11 [bridge] LP: 0 unread
2026/5/1 17:51:12 [bridge] Video: 0 unread
2026/5/1 17:51:12 [bridge] Researcher: 0 unread
2026/5/1 17:51:13 [bridge] Analyst: 0 unread
2026/5/1 17:51:13 [bridge] Product: 0 unread
2026/5/1 17:51:14 [bridge] SNS: 0 unread
2026/5/1 17:52:08 [bridge] poll at 2026/5/1 17:52:08
2026/5/1 17:52:08 [bridge] AI-Project: 0 unread
2026/5/1 17:52:09 [bridge] Leader: 1 unread
2026/5/1 17:52:09 [bridge] Designer: 0 unread
2026/5/1 17:52:10 [bridge] Writer: 0 unread
2026/5/1 17:52:10 [bridge] Brunson: 0 unread
2026/5/1 17:52:11 [bridge] LP: 0 unread
2026/5/1 17:52:11 [bridge] Video: 0 unread
2026/5/1 17:52:12 [bridge] Researcher: 0 unread
2026/5/1 17:52:12 [bridge] Analyst: 0 unread
2026/5/1 17:52:13 [bridge] Product: 0 unread
2026/5/1 17:52:13 [bridge] SNS: 0 unread
2026/5/1 17:53:08 [bridge] poll at 2026/5/1 17:53:08
2026/5/1 17:53:08 [bridge] AI-Project: 0 unread
2026/5/1 17:53:09 [bridge] Leader: 1 unread
2026/5/1 17:53:09 [bridge] Designer: 0 unread
2026/5/1 17:53:10 [bridge] Writer: 0 unread
2026/5/1 17:53:10 [bridge] Brunson: 0 unread
2026/5/1 17:53:11 [bridge] LP: 0 unread
2026/5/1 17:53:11 [bridge] Video: 0 unread
2026/5/1 17:53:11 [bridge] Researcher: 0 unread
2026/5/1 17:53:12 [bridge] Analyst: 0 unread
2026/5/1 17:53:12 [bridge] Product: 0 unread
2026/5/1 17:53:13 [bridge] SNS: 0 unread
2026/5/1 17:54:08 [bridge] poll at 2026/5/1 17:54:08
2026/5/1 17:54:08 [bridge] AI-Project: 0 unread
2026/5/1 17:54:09 [bridge] Leader: 1 unread
2026/5/1 17:54:09 [bridge] Designer: 0 unread
2026/5/1 17:54:10 [bridge] Writer: 0 unread
2026/5/1 17:54:11 [bridge] Brunson: 0 unread
2026/5/1 17:54:11 [bridge] LP: 0 unread
2026/5/1 17:54:12 [bridge] Video: 0 unread
2026/5/1 17:54:12 [bridge] Researcher: 0 unread
2026/5/1 17:54:13 [bridge] Analyst: 0 unread
2026/5/1 17:54:13 [bridge] Product: 0 unread
2026/5/1 17:54:14 [bridge] SNS: 0 unread
2026/5/1 17:55:08 [bridge] poll at 2026/5/1 17:55:08
2026/5/1 17:55:09 [bridge] AI-Project: 0 unread
2026/5/1 17:55:10 [bridge] Leader: 1 unread
2026/5/1 17:55:11 [bridge] Designer: 0 unread
2026/5/1 17:55:11 [bridge] Writer: 0 unread
2026/5/1 17:55:12 [bridge] Brunson: 0 unread
2026/5/1 17:55:12 [bridge] LP: 0 unread
2026/5/1 17:55:13 [bridge] Video: 0 unread
2026/5/1 17:55:13 [bridge] Researcher: 0 unread
2026/5/1 17:55:14 [bridge] Analyst: 0 unread
2026/5/1 17:55:14 [bridge] Product: 0 unread
2026/5/1 17:55:15 [bridge] SNS: 0 unread
2026/5/1 17:56:08 [bridge] poll at 2026/5/1 17:56:08
2026/5/1 17:56:08 [bridge] AI-Project: 0 unread
2026/5/1 17:56:09 [bridge] Leader: 1 unread
2026/5/1 17:56:09 [bridge] Designer: 0 unread
2026/5/1 17:56:10 [bridge] Writer: 0 unread
2026/5/1 17:56:10 [bridge] Brunson: 0 unread
2026/5/1 17:56:10 [bridge] LP: 0 unread
2026/5/1 17:56:11 [bridge] Video: 0 unread
2026/5/1 17:56:11 [bridge] Researcher: 0 unread
2026/5/1 17:56:12 [bridge] Analyst: 0 unread
2026/5/1 17:56:12 [bridge] Product: 0 unread
2026/5/1 17:56:13 [bridge] SNS: 0 unread
2026/5/1 17:57:08 [bridge] poll at 2026/5/1 17:57:08
2026/5/1 17:57:08 [bridge] AI-Project: 0 unread
2026/5/1 17:57:09 [bridge] Leader: 1 unread
2026/5/1 17:57:10 [bridge] Designer: 0 unread
2026/5/1 17:57:10 [bridge] Writer: 0 unread
2026/5/1 17:57:11 [bridge] Brunson: 0 unread
2026/5/1 17:57:11 [bridge] LP: 0 unread
2026/5/1 17:57:12 [bridge] Video: 0 unread
2026/5/1 17:57:12 [bridge] Researcher: 0 unread
2026/5/1 17:57:13 [bridge] Analyst: 0 unread
2026/5/1 17:57:13 [bridge] Product: 0 unread
2026/5/1 17:57:14 [bridge] SNS: 0 unread
2026/5/1 17:58:08 [bridge] poll at 2026/5/1 17:58:08
2026/5/1 17:58:08 [bridge] AI-Project: 0 unread
2026/5/1 17:58:09 [bridge] Leader: 1 unread
2026/5/1 17:58:10 [bridge] Designer: 0 unread
2026/5/1 17:58:10 [bridge] Writer: 0 unread
2026/5/1 17:58:11 [bridge] Brunson: 0 unread
2026/5/1 17:58:11 [bridge] LP: 0 unread
2026/5/1 17:58:12 [bridge] Video: 0 unread
2026/5/1 17:58:12 [bridge] Researcher: 0 unread
2026/5/1 17:58:13 [bridge] Analyst: 0 unread
2026/5/1 17:58:13 [bridge] Product: 0 unread
2026/5/1 17:58:14 [bridge] SNS: 0 unread
2026/5/1 17:59:08 [bridge] poll at 2026/5/1 17:59:08
2026/5/1 17:59:08 [bridge] AI-Project: 0 unread
2026/5/1 17:59:09 [bridge] Leader: 1 unread
2026/5/1 17:59:09 [bridge] Designer: 0 unread
2026/5/1 17:59:10 [bridge] Writer: 0 unread
2026/5/1 17:59:10 [bridge] Brunson: 0 unread
2026/5/1 17:59:11 [bridge] LP: 0 unread
2026/5/1 17:59:11 [bridge] Video: 0 unread
2026/5/1 17:59:12 [bridge] Researcher: 0 unread
2026/5/1 17:59:12 [bridge] Analyst: 0 unread
2026/5/1 17:59:13 [bridge] Product: 0 unread
2026/5/1 17:59:13 [bridge] SNS: 0 unread
2026/5/1 18:00:08 [bridge] poll at 2026/5/1 18:00:08
2026/5/1 18:00:08 [bridge] AI-Project: 0 unread
2026/5/1 18:00:09 [bridge] Leader: 1 unread
2026/5/1 18:00:10 [bridge] Designer: 0 unread
2026/5/1 18:00:10 [bridge] Writer: 0 unread
2026/5/1 18:00:11 [bridge] Brunson: 0 unread
2026/5/1 18:00:11 [bridge] LP: 0 unread
2026/5/1 18:00:12 [bridge] Video: 0 unread
2026/5/1 18:00:12 [bridge] Researcher: 0 unread
2026/5/1 18:00:13 [bridge] Analyst: 0 unread
2026/5/1 18:00:13 [bridge] Product: 0 unread
2026/5/1 18:00:14 [bridge] SNS: 0 unread
2026/5/1 18:01:08 [bridge] poll at 2026/5/1 18:01:08
2026/5/1 18:01:09 [bridge] AI-Project: 0 unread
2026/5/1 18:01:10 [bridge] Leader: 1 unread
2026/5/1 18:01:11 [bridge] Designer: 0 unread
2026/5/1 18:01:11 [bridge] Writer: 0 unread
2026/5/1 18:01:12 [bridge] Brunson: 0 unread
2026/5/1 18:01:12 [bridge] LP: 0 unread
2026/5/1 18:01:13 [bridge] Video: 0 unread
2026/5/1 18:01:13 [bridge] Researcher: 0 unread
2026/5/1 18:01:14 [bridge] Analyst: 0 unread
2026/5/1 18:01:14 [bridge] Product: 0 unread
2026/5/1 18:01:15 [bridge] SNS: 0 unread
2026/5/1 18:02:08 [bridge] poll at 2026/5/1 18:02:08
2026/5/1 18:02:08 [bridge] AI-Project: 0 unread
2026/5/1 18:02:09 [bridge] Leader: 1 unread
2026/5/1 18:02:09 [bridge] Designer: 0 unread
2026/5/1 18:02:10 [bridge] Writer: 0 unread
2026/5/1 18:02:10 [bridge] Brunson: 0 unread
2026/5/1 18:02:11 [bridge] LP: 0 unread
2026/5/1 18:02:11 [bridge] Video: 0 unread
2026/5/1 18:02:12 [bridge] Researcher: 0 unread
2026/5/1 18:02:12 [bridge] Analyst: 0 unread
2026/5/1 18:02:13 [bridge] Product: 0 unread
2026/5/1 18:02:13 [bridge] SNS: 0 unread
2026/5/1 18:03:08 [bridge] poll at 2026/5/1 18:03:08
2026/5/1 18:03:08 [bridge] AI-Project: 0 unread
2026/5/1 18:03:09 [bridge] Leader: 1 unread
2026/5/1 18:03:10 [bridge] Designer: 0 unread
2026/5/1 18:03:10 [bridge] Writer: 0 unread
2026/5/1 18:03:11 [bridge] Brunson: 0 unread
2026/5/1 18:03:11 [bridge] LP: 0 unread
2026/5/1 18:03:12 [bridge] Video: 0 unread
2026/5/1 18:03:12 [bridge] Researcher: 0 unread
2026/5/1 18:03:13 [bridge] Analyst: 0 unread
2026/5/1 18:03:13 [bridge] Product: 0 unread
2026/5/1 18:03:14 [bridge] SNS: 0 unread
2026/5/1 18:04:08 [bridge] poll at 2026/5/1 18:04:08
2026/5/1 18:04:08 [bridge] AI-Project: 0 unread
2026/5/1 18:04:09 [bridge] Leader: 1 unread
2026/5/1 18:04:10 [bridge] Designer: 0 unread
2026/5/1 18:04:10 [bridge] Writer: 0 unread
2026/5/1 18:04:11 [bridge] Brunson: 0 unread
2026/5/1 18:04:11 [bridge] LP: 0 unread
2026/5/1 18:04:11 [bridge] Video: 0 unread
2026/5/1 18:04:12 [bridge] Researcher: 0 unread
2026/5/1 18:04:12 [bridge] Analyst: 0 unread
2026/5/1 18:04:13 [bridge] Product: 0 unread
2026/5/1 18:04:13 [bridge] SNS: 0 unread
2026/5/1 18:05:08 [bridge] poll at 2026/5/1 18:05:08
2026/5/1 18:05:08 [bridge] AI-Project: 0 unread
2026/5/1 18:05:09 [bridge] Leader: 1 unread
2026/5/1 18:05:10 [bridge] Designer: 0 unread
2026/5/1 18:05:10 [bridge] Writer: 0 unread
2026/5/1 18:05:11 [bridge] Brunson: 0 unread
2026/5/1 18:05:11 [bridge] LP: 0 unread
2026/5/1 18:05:12 [bridge] Video: 0 unread
2026/5/1 18:05:12 [bridge] Researcher: 0 unread
2026/5/1 18:05:13 [bridge] Analyst: 0 unread
2026/5/1 18:05:13 [bridge] Product: 0 unread
2026/5/1 18:05:14 [bridge] SNS: 0 unread
2026/5/1 18:06:08 [bridge] poll at 2026/5/1 18:06:08
2026/5/1 18:06:09 [bridge] AI-Project: 0 unread
2026/5/1 18:06:09 [bridge] Leader: 1 unread
2026/5/1 18:06:10 [bridge] Designer: 0 unread
2026/5/1 18:06:10 [bridge] Writer: 0 unread
2026/5/1 18:06:11 [bridge] Brunson: 0 unread
2026/5/1 18:06:11 [bridge] LP: 0 unread
2026/5/1 18:06:12 [bridge] Video: 0 unread
2026/5/1 18:06:12 [bridge] Researcher: 0 unread
2026/5/1 18:06:13 [bridge] Analyst: 0 unread
2026/5/1 18:06:13 [bridge] Product: 0 unread
2026/5/1 18:06:14 [bridge] SNS: 0 unread
2026/5/1 18:07:08 [bridge] poll at 2026/5/1 18:07:08
2026/5/1 18:07:10 [bridge] AI-Project: 0 unread
2026/5/1 18:07:10 [bridge] Leader: 1 unread
2026/5/1 18:07:11 [bridge] Designer: 0 unread
2026/5/1 18:07:11 [bridge] Writer: 0 unread
2026/5/1 18:07:12 [bridge] Brunson: 0 unread
2026/5/1 18:07:12 [bridge] LP: 0 unread
2026/5/1 18:07:13 [bridge] Video: 0 unread
2026/5/1 18:07:13 [bridge] Researcher: 0 unread
2026/5/1 18:07:14 [bridge] Analyst: 0 unread
2026/5/1 18:07:14 [bridge] Product: 0 unread
2026/5/1 18:07:15 [bridge] SNS: 0 unread
2026/5/1 18:08:08 [bridge] poll at 2026/5/1 18:08:08
2026/5/1 18:08:08 [bridge] AI-Project: 0 unread
2026/5/1 18:08:09 [bridge] Leader: 1 unread
2026/5/1 18:08:09 [bridge] Designer: 0 unread
2026/5/1 18:08:10 [bridge] Writer: 0 unread
2026/5/1 18:08:10 [bridge] Brunson: 0 unread
2026/5/1 18:08:11 [bridge] LP: 0 unread
2026/5/1 18:08:11 [bridge] Video: 0 unread
2026/5/1 18:08:12 [bridge] Researcher: 0 unread
2026/5/1 18:08:12 [bridge] Analyst: 0 unread
2026/5/1 18:08:12 [bridge] Product: 0 unread
2026/5/1 18:08:13 [bridge] SNS: 0 unread
2026/5/1 18:09:08 [bridge] poll at 2026/5/1 18:09:08
2026/5/1 18:09:08 [bridge] AI-Project: 0 unread
2026/5/1 18:09:09 [bridge] Leader: 1 unread
2026/5/1 18:09:10 [bridge] Designer: 0 unread
2026/5/1 18:09:10 [bridge] Writer: 0 unread
2026/5/1 18:09:11 [bridge] Brunson: 0 unread
2026/5/1 18:09:11 [bridge] LP: 0 unread
2026/5/1 18:09:12 [bridge] Video: 0 unread
2026/5/1 18:09:12 [bridge] Researcher: 0 unread
2026/5/1 18:09:13 [bridge] Analyst: 0 unread
2026/5/1 18:09:13 [bridge] Product: 0 unread
2026/5/1 18:09:14 [bridge] SNS: 0 unread
2026/5/1 18:10:08 [bridge] poll at 2026/5/1 18:10:08
2026/5/1 18:10:08 [bridge] AI-Project: 0 unread
2026/5/1 18:10:09 [bridge] Leader: 1 unread
2026/5/1 18:10:09 [bridge] Designer: 0 unread
2026/5/1 18:10:10 [bridge] Writer: 0 unread
2026/5/1 18:10:10 [bridge] Brunson: 0 unread
2026/5/1 18:10:11 [bridge] LP: 0 unread
2026/5/1 18:10:11 [bridge] Video: 0 unread
2026/5/1 18:10:12 [bridge] Researcher: 0 unread
2026/5/1 18:10:12 [bridge] Analyst: 0 unread
2026/5/1 18:10:12 [bridge] Product: 0 unread
2026/5/1 18:10:13 [bridge] SNS: 0 unread
2026/5/1 18:11:08 [bridge] poll at 2026/5/1 18:11:08
2026/5/1 18:11:08 [bridge] AI-Project: 0 unread
2026/5/1 18:11:09 [bridge] Leader: 1 unread
2026/5/1 18:11:10 [bridge] Designer: 0 unread
2026/5/1 18:11:10 [bridge] Writer: 0 unread
2026/5/1 18:11:11 [bridge] Brunson: 0 unread
2026/5/1 18:11:11 [bridge] LP: 0 unread
2026/5/1 18:11:12 [bridge] Video: 0 unread
2026/5/1 18:11:12 [bridge] Researcher: 0 unread
2026/5/1 18:11:13 [bridge] Analyst: 0 unread
2026/5/1 18:11:13 [bridge] Product: 0 unread
2026/5/1 18:11:13 [bridge] SNS: 0 unread
2026/5/1 18:12:08 [bridge] poll at 2026/5/1 18:12:08
2026/5/1 18:12:08 [bridge] AI-Project: 0 unread
2026/5/1 18:12:09 [bridge] Leader: 1 unread
2026/5/1 18:12:10 [bridge] Designer: 0 unread
2026/5/1 18:12:10 [bridge] Writer: 0 unread
2026/5/1 18:12:11 [bridge] Brunson: 0 unread
2026/5/1 18:12:11 [bridge] LP: 0 unread
2026/5/1 18:12:12 [bridge] Video: 0 unread
2026/5/1 18:12:12 [bridge] Researcher: 0 unread
2026/5/1 18:12:13 [bridge] Analyst: 0 unread
2026/5/1 18:12:13 [bridge] Product: 0 unread
2026/5/1 18:12:14 [bridge] SNS: 0 unread
2026/5/1 18:13:08 [bridge] poll at 2026/5/1 18:13:08
2026/5/1 18:13:10 [bridge] AI-Project: 0 unread
2026/5/1 18:13:10 [bridge] Leader: 1 unread
2026/5/1 18:13:11 [bridge] Designer: 0 unread
2026/5/1 18:13:11 [bridge] Writer: 0 unread
2026/5/1 18:13:12 [bridge] Brunson: 0 unread
2026/5/1 18:13:12 [bridge] LP: 0 unread
2026/5/1 18:13:13 [bridge] Video: 0 unread
2026/5/1 18:13:13 [bridge] Researcher: 0 unread
2026/5/1 18:13:14 [bridge] Analyst: 0 unread
2026/5/1 18:13:14 [bridge] Product: 0 unread
2026/5/1 18:13:15 [bridge] SNS: 0 unread
2026/5/1 18:14:08 [bridge] poll at 2026/5/1 18:14:08
2026/5/1 18:14:09 [bridge] AI-Project: 0 unread
2026/5/1 18:14:09 [bridge] Leader: 1 unread
2026/5/1 18:14:10 [bridge] Designer: 0 unread
2026/5/1 18:14:10 [bridge] Writer: 0 unread
2026/5/1 18:14:11 [bridge] Brunson: 0 unread
2026/5/1 18:14:11 [bridge] LP: 0 unread
2026/5/1 18:14:12 [bridge] Video: 0 unread
2026/5/1 18:14:12 [bridge] Researcher: 0 unread
2026/5/1 18:14:13 [bridge] Analyst: 0 unread
2026/5/1 18:14:13 [bridge] Product: 0 unread
2026/5/1 18:14:14 [bridge] SNS: 0 unread
2026/5/1 18:15:08 [bridge] poll at 2026/5/1 18:15:08
2026/5/1 18:15:08 [bridge] AI-Project: 0 unread
2026/5/1 18:15:09 [bridge] Leader: 1 unread
2026/5/1 18:15:10 [bridge] Designer: 0 unread
2026/5/1 18:15:10 [bridge] Writer: 0 unread
2026/5/1 18:15:11 [bridge] Brunson: 0 unread
2026/5/1 18:15:11 [bridge] LP: 0 unread
2026/5/1 18:15:12 [bridge] Video: 0 unread
2026/5/1 18:15:12 [bridge] Researcher: 0 unread
2026/5/1 18:15:13 [bridge] Analyst: 0 unread
2026/5/1 18:15:13 [bridge] Product: 0 unread
2026/5/1 18:15:14 [bridge] SNS: 0 unread
2026/5/1 18:16:08 [bridge] poll at 2026/5/1 18:16:08
2026/5/1 18:16:08 [bridge] AI-Project: 0 unread
2026/5/1 18:16:09 [bridge] Leader: 1 unread
2026/5/1 18:16:10 [bridge] Designer: 0 unread
2026/5/1 18:16:10 [bridge] Writer: 0 unread
2026/5/1 18:16:11 [bridge] Brunson: 0 unread
2026/5/1 18:16:11 [bridge] LP: 0 unread
2026/5/1 18:16:12 [bridge] Video: 0 unread
2026/5/1 18:16:12 [bridge] Researcher: 0 unread
2026/5/1 18:16:13 [bridge] Analyst: 0 unread
2026/5/1 18:16:13 [bridge] Product: 0 unread
2026/5/1 18:16:14 [bridge] SNS: 0 unread
2026/5/1 18:17:08 [bridge] poll at 2026/5/1 18:17:08
2026/5/1 18:17:08 [bridge] AI-Project: 0 unread
2026/5/1 18:17:09 [bridge] Leader: 1 unread
2026/5/1 18:17:09 [bridge] Designer: 0 unread
2026/5/1 18:17:10 [bridge] Writer: 0 unread
2026/5/1 18:17:10 [bridge] Brunson: 0 unread
2026/5/1 18:17:11 [bridge] LP: 0 unread
2026/5/1 18:17:11 [bridge] Video: 0 unread
2026/5/1 18:17:12 [bridge] Researcher: 0 unread
2026/5/1 18:17:12 [bridge] Analyst: 0 unread
2026/5/1 18:17:12 [bridge] Product: 0 unread
2026/5/1 18:17:13 [bridge] SNS: 0 unread
2026/5/1 18:18:08 [bridge] poll at 2026/5/1 18:18:08
2026/5/1 18:18:08 [bridge] AI-Project: 0 unread
2026/5/1 18:18:09 [bridge] Leader: 1 unread
2026/5/1 18:18:09 [bridge] Designer: 0 unread
2026/5/1 18:18:10 [bridge] Writer: 0 unread
2026/5/1 18:18:10 [bridge] Brunson: 0 unread
2026/5/1 18:18:11 [bridge] LP: 0 unread
2026/5/1 18:18:11 [bridge] Video: 0 unread
2026/5/1 18:18:12 [bridge] Researcher: 0 unread
2026/5/1 18:18:12 [bridge] Analyst: 0 unread
2026/5/1 18:18:12 [bridge] Product: 0 unread
2026/5/1 18:18:13 [bridge] SNS: 0 unread
2026/5/1 18:19:08 [bridge] poll at 2026/5/1 18:19:08
2026/5/1 18:19:10 [bridge] AI-Project: 0 unread
2026/5/1 18:19:10 [bridge] Leader: 1 unread
2026/5/1 18:19:11 [bridge] Designer: 0 unread
2026/5/1 18:19:11 [bridge] Writer: 0 unread
2026/5/1 18:19:12 [bridge] Brunson: 0 unread
2026/5/1 18:19:12 [bridge] LP: 0 unread
2026/5/1 18:19:13 [bridge] Video: 0 unread
2026/5/1 18:19:13 [bridge] Researcher: 0 unread
2026/5/1 18:19:14 [bridge] Analyst: 0 unread
2026/5/1 18:19:14 [bridge] Product: 0 unread
2026/5/1 18:19:15 [bridge] SNS: 0 unread
2026/5/1 18:20:08 [bridge] poll at 2026/5/1 18:20:08
2026/5/1 18:20:09 [bridge] AI-Project: 0 unread
2026/5/1 18:20:09 [bridge] Leader: 1 unread
2026/5/1 18:20:10 [bridge] Designer: 0 unread
2026/5/1 18:20:10 [bridge] Writer: 0 unread
2026/5/1 18:20:11 [bridge] Brunson: 0 unread
2026/5/1 18:20:11 [bridge] LP: 0 unread
2026/5/1 18:20:12 [bridge] Video: 0 unread
2026/5/1 18:20:12 [bridge] Researcher: 0 unread
2026/5/1 18:20:13 [bridge] Analyst: 0 unread
2026/5/1 18:20:13 [bridge] Product: 0 unread
2026/5/1 18:20:14 [bridge] SNS: 0 unread
2026/5/1 18:21:08 [bridge] poll at 2026/5/1 18:21:08
2026/5/1 18:21:09 [bridge] AI-Project: 0 unread
2026/5/1 18:21:09 [bridge] Leader: 1 unread
2026/5/1 18:21:10 [bridge] Designer: 0 unread
2026/5/1 18:21:10 [bridge] Writer: 0 unread
2026/5/1 18:21:11 [bridge] Brunson: 0 unread
2026/5/1 18:21:11 [bridge] LP: 0 unread
2026/5/1 18:21:12 [bridge] Video: 0 unread
2026/5/1 18:21:12 [bridge] Researcher: 0 unread
2026/5/1 18:21:13 [bridge] Analyst: 0 unread
2026/5/1 18:21:13 [bridge] Product: 0 unread
2026/5/1 18:21:14 [bridge] SNS: 0 unread
2026/5/1 18:22:08 [bridge] poll at 2026/5/1 18:22:08
2026/5/1 18:22:09 [bridge] AI-Project: 0 unread
2026/5/1 18:22:09 [bridge] Leader: 1 unread
2026/5/1 18:22:10 [bridge] Designer: 0 unread
2026/5/1 18:22:10 [bridge] Writer: 0 unread
2026/5/1 18:22:11 [bridge] Brunson: 0 unread
2026/5/1 18:22:11 [bridge] LP: 0 unread
2026/5/1 18:22:12 [bridge] Video: 0 unread
2026/5/1 18:22:12 [bridge] Researcher: 0 unread
2026/5/1 18:22:13 [bridge] Analyst: 0 unread
2026/5/1 18:22:13 [bridge] Product: 0 unread
2026/5/1 18:22:14 [bridge] SNS: 0 unread
2026/5/1 18:23:08 [bridge] poll at 2026/5/1 18:23:08
2026/5/1 18:23:09 [bridge] AI-Project: 0 unread
2026/5/1 18:23:09 [bridge] Leader: 1 unread
2026/5/1 18:23:10 [bridge] Designer: 0 unread
2026/5/1 18:23:10 [bridge] Writer: 0 unread
2026/5/1 18:23:11 [bridge] Brunson: 0 unread
2026/5/1 18:23:11 [bridge] LP: 0 unread
2026/5/1 18:23:12 [bridge] Video: 0 unread
2026/5/1 18:23:12 [bridge] Researcher: 0 unread
2026/5/1 18:23:13 [bridge] Analyst: 0 unread
2026/5/1 18:23:13 [bridge] Product: 0 unread
2026/5/1 18:23:14 [bridge] SNS: 0 unread
2026/5/1 18:24:08 [bridge] poll at 2026/5/1 18:24:08
2026/5/1 18:24:08 [bridge] AI-Project: 0 unread
2026/5/1 18:24:09 [bridge] Leader: 1 unread
2026/5/1 18:24:09 [bridge] Designer: 0 unread
2026/5/1 18:24:10 [bridge] Writer: 0 unread
2026/5/1 18:24:10 [bridge] Brunson: 0 unread
2026/5/1 18:24:11 [bridge] LP: 0 unread
2026/5/1 18:24:11 [bridge] Video: 0 unread
2026/5/1 18:24:12 [bridge] Researcher: 0 unread
2026/5/1 18:24:12 [bridge] Analyst: 0 unread
2026/5/1 18:24:13 [bridge] Product: 0 unread
2026/5/1 18:24:13 [bridge] SNS: 0 unread
2026/5/1 18:25:08 [bridge] poll at 2026/5/1 18:25:08
2026/5/1 18:25:10 [bridge] AI-Project: 0 unread
2026/5/1 18:25:10 [bridge] Leader: 1 unread
2026/5/1 18:25:11 [bridge] Designer: 0 unread
2026/5/1 18:25:11 [bridge] Writer: 0 unread
2026/5/1 18:25:12 [bridge] Brunson: 0 unread
2026/5/1 18:25:12 [bridge] LP: 0 unread
2026/5/1 18:25:13 [bridge] Video: 0 unread
2026/5/1 18:25:13 [bridge] Researcher: 0 unread
2026/5/1 18:25:14 [bridge] Analyst: 0 unread
2026/5/1 18:25:14 [bridge] Product: 0 unread
2026/5/1 18:25:15 [bridge] SNS: 0 unread
2026/5/1 18:26:08 [bridge] poll at 2026/5/1 18:26:08
2026/5/1 18:26:09 [bridge] AI-Project: 0 unread
2026/5/1 18:26:09 [bridge] Leader: 1 unread
2026/5/1 18:26:10 [bridge] Designer: 0 unread
2026/5/1 18:26:10 [bridge] Writer: 0 unread
2026/5/1 18:26:11 [bridge] Brunson: 0 unread
2026/5/1 18:26:11 [bridge] LP: 0 unread
2026/5/1 18:26:12 [bridge] Video: 0 unread
2026/5/1 18:26:12 [bridge] Researcher: 0 unread
2026/5/1 18:26:13 [bridge] Analyst: 0 unread
2026/5/1 18:26:13 [bridge] Product: 0 unread
2026/5/1 18:26:14 [bridge] SNS: 0 unread
2026/5/1 18:27:08 [bridge] poll at 2026/5/1 18:27:08
2026/5/1 18:27:09 [bridge] AI-Project: 0 unread
2026/5/1 18:27:09 [bridge] Leader: 1 unread
2026/5/1 18:27:10 [bridge] Designer: 0 unread
2026/5/1 18:27:10 [bridge] Writer: 0 unread
2026/5/1 18:27:11 [bridge] Brunson: 0 unread
2026/5/1 18:27:11 [bridge] LP: 0 unread
2026/5/1 18:27:12 [bridge] Video: 0 unread
2026/5/1 18:27:12 [bridge] Researcher: 0 unread
2026/5/1 18:27:13 [bridge] Analyst: 0 unread
2026/5/1 18:27:13 [bridge] Product: 0 unread
2026/5/1 18:27:14 [bridge] SNS: 0 unread
2026/5/1 18:28:08 [bridge] poll at 2026/5/1 18:28:08
2026/5/1 18:28:08 [bridge] AI-Project: 0 unread
2026/5/1 18:28:09 [bridge] Leader: 1 unread
2026/5/1 18:28:09 [bridge] Designer: 0 unread
2026/5/1 18:28:10 [bridge] Writer: 0 unread
2026/5/1 18:28:10 [bridge] Brunson: 0 unread
2026/5/1 18:28:11 [bridge] LP: 0 unread
2026/5/1 18:28:11 [bridge] Video: 0 unread
2026/5/1 18:28:12 [bridge] Researcher: 0 unread
2026/5/1 18:28:12 [bridge] Analyst: 0 unread
2026/5/1 18:28:13 [bridge] Product: 0 unread
2026/5/1 18:28:13 [bridge] SNS: 0 unread
2026/5/1 18:29:08 [bridge] poll at 2026/5/1 18:29:08
2026/5/1 18:29:09 [bridge] AI-Project: 0 unread
2026/5/1 18:29:09 [bridge] Leader: 1 unread
2026/5/1 18:29:10 [bridge] Designer: 0 unread
2026/5/1 18:29:10 [bridge] Writer: 0 unread
2026/5/1 18:29:11 [bridge] Brunson: 0 unread
2026/5/1 18:29:11 [bridge] LP: 0 unread
2026/5/1 18:29:12 [bridge] Video: 0 unread
2026/5/1 18:29:12 [bridge] Researcher: 0 unread
2026/5/1 18:29:13 [bridge] Analyst: 0 unread
2026/5/1 18:29:13 [bridge] Product: 0 unread
2026/5/1 18:29:14 [bridge] SNS: 0 unread
2026/5/1 18:30:08 [bridge] poll at 2026/5/1 18:30:08
2026/5/1 18:30:08 [bridge] AI-Project: 0 unread
2026/5/1 18:30:09 [bridge] Leader: 1 unread
2026/5/1 18:30:09 [bridge] Designer: 0 unread
2026/5/1 18:30:10 [bridge] Writer: 0 unread
2026/5/1 18:30:10 [bridge] Brunson: 0 unread
2026/5/1 18:30:11 [bridge] LP: 0 unread
2026/5/1 18:30:11 [bridge] Video: 0 unread
2026/5/1 18:30:12 [bridge] Researcher: 0 unread
2026/5/1 18:30:12 [bridge] Analyst: 0 unread
2026/5/1 18:30:12 [bridge] Product: 0 unread
2026/5/1 18:30:13 [bridge] SNS: 0 unread
2026/5/1 18:31:08 [bridge] poll at 2026/5/1 18:31:08
2026/5/1 18:31:10 [bridge] AI-Project: 0 unread
2026/5/1 18:31:10 [bridge] Leader: 1 unread
2026/5/1 18:31:11 [bridge] Designer: 0 unread
2026/5/1 18:31:11 [bridge] Writer: 0 unread
2026/5/1 18:31:11 [bridge] Brunson: 0 unread
2026/5/1 18:31:12 [bridge] LP: 0 unread
2026/5/1 18:31:12 [bridge] Video: 0 unread
2026/5/1 18:31:13 [bridge] Researcher: 0 unread
2026/5/1 18:31:13 [bridge] Analyst: 0 unread
2026/5/1 18:31:14 [bridge] Product: 0 unread
2026/5/1 18:31:14 [bridge] SNS: 0 unread
2026/5/1 18:32:08 [bridge] poll at 2026/5/1 18:32:08
2026/5/1 18:32:09 [bridge] AI-Project: 0 unread
2026/5/1 18:32:09 [bridge] Leader: 1 unread
2026/5/1 18:32:10 [bridge] Designer: 0 unread
2026/5/1 18:32:10 [bridge] Writer: 0 unread
2026/5/1 18:32:11 [bridge] Brunson: 0 unread
2026/5/1 18:32:11 [bridge] LP: 0 unread
2026/5/1 18:32:12 [bridge] Video: 0 unread
2026/5/1 18:32:12 [bridge] Researcher: 0 unread
2026/5/1 18:32:13 [bridge] Analyst: 0 unread
2026/5/1 18:32:13 [bridge] Product: 0 unread
2026/5/1 18:32:14 [bridge] SNS: 0 unread
2026/5/1 18:33:08 [bridge] poll at 2026/5/1 18:33:08
2026/5/1 18:33:09 [bridge] AI-Project: 0 unread
2026/5/1 18:33:09 [bridge] Leader: 1 unread
2026/5/1 18:33:10 [bridge] Designer: 0 unread
2026/5/1 18:33:10 [bridge] Writer: 0 unread
2026/5/1 18:33:10 [bridge] Brunson: 0 unread
2026/5/1 18:33:11 [bridge] LP: 0 unread
2026/5/1 18:33:11 [bridge] Video: 0 unread
2026/5/1 18:33:12 [bridge] Researcher: 0 unread
2026/5/1 18:33:12 [bridge] Analyst: 0 unread
2026/5/1 18:33:13 [bridge] Product: 0 unread
2026/5/1 18:33:13 [bridge] SNS: 0 unread
2026/5/1 18:34:08 [bridge] poll at 2026/5/1 18:34:08
2026/5/1 18:34:09 [bridge] AI-Project: 0 unread
2026/5/1 18:34:09 [bridge] Leader: 1 unread
2026/5/1 18:34:10 [bridge] Designer: 0 unread
2026/5/1 18:34:10 [bridge] Writer: 0 unread
2026/5/1 18:34:11 [bridge] Brunson: 0 unread
2026/5/1 18:34:11 [bridge] LP: 0 unread
2026/5/1 18:34:12 [bridge] Video: 0 unread
2026/5/1 18:34:12 [bridge] Researcher: 0 unread
2026/5/1 18:34:13 [bridge] Analyst: 0 unread
2026/5/1 18:34:13 [bridge] Product: 0 unread
2026/5/1 18:34:14 [bridge] SNS: 0 unread
2026/5/1 18:35:08 [bridge] poll at 2026/5/1 18:35:08
2026/5/1 18:35:09 [bridge] AI-Project: 0 unread
2026/5/1 18:35:09 [bridge] Leader: 1 unread
2026/5/1 18:35:10 [bridge] Designer: 0 unread
2026/5/1 18:35:10 [bridge] Writer: 0 unread
2026/5/1 18:35:11 [bridge] Brunson: 0 unread
2026/5/1 18:35:11 [bridge] LP: 0 unread
2026/5/1 18:35:12 [bridge] Video: 0 unread
2026/5/1 18:35:12 [bridge] Researcher: 0 unread
2026/5/1 18:35:13 [bridge] Analyst: 0 unread
2026/5/1 18:35:13 [bridge] Product: 0 unread
2026/5/1 18:35:14 [bridge] SNS: 0 unread
2026/5/1 18:36:08 [bridge] poll at 2026/5/1 18:36:08
2026/5/1 18:36:09 [bridge] AI-Project: 0 unread
2026/5/1 18:36:09 [bridge] Leader: 1 unread
2026/5/1 18:36:10 [bridge] Designer: 0 unread
2026/5/1 18:36:10 [bridge] Writer: 0 unread
2026/5/1 18:36:11 [bridge] Brunson: 0 unread
2026/5/1 18:36:11 [bridge] LP: 0 unread
2026/5/1 18:36:12 [bridge] Video: 0 unread
2026/5/1 18:36:12 [bridge] Researcher: 0 unread
2026/5/1 18:36:13 [bridge] Analyst: 0 unread
2026/5/1 18:36:13 [bridge] Product: 0 unread
2026/5/1 18:36:14 [bridge] SNS: 0 unread
2026/5/1 18:37:08 [bridge] poll at 2026/5/1 18:37:08
2026/5/1 18:37:09 [bridge] AI-Project: 0 unread
2026/5/1 18:37:09 [bridge] Leader: 1 unread
2026/5/1 18:37:10 [bridge] Designer: 0 unread
2026/5/1 18:37:10 [bridge] Writer: 0 unread
2026/5/1 18:37:11 [bridge] Brunson: 0 unread
2026/5/1 18:37:11 [bridge] LP: 0 unread
2026/5/1 18:37:12 [bridge] Video: 0 unread
2026/5/1 18:37:12 [bridge] Researcher: 0 unread
2026/5/1 18:37:13 [bridge] Analyst: 0 unread
2026/5/1 18:37:13 [bridge] Product: 0 unread
2026/5/1 18:37:14 [bridge] SNS: 0 unread
2026/5/1 18:38:08 [bridge] poll at 2026/5/1 18:38:08
2026/5/1 18:38:09 [bridge] AI-Project: 0 unread
2026/5/1 18:38:09 [bridge] Leader: 1 unread
2026/5/1 18:38:10 [bridge] Designer: 0 unread
2026/5/1 18:38:10 [bridge] Writer: 0 unread
2026/5/1 18:38:11 [bridge] Brunson: 0 unread
2026/5/1 18:38:11 [bridge] LP: 0 unread
2026/5/1 18:38:12 [bridge] Video: 0 unread
2026/5/1 18:38:12 [bridge] Researcher: 0 unread
2026/5/1 18:38:13 [bridge] Analyst: 0 unread
2026/5/1 18:38:13 [bridge] Product: 0 unread
2026/5/1 18:38:14 [bridge] SNS: 0 unread
2026/5/1 18:39:08 [bridge] poll at 2026/5/1 18:39:08
2026/5/1 18:39:09 [bridge] AI-Project: 0 unread
2026/5/1 18:39:09 [bridge] Leader: 1 unread
2026/5/1 18:39:10 [bridge] Designer: 0 unread
2026/5/1 18:39:10 [bridge] Writer: 0 unread
2026/5/1 18:39:11 [bridge] Brunson: 0 unread
2026/5/1 18:39:11 [bridge] LP: 0 unread
2026/5/1 18:39:12 [bridge] Video: 0 unread
2026/5/1 18:39:12 [bridge] Researcher: 0 unread
2026/5/1 18:39:13 [bridge] Analyst: 0 unread
2026/5/1 18:39:13 [bridge] Product: 0 unread
2026/5/1 18:39:14 [bridge] SNS: 0 unread
2026/5/1 18:40:08 [bridge] poll at 2026/5/1 18:40:08
2026/5/1 18:40:09 [bridge] AI-Project: 0 unread
2026/5/1 18:40:09 [bridge] Leader: 1 unread
2026/5/1 18:40:10 [bridge] Designer: 0 unread
2026/5/1 18:40:10 [bridge] Writer: 0 unread
2026/5/1 18:40:11 [bridge] Brunson: 0 unread
2026/5/1 18:40:11 [bridge] LP: 0 unread
2026/5/1 18:40:12 [bridge] Video: 0 unread
2026/5/1 18:40:12 [bridge] Researcher: 0 unread
2026/5/1 18:40:13 [bridge] Analyst: 0 unread
2026/5/1 18:40:13 [bridge] Product: 0 unread
2026/5/1 18:40:14 [bridge] SNS: 0 unread
2026/5/1 18:41:08 [bridge] poll at 2026/5/1 18:41:08
2026/5/1 18:41:09 [bridge] AI-Project: 0 unread
2026/5/1 18:41:09 [bridge] Leader: 1 unread
2026/5/1 18:41:10 [bridge] Designer: 0 unread
2026/5/1 18:41:10 [bridge] Writer: 0 unread
2026/5/1 18:41:11 [bridge] Brunson: 0 unread
2026/5/1 18:41:11 [bridge] LP: 0 unread
2026/5/1 18:41:12 [bridge] Video: 0 unread
2026/5/1 18:41:12 [bridge] Researcher: 0 unread
2026/5/1 18:41:13 [bridge] Analyst: 0 unread
2026/5/1 18:41:13 [bridge] Product: 0 unread
2026/5/1 18:41:14 [bridge] SNS: 0 unread
2026/5/1 18:42:08 [bridge] poll at 2026/5/1 18:42:08
2026/5/1 18:42:10 [bridge] AI-Project: 0 unread
2026/5/1 18:42:10 [bridge] Leader: 1 unread
2026/5/1 18:42:11 [bridge] Designer: 0 unread
2026/5/1 18:42:11 [bridge] Writer: 0 unread
2026/5/1 18:42:12 [bridge] Brunson: 0 unread
2026/5/1 18:42:12 [bridge] LP: 0 unread
2026/5/1 18:42:13 [bridge] Video: 0 unread
2026/5/1 18:42:13 [bridge] Researcher: 0 unread
2026/5/1 18:42:14 [bridge] Analyst: 0 unread
2026/5/1 18:42:14 [bridge] Product: 0 unread
2026/5/1 18:42:15 [bridge] SNS: 0 unread
2026/5/1 18:43:08 [bridge] poll at 2026/5/1 18:43:08
2026/5/1 18:43:09 [bridge] AI-Project: 0 unread
2026/5/1 18:43:09 [bridge] Leader: 1 unread
2026/5/1 18:43:10 [bridge] Designer: 0 unread
2026/5/1 18:43:10 [bridge] Writer: 0 unread
2026/5/1 18:43:11 [bridge] Brunson: 0 unread
2026/5/1 18:43:11 [bridge] LP: 0 unread
2026/5/1 18:43:12 [bridge] Video: 0 unread
2026/5/1 18:43:12 [bridge] Researcher: 0 unread
2026/5/1 18:43:13 [bridge] Analyst: 0 unread
2026/5/1 18:43:13 [bridge] Product: 0 unread
2026/5/1 18:43:14 [bridge] SNS: 0 unread
2026/5/1 18:44:08 [bridge] poll at 2026/5/1 18:44:08
2026/5/1 18:44:09 [bridge] AI-Project: 0 unread
2026/5/1 18:44:10 [bridge] Leader: 1 unread
2026/5/1 18:44:10 [bridge] Designer: 0 unread
2026/5/1 18:44:11 [bridge] Writer: 0 unread
2026/5/1 18:44:11 [bridge] Brunson: 0 unread
2026/5/1 18:44:12 [bridge] LP: 0 unread
2026/5/1 18:44:12 [bridge] Video: 0 unread
2026/5/1 18:44:13 [bridge] Researcher: 0 unread
2026/5/1 18:44:13 [bridge] Analyst: 0 unread
2026/5/1 18:44:14 [bridge] Product: 0 unread
2026/5/1 18:44:14 [bridge] SNS: 0 unread
2026/5/1 18:45:08 [bridge] poll at 2026/5/1 18:45:08
2026/5/1 18:45:09 [bridge] AI-Project: 0 unread
2026/5/1 18:45:09 [bridge] Leader: 1 unread
2026/5/1 18:45:10 [bridge] Designer: 0 unread
2026/5/1 18:45:10 [bridge] Writer: 0 unread
2026/5/1 18:45:10 [bridge] Brunson: 0 unread
2026/5/1 18:45:11 [bridge] LP: 0 unread
2026/5/1 18:45:11 [bridge] Video: 0 unread
2026/5/1 18:45:12 [bridge] Researcher: 0 unread
2026/5/1 18:45:12 [bridge] Analyst: 0 unread
2026/5/1 18:45:13 [bridge] Product: 0 unread
2026/5/1 18:45:13 [bridge] SNS: 0 unread
2026/5/1 18:46:08 [bridge] poll at 2026/5/1 18:46:08
2026/5/1 18:46:09 [bridge] AI-Project: 0 unread
2026/5/1 18:46:09 [bridge] Leader: 1 unread
2026/5/1 18:46:10 [bridge] Designer: 0 unread
2026/5/1 18:46:10 [bridge] Writer: 0 unread
2026/5/1 18:46:11 [bridge] Brunson: 0 unread
2026/5/1 18:46:11 [bridge] LP: 0 unread
2026/5/1 18:46:11 [bridge] Video: 0 unread
2026/5/1 18:46:12 [bridge] Researcher: 0 unread
2026/5/1 18:46:12 [bridge] Analyst: 0 unread
2026/5/1 18:46:13 [bridge] Product: 0 unread
2026/5/1 18:46:13 [bridge] SNS: 0 unread
2026/5/1 18:47:08 [bridge] poll at 2026/5/1 18:47:08
2026/5/1 18:47:09 [bridge] AI-Project: 0 unread
2026/5/1 18:47:09 [bridge] Leader: 1 unread
2026/5/1 18:47:10 [bridge] Designer: 0 unread
2026/5/1 18:47:10 [bridge] Writer: 0 unread
2026/5/1 18:47:11 [bridge] Brunson: 0 unread
2026/5/1 18:47:11 [bridge] LP: 0 unread
2026/5/1 18:47:12 [bridge] Video: 0 unread
2026/5/1 18:47:12 [bridge] Researcher: 0 unread
2026/5/1 18:47:13 [bridge] Analyst: 0 unread
2026/5/1 18:47:13 [bridge] Product: 0 unread
2026/5/1 18:47:14 [bridge] SNS: 0 unread
2026/5/1 18:48:08 [bridge] poll at 2026/5/1 18:48:08
2026/5/1 18:48:10 [bridge] AI-Project: 0 unread
2026/5/1 18:48:10 [bridge] Leader: 1 unread
2026/5/1 18:48:11 [bridge] Designer: 0 unread
2026/5/1 18:48:11 [bridge] Writer: 0 unread
2026/5/1 18:48:12 [bridge] Brunson: 0 unread
2026/5/1 18:48:12 [bridge] LP: 0 unread
2026/5/1 18:48:13 [bridge] Video: 0 unread
2026/5/1 18:48:13 [bridge] Researcher: 0 unread
2026/5/1 18:48:14 [bridge] Analyst: 0 unread
2026/5/1 18:48:14 [bridge] Product: 0 unread
2026/5/1 18:48:15 [bridge] SNS: 0 unread
2026/5/1 18:49:08 [bridge] poll at 2026/5/1 18:49:08
2026/5/1 18:49:09 [bridge] AI-Project: 0 unread
2026/5/1 18:49:09 [bridge] Leader: 1 unread
2026/5/1 18:49:10 [bridge] Designer: 0 unread
2026/5/1 18:49:10 [bridge] Writer: 0 unread
2026/5/1 18:49:10 [bridge] Brunson: 0 unread
2026/5/1 18:49:11 [bridge] LP: 0 unread
2026/5/1 18:49:11 [bridge] Video: 0 unread
2026/5/1 18:49:12 [bridge] Researcher: 0 unread
2026/5/1 18:49:12 [bridge] Analyst: 0 unread
2026/5/1 18:49:13 [bridge] Product: 0 unread
2026/5/1 18:49:13 [bridge] SNS: 0 unread
2026/5/1 18:50:08 [bridge] poll at 2026/5/1 18:50:08
2026/5/1 18:50:09 [bridge] AI-Project: 0 unread
2026/5/1 18:50:09 [bridge] Leader: 1 unread
2026/5/1 18:50:10 [bridge] Designer: 0 unread
2026/5/1 18:50:10 [bridge] Writer: 0 unread
2026/5/1 18:50:11 [bridge] Brunson: 0 unread
2026/5/1 18:50:11 [bridge] LP: 0 unread
2026/5/1 18:50:12 [bridge] Video: 0 unread
2026/5/1 18:50:12 [bridge] Researcher: 0 unread
2026/5/1 18:50:13 [bridge] Analyst: 0 unread
2026/5/1 18:50:13 [bridge] Product: 0 unread
2026/5/1 18:50:14 [bridge] SNS: 0 unread
2026/5/1 18:51:08 [bridge] poll at 2026/5/1 18:51:08
2026/5/1 18:51:09 [bridge] AI-Project: 0 unread
2026/5/1 18:51:10 [bridge] Leader: 1 unread
2026/5/1 18:51:10 [bridge] Designer: 0 unread
2026/5/1 18:51:11 [bridge] Writer: 0 unread
2026/5/1 18:51:11 [bridge] Brunson: 0 unread
2026/5/1 18:51:12 [bridge] LP: 0 unread
2026/5/1 18:51:12 [bridge] Video: 0 unread
2026/5/1 18:51:13 [bridge] Researcher: 0 unread
2026/5/1 18:51:13 [bridge] Analyst: 0 unread
2026/5/1 18:51:14 [bridge] Product: 0 unread
2026/5/1 18:51:15 [bridge] SNS: 0 unread
2026/5/1 18:52:08 [bridge] poll at 2026/5/1 18:52:08
2026/5/1 18:52:09 [bridge] AI-Project: 0 unread
2026/5/1 18:52:09 [bridge] Leader: 1 unread
2026/5/1 18:52:10 [bridge] Designer: 0 unread
2026/5/1 18:52:10 [bridge] Writer: 0 unread
2026/5/1 18:52:11 [bridge] Brunson: 0 unread
2026/5/1 18:52:11 [bridge] LP: 0 unread
2026/5/1 18:52:12 [bridge] Video: 0 unread
2026/5/1 18:52:12 [bridge] Researcher: 0 unread
2026/5/1 18:52:13 [bridge] Analyst: 0 unread
2026/5/1 18:52:13 [bridge] Product: 0 unread
2026/5/1 18:52:14 [bridge] SNS: 0 unread
2026/5/1 18:53:08 [bridge] poll at 2026/5/1 18:53:08
2026/5/1 18:53:09 [bridge] AI-Project: 0 unread
2026/5/1 18:53:09 [bridge] Leader: 1 unread
2026/5/1 18:53:10 [bridge] Designer: 0 unread
2026/5/1 18:53:10 [bridge] Writer: 0 unread
2026/5/1 18:53:11 [bridge] Brunson: 0 unread
2026/5/1 18:53:11 [bridge] LP: 0 unread
2026/5/1 18:53:12 [bridge] Video: 0 unread
2026/5/1 18:53:12 [bridge] Researcher: 0 unread
2026/5/1 18:53:13 [bridge] Analyst: 0 unread
2026/5/1 18:53:13 [bridge] Product: 0 unread
2026/5/1 18:53:14 [bridge] SNS: 0 unread
2026/5/1 18:54:08 [bridge] poll at 2026/5/1 18:54:08
2026/5/1 18:54:10 [bridge] AI-Project: 0 unread
2026/5/1 18:54:11 [bridge] Leader: 1 unread
2026/5/1 18:54:11 [bridge] Designer: 0 unread
2026/5/1 18:54:12 [bridge] Writer: 0 unread
2026/5/1 18:54:12 [bridge] Brunson: 0 unread
2026/5/1 18:54:13 [bridge] LP: 0 unread
2026/5/1 18:54:13 [bridge] Video: 0 unread
2026/5/1 18:54:14 [bridge] Researcher: 0 unread
2026/5/1 18:54:14 [bridge] Analyst: 0 unread
2026/5/1 18:54:15 [bridge] Product: 0 unread
2026/5/1 18:54:15 [bridge] SNS: 0 unread
2026/5/1 18:55:08 [bridge] poll at 2026/5/1 18:55:08
2026/5/1 18:55:09 [bridge] AI-Project: 0 unread
2026/5/1 18:55:09 [bridge] Leader: 1 unread
2026/5/1 18:55:10 [bridge] Designer: 0 unread
2026/5/1 18:55:10 [bridge] Writer: 0 unread
2026/5/1 18:55:11 [bridge] Brunson: 0 unread
2026/5/1 18:55:11 [bridge] LP: 0 unread
2026/5/1 18:55:12 [bridge] Video: 0 unread
2026/5/1 18:55:12 [bridge] Researcher: 0 unread
2026/5/1 18:55:13 [bridge] Analyst: 0 unread
2026/5/1 18:55:14 [bridge] Product: 0 unread
2026/5/1 18:55:14 [bridge] SNS: 0 unread
2026/5/1 18:56:08 [bridge] poll at 2026/5/1 18:56:08
2026/5/1 18:56:09 [bridge] AI-Project: 0 unread
2026/5/1 18:56:09 [bridge] Leader: 1 unread
2026/5/1 18:56:10 [bridge] Designer: 0 unread
2026/5/1 18:56:10 [bridge] Writer: 0 unread
2026/5/1 18:56:11 [bridge] Brunson: 0 unread
2026/5/1 18:56:11 [bridge] LP: 0 unread
2026/5/1 18:56:12 [bridge] Video: 0 unread
2026/5/1 18:56:12 [bridge] Researcher: 0 unread
2026/5/1 18:56:13 [bridge] Analyst: 0 unread
2026/5/1 18:56:13 [bridge] Product: 0 unread
2026/5/1 18:56:14 [bridge] SNS: 0 unread
2026/5/1 18:57:08 [bridge] poll at 2026/5/1 18:57:08
2026/5/1 18:57:09 [bridge] AI-Project: 0 unread
2026/5/1 18:57:09 [bridge] Leader: 1 unread
2026/5/1 18:57:10 [bridge] Designer: 0 unread
2026/5/1 18:57:10 [bridge] Writer: 0 unread
2026/5/1 18:57:11 [bridge] Brunson: 0 unread
2026/5/1 18:57:11 [bridge] LP: 0 unread
2026/5/1 18:57:12 [bridge] Video: 0 unread
2026/5/1 18:57:12 [bridge] Researcher: 0 unread
2026/5/1 18:57:13 [bridge] Analyst: 0 unread
2026/5/1 18:57:13 [bridge] Product: 0 unread
2026/5/1 18:57:14 [bridge] SNS: 0 unread
2026/5/1 18:58:08 [bridge] poll at 2026/5/1 18:58:08
2026/5/1 18:58:09 [bridge] AI-Project: 0 unread
2026/5/1 18:58:09 [bridge] Leader: 1 unread
2026/5/1 18:58:10 [bridge] Designer: 0 unread
2026/5/1 18:58:10 [bridge] Writer: 0 unread
2026/5/1 18:58:11 [bridge] Brunson: 0 unread
2026/5/1 18:58:11 [bridge] LP: 0 unread
2026/5/1 18:58:12 [bridge] Video: 0 unread
2026/5/1 18:58:12 [bridge] Researcher: 0 unread
2026/5/1 18:58:13 [bridge] Analyst: 0 unread
2026/5/1 18:58:13 [bridge] Product: 0 unread
2026/5/1 18:58:14 [bridge] SNS: 0 unread
2026/5/1 18:59:08 [bridge] poll at 2026/5/1 18:59:08
2026/5/1 18:59:09 [bridge] AI-Project: 0 unread
2026/5/1 18:59:09 [bridge] Leader: 1 unread
2026/5/1 18:59:10 [bridge] Designer: 0 unread
2026/5/1 18:59:10 [bridge] Writer: 0 unread
2026/5/1 18:59:11 [bridge] Brunson: 0 unread
2026/5/1 18:59:11 [bridge] LP: 0 unread
2026/5/1 18:59:12 [bridge] Video: 0 unread
2026/5/1 18:59:12 [bridge] Researcher: 0 unread
2026/5/1 18:59:13 [bridge] Analyst: 0 unread
2026/5/1 18:59:13 [bridge] Product: 0 unread
2026/5/1 18:59:14 [bridge] SNS: 0 unread
2026/5/1 19:00:08 [bridge] poll at 2026/5/1 19:00:08
2026/5/1 19:00:10 [bridge] AI-Project: 0 unread
2026/5/1 19:00:11 [bridge] Leader: 1 unread
2026/5/1 19:00:11 [bridge] Designer: 0 unread
2026/5/1 19:00:12 [bridge] Writer: 0 unread
2026/5/1 19:00:12 [bridge] Brunson: 0 unread
2026/5/1 19:00:13 [bridge] LP: 0 unread
2026/5/1 19:00:13 [bridge] Video: 0 unread
2026/5/1 19:00:14 [bridge] Researcher: 0 unread
2026/5/1 19:00:14 [bridge] Analyst: 0 unread
2026/5/1 19:00:15 [bridge] Product: 0 unread
2026/5/1 19:00:15 [bridge] SNS: 0 unread
2026/5/1 19:01:08 [bridge] poll at 2026/5/1 19:01:08
2026/5/1 19:01:09 [bridge] AI-Project: 0 unread
2026/5/1 19:01:09 [bridge] Leader: 1 unread
2026/5/1 19:01:10 [bridge] Designer: 0 unread
2026/5/1 19:01:10 [bridge] Writer: 0 unread
2026/5/1 19:01:11 [bridge] Brunson: 0 unread
2026/5/1 19:01:11 [bridge] LP: 0 unread
2026/5/1 19:01:12 [bridge] Video: 0 unread
2026/5/1 19:01:12 [bridge] Researcher: 0 unread
2026/5/1 19:01:13 [bridge] Analyst: 0 unread
2026/5/1 19:01:13 [bridge] Product: 0 unread
2026/5/1 19:01:14 [bridge] SNS: 0 unread
2026/5/1 19:02:08 [bridge] poll at 2026/5/1 19:02:08
2026/5/1 19:02:09 [bridge] AI-Project: 0 unread
2026/5/1 19:02:09 [bridge] Leader: 1 unread
2026/5/1 19:02:10 [bridge] Designer: 0 unread
2026/5/1 19:02:11 [bridge] Writer: 0 unread
2026/5/1 19:02:11 [bridge] Brunson: 0 unread
2026/5/1 19:02:12 [bridge] LP: 0 unread
2026/5/1 19:02:12 [bridge] Video: 0 unread
2026/5/1 19:02:13 [bridge] Researcher: 0 unread
2026/5/1 19:02:13 [bridge] Analyst: 0 unread
2026/5/1 19:02:14 [bridge] Product: 0 unread
2026/5/1 19:02:14 [bridge] SNS: 0 unread
2026/5/1 19:03:08 [bridge] poll at 2026/5/1 19:03:08
2026/5/1 19:03:09 [bridge] AI-Project: 0 unread
2026/5/1 19:03:09 [bridge] Leader: 1 unread
2026/5/1 19:03:10 [bridge] Designer: 0 unread
2026/5/1 19:03:10 [bridge] Writer: 0 unread
2026/5/1 19:03:11 [bridge] Brunson: 0 unread
2026/5/1 19:03:11 [bridge] LP: 0 unread
2026/5/1 19:03:11 [bridge] Video: 0 unread
2026/5/1 19:03:12 [bridge] Researcher: 0 unread
2026/5/1 19:03:12 [bridge] Analyst: 0 unread
2026/5/1 19:03:13 [bridge] Product: 0 unread
2026/5/1 19:03:13 [bridge] SNS: 0 unread
2026/5/1 19:04:08 [bridge] poll at 2026/5/1 19:04:08
2026/5/1 19:04:09 [bridge] AI-Project: 0 unread
2026/5/1 19:04:09 [bridge] Leader: 1 unread
2026/5/1 19:04:10 [bridge] Designer: 0 unread
2026/5/1 19:04:10 [bridge] Writer: 0 unread
2026/5/1 19:04:11 [bridge] Brunson: 0 unread
2026/5/1 19:04:11 [bridge] LP: 0 unread
2026/5/1 19:04:12 [bridge] Video: 0 unread
2026/5/1 19:04:12 [bridge] Researcher: 0 unread
2026/5/1 19:04:13 [bridge] Analyst: 0 unread
2026/5/1 19:04:13 [bridge] Product: 0 unread
2026/5/1 19:04:14 [bridge] SNS: 0 unread
2026/5/1 19:05:08 [bridge] poll at 2026/5/1 19:05:08
2026/5/1 19:05:09 [bridge] AI-Project: 0 unread
2026/5/1 19:05:09 [bridge] Leader: 1 unread
2026/5/1 19:05:10 [bridge] Designer: 0 unread
2026/5/1 19:05:10 [bridge] Writer: 0 unread
2026/5/1 19:05:11 [bridge] Brunson: 0 unread
2026/5/1 19:05:11 [bridge] LP: 0 unread
2026/5/1 19:05:12 [bridge] Video: 0 unread
2026/5/1 19:05:12 [bridge] Researcher: 0 unread
2026/5/1 19:05:13 [bridge] Analyst: 0 unread
2026/5/1 19:05:13 [bridge] Product: 0 unread
2026/5/1 19:05:14 [bridge] SNS: 0 unread
2026/5/1 19:06:08 [bridge] poll at 2026/5/1 19:06:08
2026/5/1 19:06:10 [bridge] AI-Project: 0 unread
2026/5/1 19:06:11 [bridge] Leader: 1 unread
2026/5/1 19:06:11 [bridge] Designer: 0 unread
2026/5/1 19:06:12 [bridge] Writer: 0 unread
2026/5/1 19:06:12 [bridge] Brunson: 0 unread
2026/5/1 19:06:13 [bridge] LP: 0 unread
2026/5/1 19:06:13 [bridge] Video: 0 unread
2026/5/1 19:06:14 [bridge] Researcher: 0 unread
2026/5/1 19:06:14 [bridge] Analyst: 0 unread
2026/5/1 19:06:15 [bridge] Product: 0 unread
2026/5/1 19:06:15 [bridge] SNS: 0 unread
2026/5/1 19:07:08 [bridge] poll at 2026/5/1 19:07:08
2026/5/1 19:07:09 [bridge] AI-Project: 0 unread
2026/5/1 19:07:09 [bridge] Leader: 1 unread
2026/5/1 19:07:10 [bridge] Designer: 0 unread
2026/5/1 19:07:10 [bridge] Writer: 0 unread
2026/5/1 19:07:11 [bridge] Brunson: 0 unread
2026/5/1 19:07:11 [bridge] LP: 0 unread
2026/5/1 19:07:12 [bridge] Video: 0 unread
2026/5/1 19:07:12 [bridge] Researcher: 0 unread
2026/5/1 19:07:13 [bridge] Analyst: 0 unread
2026/5/1 19:07:13 [bridge] Product: 0 unread
2026/5/1 19:07:14 [bridge] SNS: 0 unread
2026/5/1 19:08:08 [bridge] poll at 2026/5/1 19:08:08
2026/5/1 19:08:09 [bridge] AI-Project: 0 unread
2026/5/1 19:08:09 [bridge] Leader: 1 unread
2026/5/1 19:08:10 [bridge] Designer: 0 unread
2026/5/1 19:08:10 [bridge] Writer: 0 unread
2026/5/1 19:08:11 [bridge] Brunson: 0 unread
2026/5/1 19:08:11 [bridge] LP: 0 unread
2026/5/1 19:08:12 [bridge] Video: 0 unread
2026/5/1 19:08:12 [bridge] Researcher: 0 unread
2026/5/1 19:08:13 [bridge] Analyst: 0 unread
2026/5/1 19:08:13 [bridge] Product: 0 unread
2026/5/1 19:08:14 [bridge] SNS: 0 unread
2026/5/1 19:09:08 [bridge] poll at 2026/5/1 19:09:08
2026/5/1 19:09:09 [bridge] AI-Project: 0 unread
2026/5/1 19:09:09 [bridge] Leader: 1 unread
2026/5/1 19:09:10 [bridge] Designer: 0 unread
2026/5/1 19:09:10 [bridge] Writer: 0 unread
2026/5/1 19:09:11 [bridge] Brunson: 0 unread
2026/5/1 19:09:11 [bridge] LP: 0 unread
2026/5/1 19:09:12 [bridge] Video: 0 unread
2026/5/1 19:09:12 [bridge] Researcher: 0 unread
2026/5/1 19:09:13 [bridge] Analyst: 0 unread
2026/5/1 19:09:13 [bridge] Product: 0 unread
2026/5/1 19:09:13 [bridge] SNS: 0 unread
2026/5/1 19:10:08 [bridge] poll at 2026/5/1 19:10:08
2026/5/1 19:10:09 [bridge] AI-Project: 0 unread
2026/5/1 19:10:09 [bridge] Leader: 1 unread
2026/5/1 19:10:10 [bridge] Designer: 0 unread
2026/5/1 19:10:10 [bridge] Writer: 0 unread
2026/5/1 19:10:11 [bridge] Brunson: 0 unread
2026/5/1 19:10:11 [bridge] LP: 0 unread
2026/5/1 19:10:11 [bridge] Video: 0 unread
2026/5/1 19:10:12 [bridge] Researcher: 0 unread
2026/5/1 19:10:12 [bridge] Analyst: 0 unread
2026/5/1 19:10:13 [bridge] Product: 0 unread
2026/5/1 19:10:13 [bridge] SNS: 0 unread
2026/5/1 19:11:08 [bridge] poll at 2026/5/1 19:11:08
2026/5/1 19:11:09 [bridge] AI-Project: 0 unread
2026/5/1 19:11:09 [bridge] Leader: 1 unread
2026/5/1 19:11:10 [bridge] Designer: 0 unread
2026/5/1 19:11:10 [bridge] Writer: 0 unread
2026/5/1 19:11:11 [bridge] Brunson: 0 unread
2026/5/1 19:11:11 [bridge] LP: 0 unread
2026/5/1 19:11:12 [bridge] Video: 0 unread
2026/5/1 19:11:12 [bridge] Researcher: 0 unread
2026/5/1 19:11:12 [bridge] Analyst: 0 unread
2026/5/1 19:11:13 [bridge] Product: 0 unread
2026/5/1 19:11:13 [bridge] SNS: 0 unread
2026/5/1 19:12:08 [bridge] poll at 2026/5/1 19:12:08
2026/5/1 19:12:10 [bridge] AI-Project: 0 unread
2026/5/1 19:12:11 [bridge] Leader: 1 unread
2026/5/1 19:12:11 [bridge] Designer: 0 unread
2026/5/1 19:12:12 [bridge] Writer: 0 unread
2026/5/1 19:12:12 [bridge] Brunson: 0 unread
2026/5/1 19:12:13 [bridge] LP: 0 unread
2026/5/1 19:12:13 [bridge] Video: 0 unread
2026/5/1 19:12:14 [bridge] Researcher: 0 unread
2026/5/1 19:12:14 [bridge] Analyst: 0 unread
2026/5/1 19:12:15 [bridge] Product: 0 unread
2026/5/1 19:12:15 [bridge] SNS: 0 unread
2026/5/1 19:13:08 [bridge] poll at 2026/5/1 19:13:08
2026/5/1 19:13:09 [bridge] AI-Project: 0 unread
2026/5/1 19:13:10 [bridge] Leader: 1 unread
2026/5/1 19:13:10 [bridge] Designer: 0 unread
2026/5/1 19:13:11 [bridge] Writer: 0 unread
2026/5/1 19:13:11 [bridge] Brunson: 0 unread
2026/5/1 19:13:11 [bridge] LP: 0 unread
2026/5/1 19:13:12 [bridge] Video: 0 unread
2026/5/1 19:13:12 [bridge] Researcher: 0 unread
2026/5/1 19:13:13 [bridge] Analyst: 0 unread
2026/5/1 19:13:13 [bridge] Product: 0 unread
2026/5/1 19:13:14 [bridge] SNS: 0 unread
2026/5/1 19:14:08 [bridge] poll at 2026/5/1 19:14:08
2026/5/1 19:14:09 [bridge] AI-Project: 0 unread
2026/5/1 19:14:10 [bridge] Leader: 1 unread
2026/5/1 19:14:10 [bridge] Designer: 0 unread
2026/5/1 19:14:11 [bridge] Writer: 0 unread
2026/5/1 19:14:11 [bridge] Brunson: 0 unread
2026/5/1 19:14:12 [bridge] LP: 0 unread
2026/5/1 19:14:12 [bridge] Video: 0 unread
2026/5/1 19:14:12 [bridge] Researcher: 0 unread
2026/5/1 19:14:13 [bridge] Analyst: 0 unread
2026/5/1 19:14:13 [bridge] Product: 0 unread
2026/5/1 19:14:14 [bridge] SNS: 0 unread
2026/5/1 19:15:08 [bridge] poll at 2026/5/1 19:15:08
2026/5/1 19:15:09 [bridge] AI-Project: 0 unread
2026/5/1 19:15:10 [bridge] Leader: 1 unread
2026/5/1 19:15:10 [bridge] Designer: 0 unread
2026/5/1 19:15:11 [bridge] Writer: 0 unread
2026/5/1 19:15:11 [bridge] Brunson: 0 unread
2026/5/1 19:15:12 [bridge] LP: 0 unread
2026/5/1 19:15:12 [bridge] Video: 0 unread
2026/5/1 19:15:13 [bridge] Researcher: 0 unread
2026/5/1 19:15:13 [bridge] Analyst: 0 unread
2026/5/1 19:15:14 [bridge] Product: 0 unread
2026/5/1 19:15:14 [bridge] SNS: 0 unread
2026/5/1 19:16:08 [bridge] poll at 2026/5/1 19:16:08
2026/5/1 19:16:09 [bridge] AI-Project: 0 unread
2026/5/1 19:16:09 [bridge] Leader: 1 unread
2026/5/1 19:16:10 [bridge] Designer: 0 unread
2026/5/1 19:16:10 [bridge] Writer: 0 unread
2026/5/1 19:16:11 [bridge] Brunson: 0 unread
2026/5/1 19:16:11 [bridge] LP: 0 unread
2026/5/1 19:16:11 [bridge] Video: 0 unread
2026/5/1 19:16:12 [bridge] Researcher: 0 unread
2026/5/1 19:16:12 [bridge] Analyst: 0 unread
2026/5/1 19:16:13 [bridge] Product: 0 unread
2026/5/1 19:16:13 [bridge] SNS: 0 unread
2026/5/1 19:17:08 [bridge] poll at 2026/5/1 19:17:08
2026/5/1 19:17:09 [bridge] AI-Project: 0 unread
2026/5/1 19:17:09 [bridge] Leader: 1 unread
2026/5/1 19:17:10 [bridge] Designer: 0 unread
2026/5/1 19:17:10 [bridge] Writer: 0 unread
2026/5/1 19:17:11 [bridge] Brunson: 0 unread
2026/5/1 19:17:11 [bridge] LP: 0 unread
2026/5/1 19:17:12 [bridge] Video: 0 unread
2026/5/1 19:17:12 [bridge] Researcher: 0 unread
2026/5/1 19:17:12 [bridge] Analyst: 0 unread
2026/5/1 19:17:13 [bridge] Product: 0 unread
2026/5/1 19:17:13 [bridge] SNS: 0 unread
2026/5/1 19:18:08 [bridge] poll at 2026/5/1 19:18:08
2026/5/1 19:18:10 [bridge] AI-Project: 0 unread
2026/5/1 19:18:11 [bridge] Leader: 1 unread
2026/5/1 19:18:11 [bridge] Designer: 0 unread
2026/5/1 19:18:12 [bridge] Writer: 0 unread
2026/5/1 19:18:12 [bridge] Brunson: 0 unread
2026/5/1 19:18:13 [bridge] LP: 0 unread
2026/5/1 19:18:13 [bridge] Video: 0 unread
2026/5/1 19:18:14 [bridge] Researcher: 0 unread
2026/5/1 19:18:14 [bridge] Analyst: 0 unread
2026/5/1 19:18:15 [bridge] Product: 0 unread
2026/5/1 19:18:15 [bridge] SNS: 0 unread
2026/5/1 19:19:08 [bridge] poll at 2026/5/1 19:19:08
2026/5/1 19:19:09 [bridge] AI-Project: 0 unread
2026/5/1 19:19:10 [bridge] Leader: 1 unread
2026/5/1 19:19:10 [bridge] Designer: 0 unread
2026/5/1 19:19:11 [bridge] Writer: 0 unread
2026/5/1 19:19:11 [bridge] Brunson: 0 unread
2026/5/1 19:19:12 [bridge] LP: 0 unread
2026/5/1 19:19:12 [bridge] Video: 0 unread
2026/5/1 19:19:13 [bridge] Researcher: 0 unread
2026/5/1 19:19:13 [bridge] Analyst: 0 unread
2026/5/1 19:19:13 [bridge] Product: 0 unread
2026/5/1 19:19:14 [bridge] SNS: 0 unread
2026/5/1 19:20:08 [bridge] poll at 2026/5/1 19:20:08
2026/5/1 19:20:09 [bridge] AI-Project: 0 unread
2026/5/1 19:20:09 [bridge] Leader: 1 unread
2026/5/1 19:20:10 [bridge] Designer: 0 unread
2026/5/1 19:20:10 [bridge] Writer: 0 unread
2026/5/1 19:20:11 [bridge] Brunson: 0 unread
2026/5/1 19:20:11 [bridge] LP: 0 unread
2026/5/1 19:20:12 [bridge] Video: 0 unread
2026/5/1 19:20:12 [bridge] Researcher: 0 unread
2026/5/1 19:20:12 [bridge] Analyst: 0 unread
2026/5/1 19:20:13 [bridge] Product: 0 unread
2026/5/1 19:20:13 [bridge] SNS: 0 unread
2026/5/1 19:21:08 [bridge] poll at 2026/5/1 19:21:08
2026/5/1 19:21:09 [bridge] AI-Project: 0 unread
2026/5/1 19:21:10 [bridge] Leader: 1 unread
2026/5/1 19:21:10 [bridge] Designer: 0 unread
2026/5/1 19:21:11 [bridge] Writer: 0 unread
2026/5/1 19:21:11 [bridge] Brunson: 0 unread
2026/5/1 19:21:12 [bridge] LP: 0 unread
2026/5/1 19:21:12 [bridge] Video: 0 unread
2026/5/1 19:21:13 [bridge] Researcher: 0 unread
2026/5/1 19:21:13 [bridge] Analyst: 0 unread
2026/5/1 19:21:14 [bridge] Product: 0 unread
2026/5/1 19:21:14 [bridge] SNS: 0 unread
2026/5/1 19:22:08 [bridge] poll at 2026/5/1 19:22:08
2026/5/1 19:22:09 [bridge] AI-Project: 0 unread
2026/5/1 19:22:10 [bridge] Leader: 1 unread
2026/5/1 19:22:10 [bridge] Designer: 0 unread
2026/5/1 19:22:11 [bridge] Writer: 0 unread
2026/5/1 19:22:11 [bridge] Brunson: 0 unread
2026/5/1 19:22:12 [bridge] LP: 0 unread
2026/5/1 19:22:12 [bridge] Video: 0 unread
2026/5/1 19:22:13 [bridge] Researcher: 0 unread
2026/5/1 19:22:13 [bridge] Analyst: 0 unread
2026/5/1 19:22:14 [bridge] Product: 0 unread
2026/5/1 19:22:14 [bridge] SNS: 0 unread
2026/5/1 19:23:08 [bridge] poll at 2026/5/1 19:23:08
2026/5/1 19:23:09 [bridge] AI-Project: 0 unread
2026/5/1 19:23:10 [bridge] Leader: 1 unread
2026/5/1 19:23:10 [bridge] Designer: 0 unread
2026/5/1 19:23:11 [bridge] Writer: 0 unread
2026/5/1 19:23:11 [bridge] Brunson: 0 unread
2026/5/1 19:23:12 [bridge] LP: 0 unread
2026/5/1 19:23:12 [bridge] Video: 0 unread
2026/5/1 19:23:12 [bridge] Researcher: 0 unread
2026/5/1 19:23:13 [bridge] Analyst: 0 unread
2026/5/1 19:23:13 [bridge] Product: 0 unread
2026/5/1 19:23:14 [bridge] SNS: 0 unread
2026/5/1 19:24:08 [bridge] poll at 2026/5/1 19:24:08
2026/5/1 19:24:10 [bridge] AI-Project: 0 unread
2026/5/1 19:24:10 [bridge] Leader: 1 unread
2026/5/1 19:24:11 [bridge] Designer: 0 unread
2026/5/1 19:24:11 [bridge] Writer: 0 unread
2026/5/1 19:24:12 [bridge] Brunson: 0 unread
2026/5/1 19:24:12 [bridge] LP: 0 unread
2026/5/1 19:24:13 [bridge] Video: 0 unread
2026/5/1 19:24:13 [bridge] Researcher: 0 unread
2026/5/1 19:24:14 [bridge] Analyst: 0 unread
2026/5/1 19:24:14 [bridge] Product: 0 unread
2026/5/1 19:24:14 [bridge] SNS: 0 unread
2026/5/1 19:25:08 [bridge] poll at 2026/5/1 19:25:08
2026/5/1 19:25:09 [bridge] AI-Project: 0 unread
2026/5/1 19:25:09 [bridge] Leader: 1 unread
2026/5/1 19:25:10 [bridge] Designer: 0 unread
2026/5/1 19:25:10 [bridge] Writer: 0 unread
2026/5/1 19:25:11 [bridge] Brunson: 0 unread
2026/5/1 19:25:11 [bridge] LP: 0 unread
2026/5/1 19:25:12 [bridge] Video: 0 unread
2026/5/1 19:25:12 [bridge] Researcher: 0 unread
2026/5/1 19:25:13 [bridge] Analyst: 0 unread
2026/5/1 19:25:13 [bridge] Product: 0 unread
2026/5/1 19:25:13 [bridge] SNS: 0 unread
2026/5/1 19:26:08 [bridge] poll at 2026/5/1 19:26:08
2026/5/1 19:26:09 [bridge] AI-Project: 0 unread
2026/5/1 19:26:10 [bridge] Leader: 1 unread
2026/5/1 19:26:10 [bridge] Designer: 0 unread
2026/5/1 19:26:11 [bridge] Writer: 0 unread
2026/5/1 19:26:11 [bridge] Brunson: 0 unread
2026/5/1 19:26:12 [bridge] LP: 0 unread
2026/5/1 19:26:12 [bridge] Video: 0 unread
2026/5/1 19:26:13 [bridge] Researcher: 0 unread
2026/5/1 19:26:13 [bridge] Analyst: 0 unread
2026/5/1 19:26:14 [bridge] Product: 0 unread
2026/5/1 19:26:14 [bridge] SNS: 0 unread
2026/5/1 19:27:08 [bridge] poll at 2026/5/1 19:27:08
2026/5/1 19:27:09 [bridge] AI-Project: 0 unread
2026/5/1 19:27:10 [bridge] Leader: 1 unread
2026/5/1 19:27:10 [bridge] Designer: 0 unread
2026/5/1 19:27:11 [bridge] Writer: 0 unread
2026/5/1 19:27:11 [bridge] Brunson: 0 unread
2026/5/1 19:27:12 [bridge] LP: 0 unread
2026/5/1 19:27:12 [bridge] Video: 0 unread
2026/5/1 19:27:13 [bridge] Researcher: 0 unread
2026/5/1 19:27:13 [bridge] Analyst: 0 unread
2026/5/1 19:27:14 [bridge] Product: 0 unread
2026/5/1 19:27:14 [bridge] SNS: 0 unread
2026/5/1 19:28:08 [bridge] poll at 2026/5/1 19:28:08
2026/5/1 19:28:09 [bridge] AI-Project: 0 unread
2026/5/1 19:28:10 [bridge] Leader: 1 unread
2026/5/1 19:28:10 [bridge] Designer: 0 unread
2026/5/1 19:28:11 [bridge] Writer: 0 unread
2026/5/1 19:28:11 [bridge] Brunson: 0 unread
2026/5/1 19:28:12 [bridge] LP: 0 unread
2026/5/1 19:28:12 [bridge] Video: 0 unread
2026/5/1 19:28:13 [bridge] Researcher: 0 unread
2026/5/1 19:28:13 [bridge] Analyst: 0 unread
2026/5/1 19:28:14 [bridge] Product: 0 unread
2026/5/1 19:28:14 [bridge] SNS: 0 unread
2026/5/1 19:29:08 [bridge] poll at 2026/5/1 19:29:08
2026/5/1 19:29:09 [bridge] AI-Project: 0 unread
2026/5/1 19:29:10 [bridge] Leader: 1 unread
2026/5/1 19:29:10 [bridge] Designer: 0 unread
2026/5/1 19:29:11 [bridge] Writer: 0 unread
2026/5/1 19:29:11 [bridge] Brunson: 0 unread
2026/5/1 19:29:12 [bridge] LP: 0 unread
2026/5/1 19:29:12 [bridge] Video: 0 unread
2026/5/1 19:29:13 [bridge] Researcher: 0 unread
2026/5/1 19:29:13 [bridge] Analyst: 0 unread
2026/5/1 19:29:14 [bridge] Product: 0 unread
2026/5/1 19:29:14 [bridge] SNS: 0 unread
2026/5/1 19:30:08 [bridge] poll at 2026/5/1 19:30:08
2026/5/1 19:30:10 [bridge] AI-Project: 0 unread
2026/5/1 19:30:11 [bridge] Leader: 1 unread
2026/5/1 19:30:11 [bridge] Designer: 0 unread
2026/5/1 19:30:12 [bridge] Writer: 0 unread
2026/5/1 19:30:12 [bridge] Brunson: 0 unread
2026/5/1 19:30:13 [bridge] LP: 0 unread
2026/5/1 19:30:13 [bridge] Video: 0 unread
2026/5/1 19:30:14 [bridge] Researcher: 0 unread
2026/5/1 19:30:14 [bridge] Analyst: 0 unread
2026/5/1 19:30:15 [bridge] Product: 0 unread
2026/5/1 19:30:15 [bridge] SNS: 0 unread
2026/5/1 19:31:08 [bridge] poll at 2026/5/1 19:31:08
2026/5/1 19:31:09 [bridge] AI-Project: 0 unread
2026/5/1 19:31:10 [bridge] Leader: 1 unread
2026/5/1 19:31:10 [bridge] Designer: 0 unread
2026/5/1 19:31:11 [bridge] Writer: 0 unread
2026/5/1 19:31:11 [bridge] Brunson: 0 unread
2026/5/1 19:31:12 [bridge] LP: 0 unread
2026/5/1 19:31:12 [bridge] Video: 0 unread
2026/5/1 19:31:13 [bridge] Researcher: 0 unread
2026/5/1 19:31:13 [bridge] Analyst: 0 unread
2026/5/1 19:31:14 [bridge] Product: 0 unread
2026/5/1 19:31:14 [bridge] SNS: 0 unread
2026/5/1 19:32:08 [bridge] poll at 2026/5/1 19:32:08
2026/5/1 19:32:09 [bridge] AI-Project: 0 unread
2026/5/1 19:32:10 [bridge] Leader: 1 unread
2026/5/1 19:32:10 [bridge] Designer: 0 unread
2026/5/1 19:32:11 [bridge] Writer: 0 unread
2026/5/1 19:32:11 [bridge] Brunson: 0 unread
2026/5/1 19:32:12 [bridge] LP: 0 unread
2026/5/1 19:32:12 [bridge] Video: 0 unread
2026/5/1 19:32:13 [bridge] Researcher: 0 unread
2026/5/1 19:32:13 [bridge] Analyst: 0 unread
2026/5/1 19:32:14 [bridge] Product: 0 unread
2026/5/1 19:32:14 [bridge] SNS: 0 unread
2026/5/1 19:33:08 [bridge] poll at 2026/5/1 19:33:08
2026/5/1 19:33:09 [bridge] AI-Project: 0 unread
2026/5/1 19:33:10 [bridge] Leader: 1 unread
2026/5/1 19:33:10 [bridge] Designer: 0 unread
2026/5/1 19:33:11 [bridge] Writer: 0 unread
2026/5/1 19:33:11 [bridge] Brunson: 0 unread
2026/5/1 19:33:12 [bridge] LP: 0 unread
2026/5/1 19:33:12 [bridge] Video: 0 unread
2026/5/1 19:33:13 [bridge] Researcher: 0 unread
2026/5/1 19:33:13 [bridge] Analyst: 0 unread
2026/5/1 19:33:14 [bridge] Product: 0 unread
2026/5/1 19:33:14 [bridge] SNS: 0 unread
2026/5/1 19:34:08 [bridge] poll at 2026/5/1 19:34:08
2026/5/1 19:34:09 [bridge] AI-Project: 0 unread
2026/5/1 19:34:10 [bridge] Leader: 1 unread
2026/5/1 19:34:10 [bridge] Designer: 0 unread
2026/5/1 19:34:11 [bridge] Writer: 0 unread
2026/5/1 19:34:11 [bridge] Brunson: 0 unread
2026/5/1 19:34:12 [bridge] LP: 0 unread
2026/5/1 19:34:12 [bridge] Video: 0 unread
2026/5/1 19:34:13 [bridge] Researcher: 0 unread
2026/5/1 19:34:13 [bridge] Analyst: 0 unread
2026/5/1 19:34:14 [bridge] Product: 0 unread
2026/5/1 19:34:14 [bridge] SNS: 0 unread
2026/5/1 19:35:08 [bridge] poll at 2026/5/1 19:35:08
2026/5/1 19:35:09 [bridge] AI-Project: 0 unread
2026/5/1 19:35:09 [bridge] Leader: 1 unread
2026/5/1 19:35:10 [bridge] Designer: 0 unread
2026/5/1 19:35:10 [bridge] Writer: 0 unread
2026/5/1 19:35:11 [bridge] Brunson: 0 unread
2026/5/1 19:35:11 [bridge] LP: 0 unread
2026/5/1 19:35:12 [bridge] Video: 0 unread
2026/5/1 19:35:12 [bridge] Researcher: 0 unread
2026/5/1 19:35:13 [bridge] Analyst: 0 unread
2026/5/1 19:35:13 [bridge] Product: 0 unread
2026/5/1 19:35:13 [bridge] SNS: 0 unread
2026/5/1 19:36:08 [bridge] poll at 2026/5/1 19:36:08
2026/5/1 19:36:10 [bridge] AI-Project: 0 unread
2026/5/1 19:36:11 [bridge] Leader: 1 unread
2026/5/1 19:36:11 [bridge] Designer: 0 unread
2026/5/1 19:36:12 [bridge] Writer: 0 unread
2026/5/1 19:36:12 [bridge] Brunson: 0 unread
2026/5/1 19:36:13 [bridge] LP: 0 unread
2026/5/1 19:36:13 [bridge] Video: 0 unread
2026/5/1 19:36:14 [bridge] Researcher: 0 unread
2026/5/1 19:36:14 [bridge] Analyst: 0 unread
2026/5/1 19:36:15 [bridge] Product: 0 unread
2026/5/1 19:36:15 [bridge] SNS: 0 unread
2026/5/1 19:37:08 [bridge] poll at 2026/5/1 19:37:08
2026/5/1 19:37:09 [bridge] AI-Project: 0 unread
2026/5/1 19:37:10 [bridge] Leader: 1 unread
2026/5/1 19:37:10 [bridge] Designer: 0 unread
2026/5/1 19:37:11 [bridge] Writer: 0 unread
2026/5/1 19:37:11 [bridge] Brunson: 0 unread
2026/5/1 19:37:12 [bridge] LP: 0 unread
2026/5/1 19:37:12 [bridge] Video: 0 unread
2026/5/1 19:37:13 [bridge] Researcher: 0 unread
2026/5/1 19:37:13 [bridge] Analyst: 0 unread
2026/5/1 19:37:14 [bridge] Product: 0 unread
2026/5/1 19:37:14 [bridge] SNS: 0 unread
2026/5/1 19:38:08 [bridge] poll at 2026/5/1 19:38:08
2026/5/1 19:38:09 [bridge] AI-Project: 0 unread
2026/5/1 19:38:10 [bridge] Leader: 1 unread
2026/5/1 19:38:10 [bridge] Designer: 0 unread
2026/5/1 19:38:11 [bridge] Writer: 0 unread
2026/5/1 19:38:11 [bridge] Brunson: 0 unread
2026/5/1 19:38:12 [bridge] LP: 0 unread
2026/5/1 19:38:12 [bridge] Video: 0 unread
2026/5/1 19:38:13 [bridge] Researcher: 0 unread
2026/5/1 19:38:13 [bridge] Analyst: 0 unread
2026/5/1 19:38:14 [bridge] Product: 0 unread
2026/5/1 19:38:14 [bridge] SNS: 0 unread
2026/5/1 19:39:08 [bridge] poll at 2026/5/1 19:39:08
2026/5/1 19:39:09 [bridge] AI-Project: 0 unread
2026/5/1 19:39:10 [bridge] Leader: 1 unread
2026/5/1 19:39:10 [bridge] Designer: 0 unread
2026/5/1 19:39:11 [bridge] Writer: 0 unread
2026/5/1 19:39:11 [bridge] Brunson: 0 unread
2026/5/1 19:39:12 [bridge] LP: 0 unread
2026/5/1 19:39:12 [bridge] Video: 0 unread
2026/5/1 19:39:13 [bridge] Researcher: 0 unread
2026/5/1 19:39:14 [bridge] Analyst: 0 unread
2026/5/1 19:39:14 [bridge] Product: 0 unread
2026/5/1 19:39:15 [bridge] SNS: 0 unread
2026/5/1 19:40:08 [bridge] poll at 2026/5/1 19:40:08
2026/5/1 19:40:09 [bridge] AI-Project: 0 unread
2026/5/1 19:40:10 [bridge] Leader: 1 unread
2026/5/1 19:40:10 [bridge] Designer: 0 unread
2026/5/1 19:40:11 [bridge] Writer: 0 unread
2026/5/1 19:40:11 [bridge] Brunson: 0 unread
2026/5/1 19:40:12 [bridge] LP: 0 unread
2026/5/1 19:40:12 [bridge] Video: 0 unread
2026/5/1 19:40:13 [bridge] Researcher: 0 unread
2026/5/1 19:40:13 [bridge] Analyst: 0 unread
2026/5/1 19:40:14 [bridge] Product: 0 unread
2026/5/1 19:40:14 [bridge] SNS: 0 unread
2026/5/1 19:41:08 [bridge] poll at 2026/5/1 19:41:08
2026/5/1 19:41:09 [bridge] AI-Project: 0 unread
2026/5/1 19:41:10 [bridge] Leader: 1 unread
2026/5/1 19:41:10 [bridge] Designer: 0 unread
2026/5/1 19:41:11 [bridge] Writer: 0 unread
2026/5/1 19:41:11 [bridge] Brunson: 0 unread
2026/5/1 19:41:12 [bridge] LP: 0 unread
2026/5/1 19:41:12 [bridge] Video: 0 unread
2026/5/1 19:41:13 [bridge] Researcher: 0 unread
2026/5/1 19:41:13 [bridge] Analyst: 0 unread
2026/5/1 19:41:14 [bridge] Product: 0 unread
2026/5/1 19:41:14 [bridge] SNS: 0 unread
2026/5/1 19:42:08 [bridge] poll at 2026/5/1 19:42:08
2026/5/1 19:42:10 [bridge] AI-Project: 0 unread
2026/5/1 19:42:11 [bridge] Leader: 1 unread
2026/5/1 19:42:11 [bridge] Designer: 0 unread
2026/5/1 19:42:12 [bridge] Writer: 0 unread
2026/5/1 19:42:12 [bridge] Brunson: 0 unread
2026/5/1 19:42:13 [bridge] LP: 0 unread
2026/5/1 19:42:13 [bridge] Video: 0 unread
2026/5/1 19:42:14 [bridge] Researcher: 0 unread
2026/5/1 19:42:14 [bridge] Analyst: 0 unread
2026/5/1 19:42:15 [bridge] Product: 0 unread
2026/5/1 19:42:15 [bridge] SNS: 0 unread
2026/5/1 19:43:08 [bridge] poll at 2026/5/1 19:43:08
2026/5/1 19:43:11 [bridge] AI-Project: 0 unread
2026/5/1 19:43:12 [bridge] Leader: 1 unread
2026/5/1 19:43:12 [bridge] Designer: 0 unread
2026/5/1 19:43:13 [bridge] Writer: 0 unread
2026/5/1 19:43:13 [bridge] Brunson: 0 unread
2026/5/1 19:43:14 [bridge] LP: 0 unread
2026/5/1 19:43:15 [bridge] Video: 0 unread
2026/5/1 19:43:15 [bridge] Researcher: 0 unread
2026/5/1 19:43:16 [bridge] Analyst: 0 unread
2026/5/1 19:43:16 [bridge] Product: 0 unread
2026/5/1 19:43:17 [bridge] SNS: 0 unread
2026/5/1 19:44:08 [bridge] poll at 2026/5/1 19:44:08
2026/5/1 19:44:09 [bridge] AI-Project: 0 unread
2026/5/1 19:44:10 [bridge] Leader: 1 unread
2026/5/1 19:44:10 [bridge] Designer: 0 unread
2026/5/1 19:44:11 [bridge] Writer: 0 unread
2026/5/1 19:44:11 [bridge] Brunson: 0 unread
2026/5/1 19:44:12 [bridge] LP: 0 unread
2026/5/1 19:44:12 [bridge] Video: 0 unread
2026/5/1 19:44:13 [bridge] Researcher: 0 unread
2026/5/1 19:44:13 [bridge] Analyst: 0 unread
2026/5/1 19:44:14 [bridge] Product: 0 unread
2026/5/1 19:44:14 [bridge] SNS: 0 unread
2026/5/1 19:45:08 [bridge] poll at 2026/5/1 19:45:08
2026/5/1 19:45:09 [bridge] AI-Project: 0 unread
2026/5/1 19:45:10 [bridge] Leader: 1 unread
2026/5/1 19:45:10 [bridge] Designer: 0 unread
2026/5/1 19:45:11 [bridge] Writer: 0 unread
2026/5/1 19:45:11 [bridge] Brunson: 0 unread
2026/5/1 19:45:12 [bridge] LP: 0 unread
2026/5/1 19:45:12 [bridge] Video: 0 unread
2026/5/1 19:45:13 [bridge] Researcher: 0 unread
2026/5/1 19:45:13 [bridge] Analyst: 0 unread
2026/5/1 19:45:14 [bridge] Product: 0 unread
2026/5/1 19:45:14 [bridge] SNS: 0 unread
2026/5/1 19:46:08 [bridge] poll at 2026/5/1 19:46:08
2026/5/1 19:46:09 [bridge] AI-Project: 0 unread
2026/5/1 19:46:10 [bridge] Leader: 1 unread
2026/5/1 19:46:10 [bridge] Designer: 0 unread
2026/5/1 19:46:11 [bridge] Writer: 0 unread
2026/5/1 19:46:11 [bridge] Brunson: 0 unread
2026/5/1 19:46:12 [bridge] LP: 0 unread
2026/5/1 19:46:12 [bridge] Video: 0 unread
2026/5/1 19:46:13 [bridge] Researcher: 0 unread
2026/5/1 19:46:13 [bridge] Analyst: 0 unread
2026/5/1 19:46:14 [bridge] Product: 0 unread
2026/5/1 19:46:14 [bridge] SNS: 0 unread
2026/5/1 19:47:08 [bridge] poll at 2026/5/1 19:47:08
2026/5/1 19:47:09 [bridge] AI-Project: 0 unread
2026/5/1 19:47:10 [bridge] Leader: 1 unread
2026/5/1 19:47:10 [bridge] Designer: 0 unread
2026/5/1 19:47:10 [bridge] Writer: 0 unread
2026/5/1 19:47:11 [bridge] Brunson: 0 unread
2026/5/1 19:47:11 [bridge] LP: 0 unread
2026/5/1 19:47:12 [bridge] Video: 0 unread
2026/5/1 19:47:12 [bridge] Researcher: 0 unread
2026/5/1 19:47:13 [bridge] Analyst: 0 unread
2026/5/1 19:47:13 [bridge] Product: 0 unread
2026/5/1 19:47:14 [bridge] SNS: 0 unread
2026/5/1 19:48:08 [bridge] poll at 2026/5/1 19:48:08
2026/5/1 19:48:09 [bridge] AI-Project: 0 unread
2026/5/1 19:48:10 [bridge] Leader: 1 unread
2026/5/1 19:48:10 [bridge] Designer: 0 unread
2026/5/1 19:48:11 [bridge] Writer: 0 unread
2026/5/1 19:48:11 [bridge] Brunson: 0 unread
2026/5/1 19:48:12 [bridge] LP: 0 unread
2026/5/1 19:48:12 [bridge] Video: 0 unread
2026/5/1 19:48:13 [bridge] Researcher: 0 unread
2026/5/1 19:48:13 [bridge] Analyst: 0 unread
2026/5/1 19:48:14 [bridge] Product: 0 unread
2026/5/1 19:48:14 [bridge] SNS: 0 unread
2026/5/1 19:49:08 [bridge] poll at 2026/5/1 19:49:08
2026/5/1 19:49:10 [bridge] AI-Project: 0 unread
2026/5/1 19:49:11 [bridge] Leader: 1 unread
2026/5/1 19:49:11 [bridge] Designer: 0 unread
2026/5/1 19:49:12 [bridge] Writer: 0 unread
2026/5/1 19:49:12 [bridge] Brunson: 0 unread
2026/5/1 19:49:13 [bridge] LP: 0 unread
2026/5/1 19:49:13 [bridge] Video: 0 unread
2026/5/1 19:49:14 [bridge] Researcher: 0 unread
2026/5/1 19:49:14 [bridge] Analyst: 0 unread
2026/5/1 19:49:15 [bridge] Product: 0 unread
2026/5/1 19:49:15 [bridge] SNS: 0 unread
2026/5/1 19:50:08 [bridge] poll at 2026/5/1 19:50:08
2026/5/1 19:50:09 [bridge] AI-Project: 0 unread
2026/5/1 19:50:10 [bridge] Leader: 1 unread
2026/5/1 19:50:10 [bridge] Designer: 0 unread
2026/5/1 19:50:11 [bridge] Writer: 0 unread
2026/5/1 19:50:11 [bridge] Brunson: 0 unread
2026/5/1 19:50:12 [bridge] LP: 0 unread
2026/5/1 19:50:12 [bridge] Video: 0 unread
2026/5/1 19:50:13 [bridge] Researcher: 0 unread
2026/5/1 19:50:13 [bridge] Analyst: 0 unread
2026/5/1 19:50:14 [bridge] Product: 0 unread
2026/5/1 19:50:14 [bridge] SNS: 0 unread
2026/5/1 19:51:08 [bridge] poll at 2026/5/1 19:51:08
2026/5/1 19:51:09 [bridge] AI-Project: 0 unread
2026/5/1 19:51:10 [bridge] Leader: 1 unread
2026/5/1 19:51:10 [bridge] Designer: 0 unread
2026/5/1 19:51:11 [bridge] Writer: 0 unread
2026/5/1 19:51:11 [bridge] Brunson: 0 unread
2026/5/1 19:51:12 [bridge] LP: 0 unread
2026/5/1 19:51:12 [bridge] Video: 0 unread
2026/5/1 19:51:13 [bridge] Researcher: 0 unread
2026/5/1 19:51:13 [bridge] Analyst: 0 unread
2026/5/1 19:51:14 [bridge] Product: 0 unread
2026/5/1 19:51:14 [bridge] SNS: 0 unread
2026/5/1 19:52:08 [bridge] poll at 2026/5/1 19:52:08
2026/5/1 19:52:09 [bridge] AI-Project: 0 unread
2026/5/1 19:52:10 [bridge] Leader: 1 unread
2026/5/1 19:52:10 [bridge] Designer: 0 unread
2026/5/1 19:52:11 [bridge] Writer: 0 unread
2026/5/1 19:52:11 [bridge] Brunson: 0 unread
2026/5/1 19:52:11 [bridge] LP: 0 unread
2026/5/1 19:52:12 [bridge] Video: 0 unread
2026/5/1 19:52:12 [bridge] Researcher: 0 unread
2026/5/1 19:52:13 [bridge] Analyst: 0 unread
2026/5/1 19:52:13 [bridge] Product: 0 unread
2026/5/1 19:52:14 [bridge] SNS: 0 unread
2026/5/1 19:53:08 [bridge] poll at 2026/5/1 19:53:08
2026/5/1 19:53:09 [bridge] AI-Project: 0 unread
2026/5/1 19:53:10 [bridge] Leader: 1 unread
2026/5/1 19:53:10 [bridge] Designer: 0 unread
2026/5/1 19:53:11 [bridge] Writer: 0 unread
2026/5/1 19:53:11 [bridge] Brunson: 0 unread
2026/5/1 19:53:12 [bridge] LP: 0 unread
2026/5/1 19:53:12 [bridge] Video: 0 unread
2026/5/1 19:53:13 [bridge] Researcher: 0 unread
2026/5/1 19:53:13 [bridge] Analyst: 0 unread
2026/5/1 19:53:14 [bridge] Product: 0 unread
2026/5/1 19:53:14 [bridge] SNS: 0 unread
2026/5/1 19:54:08 [bridge] poll at 2026/5/1 19:54:08
2026/5/1 19:54:09 [bridge] AI-Project: 0 unread
2026/5/1 19:54:10 [bridge] Leader: 1 unread
2026/5/1 19:54:10 [bridge] Designer: 0 unread
2026/5/1 19:54:11 [bridge] Writer: 0 unread
2026/5/1 19:54:11 [bridge] Brunson: 0 unread
2026/5/1 19:54:12 [bridge] LP: 0 unread
2026/5/1 19:54:12 [bridge] Video: 0 unread
2026/5/1 19:54:13 [bridge] Researcher: 0 unread
2026/5/1 19:54:13 [bridge] Analyst: 0 unread
2026/5/1 19:54:14 [bridge] Product: 0 unread
2026/5/1 19:54:14 [bridge] SNS: 0 unread
2026/5/1 19:55:08 [bridge] poll at 2026/5/1 19:55:08
2026/5/1 19:55:09 [bridge] AI-Project: 0 unread
2026/5/1 19:55:10 [bridge] Leader: 1 unread
2026/5/1 19:55:10 [bridge] Designer: 0 unread
2026/5/1 19:55:11 [bridge] Writer: 0 unread
2026/5/1 19:55:11 [bridge] Brunson: 0 unread
2026/5/1 19:55:12 [bridge] LP: 0 unread
2026/5/1 19:55:12 [bridge] Video: 0 unread
2026/5/1 19:55:13 [bridge] Researcher: 0 unread
2026/5/1 19:55:13 [bridge] Analyst: 0 unread
2026/5/1 19:55:14 [bridge] Product: 0 unread
2026/5/1 19:55:14 [bridge] SNS: 0 unread
2026/5/1 19:56:08 [bridge] poll at 2026/5/1 19:56:08
2026/5/1 19:56:09 [bridge] AI-Project: 0 unread
2026/5/1 19:56:10 [bridge] Leader: 1 unread
2026/5/1 19:56:10 [bridge] Designer: 0 unread
2026/5/1 19:56:11 [bridge] Writer: 0 unread
2026/5/1 19:56:11 [bridge] Brunson: 0 unread
2026/5/1 19:56:11 [bridge] LP: 0 unread
2026/5/1 19:56:12 [bridge] Video: 0 unread
2026/5/1 19:56:12 [bridge] Researcher: 0 unread
2026/5/1 19:56:13 [bridge] Analyst: 0 unread
2026/5/1 19:56:13 [bridge] Product: 0 unread
2026/5/1 19:56:14 [bridge] SNS: 0 unread
2026/5/1 19:57:08 [bridge] poll at 2026/5/1 19:57:08
2026/5/1 19:57:09 [bridge] AI-Project: 0 unread
2026/5/1 19:57:10 [bridge] Leader: 1 unread
2026/5/1 19:57:10 [bridge] Designer: 0 unread
2026/5/1 19:57:11 [bridge] Writer: 0 unread
2026/5/1 19:57:11 [bridge] Brunson: 0 unread
2026/5/1 19:57:12 [bridge] LP: 0 unread
2026/5/1 19:57:12 [bridge] Video: 0 unread
2026/5/1 19:57:13 [bridge] Researcher: 0 unread
2026/5/1 19:57:13 [bridge] Analyst: 0 unread
2026/5/1 19:57:14 [bridge] Product: 0 unread
2026/5/1 19:57:14 [bridge] SNS: 0 unread
2026/5/1 19:58:08 [bridge] poll at 2026/5/1 19:58:08
2026/5/1 19:58:09 [bridge] AI-Project: 0 unread
2026/5/1 19:58:10 [bridge] Leader: 1 unread
2026/5/1 19:58:10 [bridge] Designer: 0 unread
2026/5/1 19:58:11 [bridge] Writer: 0 unread
2026/5/1 19:58:11 [bridge] Brunson: 0 unread
2026/5/1 19:58:12 [bridge] LP: 0 unread
2026/5/1 19:58:12 [bridge] Video: 0 unread
2026/5/1 19:58:13 [bridge] Researcher: 0 unread
2026/5/1 19:58:13 [bridge] Analyst: 0 unread
2026/5/1 19:58:14 [bridge] Product: 0 unread
2026/5/1 19:58:14 [bridge] SNS: 0 unread
2026/5/1 19:59:08 [bridge] poll at 2026/5/1 19:59:08
2026/5/1 19:59:09 [bridge] AI-Project: 0 unread
2026/5/1 19:59:10 [bridge] Leader: 1 unread
2026/5/1 19:59:10 [bridge] Designer: 0 unread
2026/5/1 19:59:11 [bridge] Writer: 0 unread
2026/5/1 19:59:11 [bridge] Brunson: 0 unread
2026/5/1 19:59:12 [bridge] LP: 0 unread
2026/5/1 19:59:12 [bridge] Video: 0 unread
2026/5/1 19:59:13 [bridge] Researcher: 0 unread
2026/5/1 19:59:13 [bridge] Analyst: 0 unread
2026/5/1 19:59:14 [bridge] Product: 0 unread
2026/5/1 19:59:14 [bridge] SNS: 0 unread
2026/5/1 20:00:08 [bridge] poll at 2026/5/1 20:00:08
2026/5/1 20:00:10 [bridge] AI-Project: 0 unread
2026/5/1 20:00:11 [bridge] Leader: 1 unread
2026/5/1 20:00:11 [bridge] Designer: 0 unread
2026/5/1 20:00:12 [bridge] Writer: 0 unread
2026/5/1 20:00:12 [bridge] Brunson: 0 unread
2026/5/1 20:00:13 [bridge] LP: 0 unread
2026/5/1 20:00:13 [bridge] Video: 0 unread
2026/5/1 20:00:14 [bridge] Researcher: 0 unread
2026/5/1 20:00:14 [bridge] Analyst: 0 unread
2026/5/1 20:00:15 [bridge] Product: 0 unread
2026/5/1 20:00:15 [bridge] SNS: 0 unread
2026/5/1 20:01:08 [bridge] poll at 2026/5/1 20:01:08
2026/5/1 20:01:09 [bridge] AI-Project: 0 unread
2026/5/1 20:01:10 [bridge] Leader: 1 unread
2026/5/1 20:01:10 [bridge] Designer: 0 unread
2026/5/1 20:01:11 [bridge] Writer: 0 unread
2026/5/1 20:01:11 [bridge] Brunson: 0 unread
2026/5/1 20:01:12 [bridge] LP: 0 unread
2026/5/1 20:01:12 [bridge] Video: 0 unread
2026/5/1 20:01:13 [bridge] Researcher: 0 unread
2026/5/1 20:01:13 [bridge] Analyst: 0 unread
2026/5/1 20:01:14 [bridge] Product: 0 unread
2026/5/1 20:01:14 [bridge] SNS: 0 unread
2026/5/1 20:02:08 [bridge] poll at 2026/5/1 20:02:08
2026/5/1 20:02:09 [bridge] AI-Project: 0 unread
2026/5/1 20:02:10 [bridge] Leader: 1 unread
2026/5/1 20:02:10 [bridge] Designer: 0 unread
2026/5/1 20:02:11 [bridge] Writer: 0 unread
2026/5/1 20:02:11 [bridge] Brunson: 0 unread
2026/5/1 20:02:12 [bridge] LP: 0 unread
2026/5/1 20:02:12 [bridge] Video: 0 unread
2026/5/1 20:02:13 [bridge] Researcher: 0 unread
2026/5/1 20:02:13 [bridge] Analyst: 0 unread
2026/5/1 20:02:14 [bridge] Product: 0 unread
2026/5/1 20:02:14 [bridge] SNS: 0 unread
2026/5/1 20:03:08 [bridge] poll at 2026/5/1 20:03:08
2026/5/1 20:03:09 [bridge] AI-Project: 0 unread
2026/5/1 20:03:10 [bridge] Leader: 1 unread
2026/5/1 20:03:10 [bridge] Designer: 0 unread
2026/5/1 20:03:11 [bridge] Writer: 0 unread
2026/5/1 20:03:11 [bridge] Brunson: 0 unread
2026/5/1 20:03:12 [bridge] LP: 0 unread
2026/5/1 20:03:12 [bridge] Video: 0 unread
2026/5/1 20:03:13 [bridge] Researcher: 0 unread
2026/5/1 20:03:13 [bridge] Analyst: 0 unread
2026/5/1 20:03:14 [bridge] Product: 0 unread
2026/5/1 20:03:14 [bridge] SNS: 0 unread
2026/5/1 20:04:08 [bridge] poll at 2026/5/1 20:04:08
2026/5/1 20:04:09 [bridge] AI-Project: 0 unread
2026/5/1 20:04:10 [bridge] Leader: 1 unread
2026/5/1 20:04:10 [bridge] Designer: 0 unread
2026/5/1 20:04:11 [bridge] Writer: 0 unread
2026/5/1 20:04:11 [bridge] Brunson: 0 unread
2026/5/1 20:04:12 [bridge] LP: 0 unread
2026/5/1 20:04:12 [bridge] Video: 0 unread
2026/5/1 20:04:13 [bridge] Researcher: 0 unread
2026/5/1 20:04:13 [bridge] Analyst: 0 unread
2026/5/1 20:04:14 [bridge] Product: 0 unread
2026/5/1 20:04:14 [bridge] SNS: 0 unread
2026/5/1 20:05:08 [bridge] poll at 2026/5/1 20:05:08
2026/5/1 20:05:09 [bridge] AI-Project: 0 unread
2026/5/1 20:05:10 [bridge] Leader: 1 unread
2026/5/1 20:05:10 [bridge] Designer: 0 unread
2026/5/1 20:05:11 [bridge] Writer: 0 unread
2026/5/1 20:05:11 [bridge] Brunson: 0 unread
2026/5/1 20:05:12 [bridge] LP: 0 unread
2026/5/1 20:05:12 [bridge] Video: 0 unread
2026/5/1 20:05:13 [bridge] Researcher: 0 unread
2026/5/1 20:05:13 [bridge] Analyst: 0 unread
2026/5/1 20:05:14 [bridge] Product: 0 unread
2026/5/1 20:05:14 [bridge] SNS: 0 unread
2026/5/1 20:06:08 [bridge] poll at 2026/5/1 20:06:08
2026/5/1 20:06:10 [bridge] AI-Project: 0 unread
2026/5/1 20:06:11 [bridge] Leader: 1 unread
2026/5/1 20:06:11 [bridge] Designer: 0 unread
2026/5/1 20:06:12 [bridge] Writer: 0 unread
2026/5/1 20:06:12 [bridge] Brunson: 0 unread
2026/5/1 20:06:13 [bridge] LP: 0 unread
2026/5/1 20:06:13 [bridge] Video: 0 unread
2026/5/1 20:06:14 [bridge] Researcher: 0 unread
2026/5/1 20:06:14 [bridge] Analyst: 0 unread
2026/5/1 20:06:15 [bridge] Product: 0 unread
2026/5/1 20:06:15 [bridge] SNS: 0 unread
2026/5/1 20:07:08 [bridge] poll at 2026/5/1 20:07:08
2026/5/1 20:07:09 [bridge] AI-Project: 0 unread
2026/5/1 20:07:10 [bridge] Leader: 1 unread
2026/5/1 20:07:10 [bridge] Designer: 0 unread
2026/5/1 20:07:11 [bridge] Writer: 0 unread
2026/5/1 20:07:11 [bridge] Brunson: 0 unread
2026/5/1 20:07:11 [bridge] LP: 0 unread
2026/5/1 20:07:12 [bridge] Video: 0 unread
2026/5/1 20:07:12 [bridge] Researcher: 0 unread
2026/5/1 20:07:13 [bridge] Analyst: 0 unread
2026/5/1 20:07:13 [bridge] Product: 0 unread
2026/5/1 20:07:14 [bridge] SNS: 0 unread
2026/5/1 20:08:09 [bridge] poll at 2026/5/1 20:08:09
2026/5/1 20:08:09 [bridge] AI-Project: 0 unread
2026/5/1 20:08:10 [bridge] Leader: 1 unread
2026/5/1 20:08:10 [bridge] Designer: 0 unread
2026/5/1 20:08:11 [bridge] Writer: 0 unread
2026/5/1 20:08:11 [bridge] Brunson: 0 unread
2026/5/1 20:08:12 [bridge] LP: 0 unread
2026/5/1 20:08:12 [bridge] Video: 0 unread
2026/5/1 20:08:13 [bridge] Researcher: 0 unread
2026/5/1 20:08:13 [bridge] Analyst: 0 unread
2026/5/1 20:08:14 [bridge] Product: 0 unread
2026/5/1 20:08:14 [bridge] SNS: 0 unread
2026/5/1 20:09:09 [bridge] poll at 2026/5/1 20:09:09
2026/5/1 20:09:09 [bridge] AI-Project: 0 unread
2026/5/1 20:09:10 [bridge] Leader: 1 unread
2026/5/1 20:09:10 [bridge] Designer: 0 unread
2026/5/1 20:09:11 [bridge] Writer: 0 unread
2026/5/1 20:09:11 [bridge] Brunson: 0 unread
2026/5/1 20:09:12 [bridge] LP: 0 unread
2026/5/1 20:09:12 [bridge] Video: 0 unread
2026/5/1 20:09:12 [bridge] Researcher: 0 unread
2026/5/1 20:09:13 [bridge] Analyst: 0 unread
2026/5/1 20:09:13 [bridge] Product: 0 unread
2026/5/1 20:09:14 [bridge] SNS: 0 unread
2026/5/1 20:10:09 [bridge] poll at 2026/5/1 20:10:09
2026/5/1 20:10:09 [bridge] AI-Project: 0 unread
2026/5/1 20:10:10 [bridge] Leader: 1 unread
2026/5/1 20:10:10 [bridge] Designer: 0 unread
2026/5/1 20:10:11 [bridge] Writer: 0 unread
2026/5/1 20:10:11 [bridge] Brunson: 0 unread
2026/5/1 20:10:12 [bridge] LP: 0 unread
2026/5/1 20:10:12 [bridge] Video: 0 unread
2026/5/1 20:10:13 [bridge] Researcher: 0 unread
2026/5/1 20:10:13 [bridge] Analyst: 0 unread
2026/5/1 20:10:14 [bridge] Product: 0 unread
2026/5/1 20:10:14 [bridge] SNS: 0 unread
2026/5/1 20:11:09 [bridge] poll at 2026/5/1 20:11:09
2026/5/1 20:11:09 [bridge] AI-Project: 0 unread
2026/5/1 20:11:10 [bridge] Leader: 1 unread
2026/5/1 20:11:10 [bridge] Designer: 0 unread
2026/5/1 20:11:11 [bridge] Writer: 0 unread
2026/5/1 20:11:11 [bridge] Brunson: 0 unread
2026/5/1 20:11:12 [bridge] LP: 0 unread
2026/5/1 20:11:12 [bridge] Video: 0 unread
2026/5/1 20:11:12 [bridge] Researcher: 0 unread
2026/5/1 20:11:13 [bridge] Analyst: 0 unread
2026/5/1 20:11:13 [bridge] Product: 0 unread
2026/5/1 20:11:14 [bridge] SNS: 0 unread
2026/5/1 20:12:09 [bridge] poll at 2026/5/1 20:12:09
2026/5/1 20:12:10 [bridge] AI-Project: 0 unread
2026/5/1 20:12:11 [bridge] Leader: 1 unread
2026/5/1 20:12:12 [bridge] Designer: 0 unread
2026/5/1 20:12:12 [bridge] Writer: 0 unread
2026/5/1 20:12:13 [bridge] Brunson: 0 unread
2026/5/1 20:12:13 [bridge] LP: 0 unread
2026/5/1 20:12:14 [bridge] Video: 0 unread
2026/5/1 20:12:14 [bridge] Researcher: 0 unread
2026/5/1 20:12:15 [bridge] Analyst: 0 unread
2026/5/1 20:12:15 [bridge] Product: 0 unread
2026/5/1 20:12:16 [bridge] SNS: 0 unread
2026/5/1 20:13:09 [bridge] poll at 2026/5/1 20:13:09
2026/5/1 20:13:09 [bridge] AI-Project: 0 unread
2026/5/1 20:13:10 [bridge] Leader: 1 unread
2026/5/1 20:13:10 [bridge] Designer: 0 unread
2026/5/1 20:13:11 [bridge] Writer: 0 unread
2026/5/1 20:13:11 [bridge] Brunson: 0 unread
2026/5/1 20:13:12 [bridge] LP: 0 unread
2026/5/1 20:13:12 [bridge] Video: 0 unread
2026/5/1 20:13:12 [bridge] Researcher: 0 unread
2026/5/1 20:13:13 [bridge] Analyst: 0 unread
2026/5/1 20:13:13 [bridge] Product: 0 unread
2026/5/1 20:13:14 [bridge] SNS: 0 unread
2026/5/1 20:14:09 [bridge] poll at 2026/5/1 20:14:09
2026/5/1 20:14:09 [bridge] AI-Project: 0 unread
2026/5/1 20:14:10 [bridge] Leader: 1 unread
2026/5/1 20:14:10 [bridge] Designer: 0 unread
2026/5/1 20:14:11 [bridge] Writer: 0 unread
2026/5/1 20:14:11 [bridge] Brunson: 0 unread
2026/5/1 20:14:12 [bridge] LP: 0 unread
2026/5/1 20:14:12 [bridge] Video: 0 unread
2026/5/1 20:14:12 [bridge] Researcher: 0 unread
2026/5/1 20:14:13 [bridge] Analyst: 0 unread
2026/5/1 20:14:13 [bridge] Product: 0 unread
2026/5/1 20:14:14 [bridge] SNS: 0 unread
2026/5/1 20:15:09 [bridge] poll at 2026/5/1 20:15:09
2026/5/1 20:15:09 [bridge] AI-Project: 0 unread
2026/5/1 20:15:10 [bridge] Leader: 1 unread
2026/5/1 20:15:10 [bridge] Designer: 0 unread
2026/5/1 20:15:11 [bridge] Writer: 0 unread
2026/5/1 20:15:11 [bridge] Brunson: 0 unread
2026/5/1 20:15:12 [bridge] LP: 0 unread
2026/5/1 20:15:12 [bridge] Video: 0 unread
2026/5/1 20:15:13 [bridge] Researcher: 0 unread
2026/5/1 20:15:13 [bridge] Analyst: 0 unread
2026/5/1 20:15:14 [bridge] Product: 0 unread
2026/5/1 20:15:14 [bridge] SNS: 0 unread
2026/5/1 20:16:09 [bridge] poll at 2026/5/1 20:16:09
2026/5/1 20:16:09 [bridge] AI-Project: 0 unread
2026/5/1 20:16:10 [bridge] Leader: 1 unread
2026/5/1 20:16:10 [bridge] Designer: 0 unread
2026/5/1 20:16:11 [bridge] Writer: 0 unread
2026/5/1 20:16:11 [bridge] Brunson: 0 unread
2026/5/1 20:16:12 [bridge] LP: 0 unread
2026/5/1 20:16:12 [bridge] Video: 0 unread
2026/5/1 20:16:12 [bridge] Researcher: 0 unread
2026/5/1 20:16:13 [bridge] Analyst: 0 unread
2026/5/1 20:16:13 [bridge] Product: 0 unread
2026/5/1 20:16:14 [bridge] SNS: 0 unread
2026/5/1 20:17:09 [bridge] poll at 2026/5/1 20:17:09
2026/5/1 20:17:09 [bridge] AI-Project: 0 unread
2026/5/1 20:17:10 [bridge] Leader: 1 unread
2026/5/1 20:17:10 [bridge] Designer: 0 unread
2026/5/1 20:17:11 [bridge] Writer: 0 unread
2026/5/1 20:17:11 [bridge] Brunson: 0 unread
2026/5/1 20:17:12 [bridge] LP: 0 unread
2026/5/1 20:17:12 [bridge] Video: 0 unread
2026/5/1 20:17:13 [bridge] Researcher: 0 unread
2026/5/1 20:17:13 [bridge] Analyst: 0 unread
2026/5/1 20:17:13 [bridge] Product: 0 unread
2026/5/1 20:17:14 [bridge] SNS: 0 unread
2026/5/1 20:18:09 [bridge] poll at 2026/5/1 20:18:09
2026/5/1 20:18:10 [bridge] AI-Project: 0 unread
2026/5/1 20:18:11 [bridge] Leader: 1 unread
2026/5/1 20:18:12 [bridge] Designer: 0 unread
2026/5/1 20:18:12 [bridge] Writer: 0 unread
2026/5/1 20:18:13 [bridge] Brunson: 0 unread
2026/5/1 20:18:13 [bridge] LP: 0 unread
2026/5/1 20:18:13 [bridge] Video: 0 unread
2026/5/1 20:18:14 [bridge] Researcher: 0 unread
2026/5/1 20:18:14 [bridge] Analyst: 0 unread
2026/5/1 20:18:15 [bridge] Product: 0 unread
2026/5/1 20:18:15 [bridge] SNS: 0 unread
2026/5/1 20:19:09 [bridge] poll at 2026/5/1 20:19:09
2026/5/1 20:19:09 [bridge] AI-Project: 0 unread
2026/5/1 20:19:10 [bridge] Leader: 1 unread
2026/5/1 20:19:10 [bridge] Designer: 0 unread
2026/5/1 20:19:11 [bridge] Writer: 0 unread
2026/5/1 20:19:11 [bridge] Brunson: 0 unread
2026/5/1 20:19:12 [bridge] LP: 0 unread
2026/5/1 20:19:12 [bridge] Video: 0 unread
2026/5/1 20:19:13 [bridge] Researcher: 0 unread
2026/5/1 20:19:13 [bridge] Analyst: 0 unread
2026/5/1 20:19:14 [bridge] Product: 0 unread
2026/5/1 20:19:14 [bridge] SNS: 0 unread
2026/5/1 20:20:09 [bridge] poll at 2026/5/1 20:20:09
2026/5/1 20:20:09 [bridge] AI-Project: 0 unread
2026/5/1 20:20:10 [bridge] Leader: 1 unread
2026/5/1 20:20:10 [bridge] Designer: 0 unread
2026/5/1 20:20:11 [bridge] Writer: 0 unread
2026/5/1 20:20:11 [bridge] Brunson: 0 unread
2026/5/1 20:20:12 [bridge] LP: 0 unread
2026/5/1 20:20:12 [bridge] Video: 0 unread
2026/5/1 20:20:12 [bridge] Researcher: 0 unread
2026/5/1 20:20:13 [bridge] Analyst: 0 unread
2026/5/1 20:20:13 [bridge] Product: 0 unread
2026/5/1 20:20:14 [bridge] SNS: 0 unread
2026/5/1 20:21:09 [bridge] poll at 2026/5/1 20:21:09
2026/5/1 20:21:09 [bridge] AI-Project: 0 unread
2026/5/1 20:21:10 [bridge] Leader: 1 unread
2026/5/1 20:21:10 [bridge] Designer: 0 unread
2026/5/1 20:21:11 [bridge] Writer: 0 unread
2026/5/1 20:21:11 [bridge] Brunson: 0 unread
2026/5/1 20:21:12 [bridge] LP: 0 unread
2026/5/1 20:21:12 [bridge] Video: 0 unread
2026/5/1 20:21:13 [bridge] Researcher: 0 unread
2026/5/1 20:21:13 [bridge] Analyst: 0 unread
2026/5/1 20:21:14 [bridge] Product: 0 unread
2026/5/1 20:21:14 [bridge] SNS: 0 unread
2026/5/1 20:22:09 [bridge] poll at 2026/5/1 20:22:09
2026/5/1 20:22:09 [bridge] AI-Project: 0 unread
2026/5/1 20:22:10 [bridge] Leader: 1 unread
2026/5/1 20:22:11 [bridge] Designer: 0 unread
2026/5/1 20:22:11 [bridge] Writer: 0 unread
2026/5/1 20:22:12 [bridge] Brunson: 0 unread
2026/5/1 20:22:12 [bridge] LP: 0 unread
2026/5/1 20:22:13 [bridge] Video: 0 unread
2026/5/1 20:22:13 [bridge] Researcher: 0 unread
2026/5/1 20:22:14 [bridge] Analyst: 0 unread
2026/5/1 20:22:14 [bridge] Product: 0 unread
2026/5/1 20:22:15 [bridge] SNS: 0 unread
2026/5/1 20:23:09 [bridge] poll at 2026/5/1 20:23:09
2026/5/1 20:23:09 [bridge] AI-Project: 0 unread
2026/5/1 20:23:10 [bridge] Leader: 1 unread
2026/5/1 20:23:11 [bridge] Designer: 0 unread
2026/5/1 20:23:11 [bridge] Writer: 0 unread
2026/5/1 20:23:12 [bridge] Brunson: 0 unread
2026/5/1 20:23:12 [bridge] LP: 0 unread
2026/5/1 20:23:13 [bridge] Video: 0 unread
2026/5/1 20:23:13 [bridge] Researcher: 0 unread
2026/5/1 20:23:14 [bridge] Analyst: 0 unread
2026/5/1 20:23:14 [bridge] Product: 0 unread
2026/5/1 20:23:15 [bridge] SNS: 0 unread
2026/5/1 20:24:09 [bridge] poll at 2026/5/1 20:24:09
2026/5/1 20:24:11 [bridge] AI-Project: 0 unread
2026/5/1 20:24:11 [bridge] Leader: 1 unread
2026/5/1 20:24:12 [bridge] Designer: 0 unread
2026/5/1 20:24:12 [bridge] Writer: 0 unread
2026/5/1 20:24:13 [bridge] Brunson: 0 unread
2026/5/1 20:24:13 [bridge] LP: 0 unread
2026/5/1 20:24:14 [bridge] Video: 0 unread
2026/5/1 20:24:14 [bridge] Researcher: 0 unread
2026/5/1 20:24:15 [bridge] Analyst: 0 unread
2026/5/1 20:24:15 [bridge] Product: 0 unread
2026/5/1 20:24:16 [bridge] SNS: 0 unread
2026/5/1 20:25:09 [bridge] poll at 2026/5/1 20:25:09
2026/5/1 20:25:09 [bridge] AI-Project: 0 unread
2026/5/1 20:25:10 [bridge] Leader: 1 unread
2026/5/1 20:25:10 [bridge] Designer: 0 unread
2026/5/1 20:25:11 [bridge] Writer: 0 unread
2026/5/1 20:25:11 [bridge] Brunson: 0 unread
2026/5/1 20:25:12 [bridge] LP: 0 unread
2026/5/1 20:25:12 [bridge] Video: 0 unread
2026/5/1 20:25:13 [bridge] Researcher: 0 unread
2026/5/1 20:25:13 [bridge] Analyst: 0 unread
2026/5/1 20:25:13 [bridge] Product: 0 unread
2026/5/1 20:25:14 [bridge] SNS: 0 unread
2026/5/1 20:26:09 [bridge] poll at 2026/5/1 20:26:09
2026/5/1 20:26:09 [bridge] AI-Project: 0 unread
2026/5/1 20:26:10 [bridge] Leader: 1 unread
2026/5/1 20:26:11 [bridge] Designer: 0 unread
2026/5/1 20:26:11 [bridge] Writer: 0 unread
2026/5/1 20:26:11 [bridge] Brunson: 0 unread
2026/5/1 20:26:12 [bridge] LP: 0 unread
2026/5/1 20:26:12 [bridge] Video: 0 unread
2026/5/1 20:26:13 [bridge] Researcher: 0 unread
2026/5/1 20:26:13 [bridge] Analyst: 0 unread
2026/5/1 20:26:14 [bridge] Product: 0 unread
2026/5/1 20:26:14 [bridge] SNS: 0 unread
2026/5/1 20:27:09 [bridge] poll at 2026/5/1 20:27:09
2026/5/1 20:27:09 [bridge] AI-Project: 0 unread
2026/5/1 20:27:10 [bridge] Leader: 1 unread
2026/5/1 20:27:10 [bridge] Designer: 0 unread
2026/5/1 20:27:11 [bridge] Writer: 0 unread
2026/5/1 20:27:11 [bridge] Brunson: 0 unread
2026/5/1 20:27:12 [bridge] LP: 0 unread
2026/5/1 20:27:12 [bridge] Video: 0 unread
2026/5/1 20:27:12 [bridge] Researcher: 0 unread
2026/5/1 20:27:13 [bridge] Analyst: 0 unread
2026/5/1 20:27:13 [bridge] Product: 0 unread
2026/5/1 20:27:14 [bridge] SNS: 0 unread
2026/5/1 20:28:09 [bridge] poll at 2026/5/1 20:28:09
2026/5/1 20:28:10 [bridge] AI-Project: 0 unread
2026/5/1 20:28:10 [bridge] Leader: 1 unread
2026/5/1 20:28:11 [bridge] Designer: 0 unread
2026/5/1 20:28:11 [bridge] Writer: 0 unread
2026/5/1 20:28:12 [bridge] Brunson: 0 unread
2026/5/1 20:28:12 [bridge] LP: 0 unread
2026/5/1 20:28:13 [bridge] Video: 0 unread
2026/5/1 20:28:13 [bridge] Researcher: 0 unread
2026/5/1 20:28:14 [bridge] Analyst: 0 unread
2026/5/1 20:28:14 [bridge] Product: 0 unread
2026/5/1 20:28:15 [bridge] SNS: 0 unread
2026/5/1 20:29:09 [bridge] poll at 2026/5/1 20:29:09
2026/5/1 20:29:09 [bridge] AI-Project: 0 unread
2026/5/1 20:29:10 [bridge] Leader: 1 unread
2026/5/1 20:29:11 [bridge] Designer: 0 unread
2026/5/1 20:29:11 [bridge] Writer: 0 unread
2026/5/1 20:29:12 [bridge] Brunson: 0 unread
2026/5/1 20:29:12 [bridge] LP: 0 unread
2026/5/1 20:29:13 [bridge] Video: 0 unread
2026/5/1 20:29:13 [bridge] Researcher: 0 unread
2026/5/1 20:29:14 [bridge] Analyst: 0 unread
2026/5/1 20:29:14 [bridge] Product: 0 unread
2026/5/1 20:29:15 [bridge] SNS: 0 unread
2026/5/1 20:30:09 [bridge] poll at 2026/5/1 20:30:09
2026/5/1 20:30:11 [bridge] AI-Project: 0 unread
2026/5/1 20:30:11 [bridge] Leader: 1 unread
2026/5/1 20:30:12 [bridge] Designer: 0 unread
2026/5/1 20:30:12 [bridge] Writer: 0 unread
2026/5/1 20:30:13 [bridge] Brunson: 0 unread
2026/5/1 20:30:13 [bridge] LP: 0 unread
2026/5/1 20:30:14 [bridge] Video: 0 unread
2026/5/1 20:30:14 [bridge] Researcher: 0 unread
2026/5/1 20:30:15 [bridge] Analyst: 0 unread
2026/5/1 20:30:15 [bridge] Product: 0 unread
2026/5/1 20:30:16 [bridge] SNS: 0 unread
2026/5/1 20:31:09 [bridge] poll at 2026/5/1 20:31:09
2026/5/1 20:31:09 [bridge] AI-Project: 0 unread
2026/5/1 20:31:10 [bridge] Leader: 1 unread
2026/5/1 20:31:11 [bridge] Designer: 0 unread
2026/5/1 20:31:11 [bridge] Writer: 0 unread
2026/5/1 20:31:12 [bridge] Brunson: 0 unread
2026/5/1 20:31:12 [bridge] LP: 0 unread
2026/5/1 20:31:13 [bridge] Video: 0 unread
2026/5/1 20:31:13 [bridge] Researcher: 0 unread
2026/5/1 20:31:14 [bridge] Analyst: 0 unread
2026/5/1 20:31:14 [bridge] Product: 0 unread
2026/5/1 20:31:15 [bridge] SNS: 0 unread
2026/5/1 20:32:09 [bridge] poll at 2026/5/1 20:32:09
2026/5/1 20:32:09 [bridge] AI-Project: 0 unread
2026/5/1 20:32:10 [bridge] Leader: 1 unread
2026/5/1 20:32:11 [bridge] Designer: 0 unread
2026/5/1 20:32:11 [bridge] Writer: 0 unread
2026/5/1 20:32:12 [bridge] Brunson: 0 unread
2026/5/1 20:32:12 [bridge] LP: 0 unread
2026/5/1 20:32:13 [bridge] Video: 0 unread
2026/5/1 20:32:13 [bridge] Researcher: 0 unread
2026/5/1 20:32:14 [bridge] Analyst: 0 unread
2026/5/1 20:32:14 [bridge] Product: 0 unread
2026/5/1 20:32:15 [bridge] SNS: 0 unread
2026/5/1 20:33:09 [bridge] poll at 2026/5/1 20:33:09
2026/5/1 20:33:10 [bridge] AI-Project: 0 unread
2026/5/1 20:33:10 [bridge] Leader: 1 unread
2026/5/1 20:33:11 [bridge] Designer: 0 unread
2026/5/1 20:33:11 [bridge] Writer: 0 unread
2026/5/1 20:33:12 [bridge] Brunson: 0 unread
2026/5/1 20:33:12 [bridge] LP: 0 unread
2026/5/1 20:33:13 [bridge] Video: 0 unread
2026/5/1 20:33:13 [bridge] Researcher: 0 unread
2026/5/1 20:33:14 [bridge] Analyst: 0 unread
2026/5/1 20:33:14 [bridge] Product: 0 unread
2026/5/1 20:33:15 [bridge] SNS: 0 unread
2026/5/1 20:34:09 [bridge] poll at 2026/5/1 20:34:09
2026/5/1 20:34:09 [bridge] AI-Project: 0 unread
2026/5/1 20:34:10 [bridge] Leader: 1 unread
2026/5/1 20:34:11 [bridge] Designer: 0 unread
2026/5/1 20:34:11 [bridge] Writer: 0 unread
2026/5/1 20:34:12 [bridge] Brunson: 0 unread
2026/5/1 20:34:12 [bridge] LP: 0 unread
2026/5/1 20:34:13 [bridge] Video: 0 unread
2026/5/1 20:34:13 [bridge] Researcher: 0 unread
2026/5/1 20:34:14 [bridge] Analyst: 0 unread
2026/5/1 20:34:14 [bridge] Product: 0 unread
2026/5/1 20:34:15 [bridge] SNS: 0 unread
2026/5/1 20:35:09 [bridge] poll at 2026/5/1 20:35:09
2026/5/1 20:35:09 [bridge] AI-Project: 0 unread
2026/5/1 20:35:10 [bridge] Leader: 1 unread
2026/5/1 20:35:10 [bridge] Designer: 0 unread
2026/5/1 20:35:11 [bridge] Writer: 0 unread
2026/5/1 20:35:11 [bridge] Brunson: 0 unread
2026/5/1 20:35:12 [bridge] LP: 0 unread
2026/5/1 20:35:12 [bridge] Video: 0 unread
2026/5/1 20:35:13 [bridge] Researcher: 0 unread
2026/5/1 20:35:13 [bridge] Analyst: 0 unread
2026/5/1 20:35:14 [bridge] Product: 0 unread
2026/5/1 20:35:14 [bridge] SNS: 0 unread
2026/5/1 20:36:09 [bridge] poll at 2026/5/1 20:36:09
2026/5/1 20:36:10 [bridge] AI-Project: 0 unread
2026/5/1 20:36:11 [bridge] Leader: 1 unread
2026/5/1 20:36:11 [bridge] Designer: 0 unread
2026/5/1 20:36:12 [bridge] Writer: 0 unread
2026/5/1 20:36:12 [bridge] Brunson: 0 unread
2026/5/1 20:36:13 [bridge] LP: 0 unread
2026/5/1 20:36:13 [bridge] Video: 0 unread
2026/5/1 20:36:14 [bridge] Researcher: 0 unread
2026/5/1 20:36:14 [bridge] Analyst: 0 unread
2026/5/1 20:36:14 [bridge] Product: 0 unread
2026/5/1 20:36:15 [bridge] SNS: 0 unread
2026/5/1 20:37:09 [bridge] poll at 2026/5/1 20:37:09
2026/5/1 20:37:10 [bridge] AI-Project: 0 unread
2026/5/1 20:37:10 [bridge] Leader: 1 unread
2026/5/1 20:37:11 [bridge] Designer: 0 unread
2026/5/1 20:37:11 [bridge] Writer: 0 unread
2026/5/1 20:37:12 [bridge] Brunson: 0 unread
2026/5/1 20:37:12 [bridge] LP: 0 unread
2026/5/1 20:37:13 [bridge] Video: 0 unread
2026/5/1 20:37:13 [bridge] Researcher: 0 unread
2026/5/1 20:37:14 [bridge] Analyst: 0 unread
2026/5/1 20:37:14 [bridge] Product: 0 unread
2026/5/1 20:37:15 [bridge] SNS: 0 unread
2026/5/1 20:38:09 [bridge] poll at 2026/5/1 20:38:09
2026/5/1 20:38:10 [bridge] AI-Project: 0 unread
2026/5/1 20:38:10 [bridge] Leader: 1 unread
2026/5/1 20:38:11 [bridge] Designer: 0 unread
2026/5/1 20:38:11 [bridge] Writer: 0 unread
2026/5/1 20:38:12 [bridge] Brunson: 0 unread
2026/5/1 20:38:12 [bridge] LP: 0 unread
2026/5/1 20:38:13 [bridge] Video: 0 unread
2026/5/1 20:38:13 [bridge] Researcher: 0 unread
2026/5/1 20:38:14 [bridge] Analyst: 0 unread
2026/5/1 20:38:14 [bridge] Product: 0 unread
2026/5/1 20:38:15 [bridge] SNS: 0 unread
2026/5/1 20:39:09 [bridge] poll at 2026/5/1 20:39:09
2026/5/1 20:39:10 [bridge] AI-Project: 0 unread
2026/5/1 20:39:10 [bridge] Leader: 1 unread
2026/5/1 20:39:11 [bridge] Designer: 0 unread
2026/5/1 20:39:11 [bridge] Writer: 0 unread
2026/5/1 20:39:12 [bridge] Brunson: 0 unread
2026/5/1 20:39:12 [bridge] LP: 0 unread
2026/5/1 20:39:13 [bridge] Video: 0 unread
2026/5/1 20:39:13 [bridge] Researcher: 0 unread
2026/5/1 20:39:14 [bridge] Analyst: 0 unread
2026/5/1 20:39:14 [bridge] Product: 0 unread
2026/5/1 20:39:15 [bridge] SNS: 0 unread
2026/5/1 20:40:09 [bridge] poll at 2026/5/1 20:40:09
2026/5/1 20:40:10 [bridge] AI-Project: 0 unread
2026/5/1 20:40:10 [bridge] Leader: 1 unread
2026/5/1 20:40:11 [bridge] Designer: 0 unread
2026/5/1 20:40:11 [bridge] Writer: 0 unread
2026/5/1 20:40:12 [bridge] Brunson: 0 unread
2026/5/1 20:40:12 [bridge] LP: 0 unread
2026/5/1 20:40:13 [bridge] Video: 0 unread
2026/5/1 20:40:13 [bridge] Researcher: 0 unread
2026/5/1 20:40:14 [bridge] Analyst: 0 unread
2026/5/1 20:40:14 [bridge] Product: 0 unread
2026/5/1 20:40:15 [bridge] SNS: 0 unread
2026/5/1 20:41:09 [bridge] poll at 2026/5/1 20:41:09
2026/5/1 20:41:10 [bridge] AI-Project: 0 unread
2026/5/1 20:41:10 [bridge] Leader: 1 unread
2026/5/1 20:41:11 [bridge] Designer: 0 unread
2026/5/1 20:41:11 [bridge] Writer: 0 unread
2026/5/1 20:41:12 [bridge] Brunson: 0 unread
2026/5/1 20:41:12 [bridge] LP: 0 unread
2026/5/1 20:41:13 [bridge] Video: 0 unread
2026/5/1 20:41:13 [bridge] Researcher: 0 unread
2026/5/1 20:41:14 [bridge] Analyst: 0 unread
2026/5/1 20:41:14 [bridge] Product: 0 unread
2026/5/1 20:41:15 [bridge] SNS: 0 unread
2026/5/1 20:42:09 [bridge] poll at 2026/5/1 20:42:09
2026/5/1 20:42:11 [bridge] AI-Project: 0 unread
2026/5/1 20:42:11 [bridge] Leader: 1 unread
2026/5/1 20:42:12 [bridge] Designer: 0 unread
2026/5/1 20:42:12 [bridge] Writer: 0 unread
2026/5/1 20:42:13 [bridge] Brunson: 0 unread
2026/5/1 20:42:13 [bridge] LP: 0 unread
2026/5/1 20:42:14 [bridge] Video: 0 unread
2026/5/1 20:42:14 [bridge] Researcher: 0 unread
2026/5/1 20:42:15 [bridge] Analyst: 0 unread
2026/5/1 20:42:15 [bridge] Product: 0 unread
2026/5/1 20:42:16 [bridge] SNS: 0 unread
2026/5/1 20:43:09 [bridge] poll at 2026/5/1 20:43:09
2026/5/1 20:43:10 [bridge] AI-Project: 0 unread
2026/5/1 20:43:10 [bridge] Leader: 1 unread
2026/5/1 20:43:11 [bridge] Designer: 0 unread
2026/5/1 20:43:11 [bridge] Writer: 0 unread
2026/5/1 20:43:12 [bridge] Brunson: 0 unread
2026/5/1 20:43:12 [bridge] LP: 0 unread
2026/5/1 20:43:13 [bridge] Video: 0 unread
2026/5/1 20:43:13 [bridge] Researcher: 0 unread
2026/5/1 20:43:14 [bridge] Analyst: 0 unread
2026/5/1 20:43:14 [bridge] Product: 0 unread
2026/5/1 20:43:15 [bridge] SNS: 0 unread
2026/5/1 20:44:09 [bridge] poll at 2026/5/1 20:44:09
2026/5/1 20:44:10 [bridge] AI-Project: 0 unread
2026/5/1 20:44:10 [bridge] Leader: 1 unread
2026/5/1 20:44:11 [bridge] Designer: 0 unread
2026/5/1 20:44:11 [bridge] Writer: 0 unread
2026/5/1 20:44:12 [bridge] Brunson: 0 unread
2026/5/1 20:44:12 [bridge] LP: 0 unread
2026/5/1 20:44:13 [bridge] Video: 0 unread
2026/5/1 20:44:13 [bridge] Researcher: 0 unread
2026/5/1 20:44:14 [bridge] Analyst: 0 unread
2026/5/1 20:44:14 [bridge] Product: 0 unread
2026/5/1 20:44:15 [bridge] SNS: 0 unread
2026/5/1 20:45:09 [bridge] poll at 2026/5/1 20:45:09
2026/5/1 20:45:10 [bridge] AI-Project: 0 unread
2026/5/1 20:45:10 [bridge] Leader: 1 unread
2026/5/1 20:45:11 [bridge] Designer: 0 unread
2026/5/1 20:45:11 [bridge] Writer: 0 unread
2026/5/1 20:45:12 [bridge] Brunson: 0 unread
2026/5/1 20:45:12 [bridge] LP: 0 unread
2026/5/1 20:45:13 [bridge] Video: 0 unread
2026/5/1 20:45:13 [bridge] Researcher: 0 unread
2026/5/1 20:45:14 [bridge] Analyst: 0 unread
2026/5/1 20:45:14 [bridge] Product: 0 unread
2026/5/1 20:45:15 [bridge] SNS: 0 unread
2026/5/1 20:46:09 [bridge] poll at 2026/5/1 20:46:09
2026/5/1 20:46:10 [bridge] AI-Project: 0 unread
2026/5/1 20:46:10 [bridge] Leader: 1 unread
2026/5/1 20:46:11 [bridge] Designer: 0 unread
2026/5/1 20:46:11 [bridge] Writer: 0 unread
2026/5/1 20:46:12 [bridge] Brunson: 0 unread
2026/5/1 20:46:12 [bridge] LP: 0 unread
2026/5/1 20:46:13 [bridge] Video: 0 unread
2026/5/1 20:46:13 [bridge] Researcher: 0 unread
2026/5/1 20:46:14 [bridge] Analyst: 0 unread
2026/5/1 20:46:14 [bridge] Product: 0 unread
2026/5/1 20:46:15 [bridge] SNS: 0 unread
2026/5/1 20:47:09 [bridge] poll at 2026/5/1 20:47:09
2026/5/1 20:47:10 [bridge] AI-Project: 0 unread
2026/5/1 20:47:10 [bridge] Leader: 1 unread
2026/5/1 20:47:11 [bridge] Designer: 0 unread
2026/5/1 20:47:11 [bridge] Writer: 0 unread
2026/5/1 20:47:12 [bridge] Brunson: 0 unread
2026/5/1 20:47:12 [bridge] LP: 0 unread
2026/5/1 20:47:13 [bridge] Video: 0 unread
2026/5/1 20:47:13 [bridge] Researcher: 0 unread
2026/5/1 20:47:14 [bridge] Analyst: 0 unread
2026/5/1 20:47:14 [bridge] Product: 0 unread
2026/5/1 20:47:15 [bridge] SNS: 0 unread
2026/5/1 20:48:09 [bridge] poll at 2026/5/1 20:48:09
2026/5/1 20:48:11 [bridge] AI-Project: 0 unread
2026/5/1 20:48:11 [bridge] Leader: 1 unread
2026/5/1 20:48:12 [bridge] Designer: 0 unread
2026/5/1 20:48:12 [bridge] Writer: 0 unread
2026/5/1 20:48:13 [bridge] Brunson: 0 unread
2026/5/1 20:48:13 [bridge] LP: 0 unread
2026/5/1 20:48:14 [bridge] Video: 0 unread
2026/5/1 20:48:14 [bridge] Researcher: 0 unread
2026/5/1 20:48:15 [bridge] Analyst: 0 unread
2026/5/1 20:48:15 [bridge] Product: 0 unread
2026/5/1 20:48:16 [bridge] SNS: 0 unread
2026/5/1 20:49:09 [bridge] poll at 2026/5/1 20:49:09
2026/5/1 20:49:10 [bridge] AI-Project: 0 unread
2026/5/1 20:49:10 [bridge] Leader: 1 unread
2026/5/1 20:49:11 [bridge] Designer: 0 unread
2026/5/1 20:49:11 [bridge] Writer: 0 unread
2026/5/1 20:49:12 [bridge] Brunson: 0 unread
2026/5/1 20:49:12 [bridge] LP: 0 unread
2026/5/1 20:49:13 [bridge] Video: 0 unread
2026/5/1 20:49:13 [bridge] Researcher: 0 unread
2026/5/1 20:49:14 [bridge] Analyst: 0 unread
2026/5/1 20:49:14 [bridge] Product: 0 unread
2026/5/1 20:49:15 [bridge] SNS: 0 unread
2026/5/1 20:50:09 [bridge] poll at 2026/5/1 20:50:09
2026/5/1 20:50:09 [bridge] AI-Project: 0 unread
2026/5/1 20:50:10 [bridge] Leader: 1 unread
2026/5/1 20:50:11 [bridge] Designer: 0 unread
2026/5/1 20:50:11 [bridge] Writer: 0 unread
2026/5/1 20:50:11 [bridge] Brunson: 0 unread
2026/5/1 20:50:12 [bridge] LP: 0 unread
2026/5/1 20:50:12 [bridge] Video: 0 unread
2026/5/1 20:50:13 [bridge] Researcher: 0 unread
2026/5/1 20:50:13 [bridge] Analyst: 0 unread
2026/5/1 20:50:14 [bridge] Product: 0 unread
2026/5/1 20:50:14 [bridge] SNS: 0 unread
2026/5/1 20:51:09 [bridge] poll at 2026/5/1 20:51:09
2026/5/1 20:51:10 [bridge] AI-Project: 0 unread
2026/5/1 20:51:10 [bridge] Leader: 1 unread
2026/5/1 20:51:11 [bridge] Designer: 0 unread
2026/5/1 20:51:11 [bridge] Writer: 0 unread
2026/5/1 20:51:12 [bridge] Brunson: 0 unread
2026/5/1 20:51:12 [bridge] LP: 0 unread
2026/5/1 20:51:13 [bridge] Video: 0 unread
2026/5/1 20:51:13 [bridge] Researcher: 0 unread
2026/5/1 20:51:14 [bridge] Analyst: 0 unread
2026/5/1 20:51:14 [bridge] Product: 0 unread
2026/5/1 20:51:15 [bridge] SNS: 0 unread
2026/5/1 20:52:09 [bridge] poll at 2026/5/1 20:52:09
2026/5/1 20:52:10 [bridge] AI-Project: 0 unread
2026/5/1 20:52:10 [bridge] Leader: 1 unread
2026/5/1 20:52:11 [bridge] Designer: 0 unread
2026/5/1 20:52:11 [bridge] Writer: 0 unread
2026/5/1 20:52:11 [bridge] Brunson: 0 unread
2026/5/1 20:52:12 [bridge] LP: 0 unread
2026/5/1 20:52:12 [bridge] Video: 0 unread
2026/5/1 20:52:13 [bridge] Researcher: 0 unread
2026/5/1 20:52:13 [bridge] Analyst: 0 unread
2026/5/1 20:52:14 [bridge] Product: 0 unread
2026/5/1 20:52:14 [bridge] SNS: 0 unread
2026/5/1 20:53:09 [bridge] poll at 2026/5/1 20:53:09
2026/5/1 20:53:10 [bridge] AI-Project: 0 unread
2026/5/1 20:53:10 [bridge] Leader: 1 unread
2026/5/1 20:53:11 [bridge] Designer: 0 unread
2026/5/1 20:53:11 [bridge] Writer: 0 unread
2026/5/1 20:53:12 [bridge] Brunson: 0 unread
2026/5/1 20:53:12 [bridge] LP: 0 unread
2026/5/1 20:53:13 [bridge] Video: 0 unread
2026/5/1 20:53:13 [bridge] Researcher: 0 unread
2026/5/1 20:53:14 [bridge] Analyst: 0 unread
2026/5/1 20:53:14 [bridge] Product: 0 unread
2026/5/1 20:53:15 [bridge] SNS: 0 unread
2026/5/1 20:54:09 [bridge] poll at 2026/5/1 20:54:09
2026/5/1 20:54:11 [bridge] AI-Project: 0 unread
2026/5/1 20:54:11 [bridge] Leader: 1 unread
2026/5/1 20:54:12 [bridge] Designer: 0 unread
2026/5/1 20:54:12 [bridge] Writer: 0 unread
2026/5/1 20:54:13 [bridge] Brunson: 0 unread
2026/5/1 20:54:13 [bridge] LP: 0 unread
2026/5/1 20:54:14 [bridge] Video: 0 unread
2026/5/1 20:54:14 [bridge] Researcher: 0 unread
2026/5/1 20:54:15 [bridge] Analyst: 0 unread
2026/5/1 20:54:15 [bridge] Product: 0 unread
2026/5/1 20:54:16 [bridge] SNS: 0 unread
2026/5/1 20:55:09 [bridge] poll at 2026/5/1 20:55:09
2026/5/1 20:55:10 [bridge] AI-Project: 0 unread
2026/5/1 20:55:10 [bridge] Leader: 1 unread
2026/5/1 20:55:11 [bridge] Designer: 0 unread
2026/5/1 20:55:11 [bridge] Writer: 0 unread
2026/5/1 20:55:12 [bridge] Brunson: 0 unread
2026/5/1 20:55:12 [bridge] LP: 0 unread
2026/5/1 20:55:13 [bridge] Video: 0 unread
2026/5/1 20:55:13 [bridge] Researcher: 0 unread
2026/5/1 20:55:14 [bridge] Analyst: 0 unread
2026/5/1 20:55:14 [bridge] Product: 0 unread
2026/5/1 20:55:15 [bridge] SNS: 0 unread
2026/5/1 20:56:09 [bridge] poll at 2026/5/1 20:56:09
2026/5/1 20:56:10 [bridge] AI-Project: 0 unread
2026/5/1 20:56:10 [bridge] Leader: 1 unread
2026/5/1 20:56:11 [bridge] Designer: 0 unread
2026/5/1 20:56:11 [bridge] Writer: 0 unread
2026/5/1 20:56:11 [bridge] Brunson: 0 unread
2026/5/1 20:56:12 [bridge] LP: 0 unread
2026/5/1 20:56:12 [bridge] Video: 0 unread
2026/5/1 20:56:13 [bridge] Researcher: 0 unread
2026/5/1 20:56:13 [bridge] Analyst: 0 unread
2026/5/1 20:56:14 [bridge] Product: 0 unread
2026/5/1 20:56:14 [bridge] SNS: 0 unread
2026/5/1 20:57:09 [bridge] poll at 2026/5/1 20:57:09
2026/5/1 20:57:10 [bridge] AI-Project: 0 unread
2026/5/1 20:57:10 [bridge] Leader: 1 unread
2026/5/1 20:57:11 [bridge] Designer: 0 unread
2026/5/1 20:57:11 [bridge] Writer: 0 unread
2026/5/1 20:57:12 [bridge] Brunson: 0 unread
2026/5/1 20:57:12 [bridge] LP: 0 unread
2026/5/1 20:57:13 [bridge] Video: 0 unread
2026/5/1 20:57:13 [bridge] Researcher: 0 unread
2026/5/1 20:57:14 [bridge] Analyst: 0 unread
2026/5/1 20:57:14 [bridge] Product: 0 unread
2026/5/1 20:57:15 [bridge] SNS: 0 unread
2026/5/1 20:58:09 [bridge] poll at 2026/5/1 20:58:09
2026/5/1 20:58:10 [bridge] AI-Project: 0 unread
2026/5/1 20:58:10 [bridge] Leader: 1 unread
2026/5/1 20:58:11 [bridge] Designer: 0 unread
2026/5/1 20:58:11 [bridge] Writer: 0 unread
2026/5/1 20:58:11 [bridge] Brunson: 0 unread
2026/5/1 20:58:12 [bridge] LP: 0 unread
2026/5/1 20:58:12 [bridge] Video: 0 unread
2026/5/1 20:58:13 [bridge] Researcher: 0 unread
2026/5/1 20:58:13 [bridge] Analyst: 0 unread
2026/5/1 20:58:14 [bridge] Product: 0 unread
2026/5/1 20:58:14 [bridge] SNS: 0 unread
2026/5/1 20:59:09 [bridge] poll at 2026/5/1 20:59:09
2026/5/1 20:59:10 [bridge] AI-Project: 0 unread
2026/5/1 20:59:10 [bridge] Leader: 1 unread
2026/5/1 20:59:11 [bridge] Designer: 0 unread
2026/5/1 20:59:11 [bridge] Writer: 0 unread
2026/5/1 20:59:11 [bridge] Brunson: 0 unread
2026/5/1 20:59:12 [bridge] LP: 0 unread
2026/5/1 20:59:12 [bridge] Video: 0 unread
2026/5/1 20:59:13 [bridge] Researcher: 0 unread
2026/5/1 20:59:13 [bridge] Analyst: 0 unread
2026/5/1 20:59:14 [bridge] Product: 0 unread
2026/5/1 20:59:14 [bridge] SNS: 0 unread
2026/5/1 21:00:09 [bridge] poll at 2026/5/1 21:00:09
2026/5/1 21:00:11 [bridge] AI-Project: 0 unread
2026/5/1 21:00:11 [bridge] Leader: 1 unread
2026/5/1 21:00:12 [bridge] Designer: 0 unread
2026/5/1 21:00:12 [bridge] Writer: 0 unread
2026/5/1 21:00:13 [bridge] Brunson: 0 unread
2026/5/1 21:00:13 [bridge] LP: 0 unread
2026/5/1 21:00:14 [bridge] Video: 0 unread
2026/5/1 21:00:14 [bridge] Researcher: 0 unread
2026/5/1 21:00:15 [bridge] Analyst: 0 unread
2026/5/1 21:00:15 [bridge] Product: 0 unread
2026/5/1 21:00:16 [bridge] SNS: 0 unread
2026/5/1 21:01:09 [bridge] poll at 2026/5/1 21:01:09
2026/5/1 21:01:10 [bridge] AI-Project: 0 unread
2026/5/1 21:01:10 [bridge] Leader: 1 unread
2026/5/1 21:01:11 [bridge] Designer: 0 unread
2026/5/1 21:01:11 [bridge] Writer: 0 unread
2026/5/1 21:01:12 [bridge] Brunson: 0 unread
2026/5/1 21:01:12 [bridge] LP: 0 unread
2026/5/1 21:01:13 [bridge] Video: 0 unread
2026/5/1 21:01:13 [bridge] Researcher: 0 unread
2026/5/1 21:01:13 [bridge] Analyst: 0 unread
2026/5/1 21:01:14 [bridge] Product: 0 unread
2026/5/1 21:01:14 [bridge] SNS: 0 unread
2026/5/1 21:02:09 [bridge] poll at 2026/5/1 21:02:09
2026/5/1 21:02:10 [bridge] AI-Project: 0 unread
2026/5/1 21:02:11 [bridge] Leader: 1 unread
2026/5/1 21:02:11 [bridge] Designer: 0 unread
2026/5/1 21:02:12 [bridge] Writer: 0 unread
2026/5/1 21:02:12 [bridge] Brunson: 0 unread
2026/5/1 21:02:13 [bridge] LP: 0 unread
2026/5/1 21:02:13 [bridge] Video: 0 unread
2026/5/1 21:02:14 [bridge] Researcher: 0 unread
2026/5/1 21:02:14 [bridge] Analyst: 0 unread
2026/5/1 21:02:15 [bridge] Product: 0 unread
2026/5/1 21:02:15 [bridge] SNS: 0 unread
2026/5/1 21:03:09 [bridge] poll at 2026/5/1 21:03:09
2026/5/1 21:03:10 [bridge] AI-Project: 0 unread
2026/5/1 21:03:10 [bridge] Leader: 1 unread
2026/5/1 21:03:11 [bridge] Designer: 0 unread
2026/5/1 21:03:11 [bridge] Writer: 0 unread
2026/5/1 21:03:12 [bridge] Brunson: 0 unread
2026/5/1 21:03:12 [bridge] LP: 0 unread
2026/5/1 21:03:13 [bridge] Video: 0 unread
2026/5/1 21:03:13 [bridge] Researcher: 0 unread
2026/5/1 21:03:14 [bridge] Analyst: 0 unread
2026/5/1 21:03:14 [bridge] Product: 0 unread
2026/5/1 21:03:15 [bridge] SNS: 0 unread
2026/5/1 21:04:09 [bridge] poll at 2026/5/1 21:04:09
2026/5/1 21:04:10 [bridge] AI-Project: 0 unread
2026/5/1 21:04:10 [bridge] Leader: 1 unread
2026/5/1 21:04:11 [bridge] Designer: 0 unread
2026/5/1 21:04:11 [bridge] Writer: 0 unread
2026/5/1 21:04:12 [bridge] Brunson: 0 unread
2026/5/1 21:04:12 [bridge] LP: 0 unread
2026/5/1 21:04:13 [bridge] Video: 0 unread
2026/5/1 21:04:13 [bridge] Researcher: 0 unread
2026/5/1 21:04:14 [bridge] Analyst: 0 unread
2026/5/1 21:04:14 [bridge] Product: 0 unread
2026/5/1 21:04:15 [bridge] SNS: 0 unread
2026/5/1 21:05:09 [bridge] poll at 2026/5/1 21:05:09
2026/5/1 21:05:10 [bridge] AI-Project: 0 unread
2026/5/1 21:05:10 [bridge] Leader: 1 unread
2026/5/1 21:05:11 [bridge] Designer: 0 unread
2026/5/1 21:05:11 [bridge] Writer: 0 unread
2026/5/1 21:05:12 [bridge] Brunson: 0 unread
2026/5/1 21:05:12 [bridge] LP: 0 unread
2026/5/1 21:05:12 [bridge] Video: 0 unread
2026/5/1 21:05:13 [bridge] Researcher: 0 unread
2026/5/1 21:05:13 [bridge] Analyst: 0 unread
2026/5/1 21:05:14 [bridge] Product: 0 unread
2026/5/1 21:05:14 [bridge] SNS: 0 unread
2026/5/1 21:06:09 [bridge] poll at 2026/5/1 21:06:09
2026/5/1 21:06:11 [bridge] AI-Project: 0 unread
2026/5/1 21:06:11 [bridge] Leader: 1 unread
2026/5/1 21:06:12 [bridge] Designer: 0 unread
2026/5/1 21:06:12 [bridge] Writer: 0 unread
2026/5/1 21:06:13 [bridge] Brunson: 0 unread
2026/5/1 21:06:13 [bridge] LP: 0 unread
2026/5/1 21:06:14 [bridge] Video: 0 unread
2026/5/1 21:06:14 [bridge] Researcher: 0 unread
2026/5/1 21:06:15 [bridge] Analyst: 0 unread
2026/5/1 21:06:15 [bridge] Product: 0 unread
2026/5/1 21:06:16 [bridge] SNS: 0 unread
2026/5/1 21:07:09 [bridge] poll at 2026/5/1 21:07:09
2026/5/1 21:07:10 [bridge] AI-Project: 0 unread
2026/5/1 21:07:10 [bridge] Leader: 1 unread
2026/5/1 21:07:11 [bridge] Designer: 0 unread
2026/5/1 21:07:11 [bridge] Writer: 0 unread
2026/5/1 21:07:12 [bridge] Brunson: 0 unread
2026/5/1 21:07:12 [bridge] LP: 0 unread
2026/5/1 21:07:13 [bridge] Video: 0 unread
2026/5/1 21:07:13 [bridge] Researcher: 0 unread
2026/5/1 21:07:14 [bridge] Analyst: 0 unread
2026/5/1 21:07:14 [bridge] Product: 0 unread
2026/5/1 21:07:15 [bridge] SNS: 0 unread
2026/5/1 21:08:09 [bridge] poll at 2026/5/1 21:08:09
2026/5/1 21:08:10 [bridge] AI-Project: 0 unread
2026/5/1 21:08:10 [bridge] Leader: 1 unread
2026/5/1 21:08:11 [bridge] Designer: 0 unread
2026/5/1 21:08:11 [bridge] Writer: 0 unread
2026/5/1 21:08:12 [bridge] Brunson: 0 unread
2026/5/1 21:08:12 [bridge] LP: 0 unread
2026/5/1 21:08:12 [bridge] Video: 0 unread
2026/5/1 21:08:13 [bridge] Researcher: 0 unread
2026/5/1 21:08:13 [bridge] Analyst: 0 unread
2026/5/1 21:08:14 [bridge] Product: 0 unread
2026/5/1 21:08:14 [bridge] SNS: 0 unread
2026/5/1 21:09:09 [bridge] poll at 2026/5/1 21:09:09
2026/5/1 21:09:10 [bridge] AI-Project: 0 unread
2026/5/1 21:09:10 [bridge] Leader: 1 unread
2026/5/1 21:09:11 [bridge] Designer: 0 unread
2026/5/1 21:09:12 [bridge] Writer: 0 unread
2026/5/1 21:09:12 [bridge] Brunson: 0 unread
2026/5/1 21:09:13 [bridge] LP: 0 unread
2026/5/1 21:09:13 [bridge] Video: 0 unread
2026/5/1 21:09:14 [bridge] Researcher: 0 unread
2026/5/1 21:09:14 [bridge] Analyst: 0 unread
2026/5/1 21:09:15 [bridge] Product: 0 unread
2026/5/1 21:09:15 [bridge] SNS: 0 unread
2026/5/1 21:10:09 [bridge] poll at 2026/5/1 21:10:09
2026/5/1 21:10:10 [bridge] AI-Project: 0 unread
2026/5/1 21:10:10 [bridge] Leader: 1 unread
2026/5/1 21:10:11 [bridge] Designer: 0 unread
2026/5/1 21:10:11 [bridge] Writer: 0 unread
2026/5/1 21:10:12 [bridge] Brunson: 0 unread
2026/5/1 21:10:12 [bridge] LP: 0 unread
2026/5/1 21:10:13 [bridge] Video: 0 unread
2026/5/1 21:10:13 [bridge] Researcher: 0 unread
2026/5/1 21:10:14 [bridge] Analyst: 0 unread
2026/5/1 21:10:14 [bridge] Product: 0 unread
2026/5/1 21:10:15 [bridge] SNS: 0 unread
2026/5/1 21:11:09 [bridge] poll at 2026/5/1 21:11:09
2026/5/1 21:11:10 [bridge] AI-Project: 0 unread
2026/5/1 21:11:10 [bridge] Leader: 1 unread
2026/5/1 21:11:11 [bridge] Designer: 0 unread
2026/5/1 21:11:11 [bridge] Writer: 0 unread
2026/5/1 21:11:12 [bridge] Brunson: 0 unread
2026/5/1 21:11:12 [bridge] LP: 0 unread
2026/5/1 21:11:13 [bridge] Video: 0 unread
2026/5/1 21:11:13 [bridge] Researcher: 0 unread
2026/5/1 21:11:14 [bridge] Analyst: 0 unread
2026/5/1 21:11:14 [bridge] Product: 0 unread
2026/5/1 21:11:15 [bridge] SNS: 0 unread
2026/5/1 21:12:09 [bridge] poll at 2026/5/1 21:12:09
2026/5/1 21:12:11 [bridge] AI-Project: 0 unread
2026/5/1 21:12:11 [bridge] Leader: 1 unread
2026/5/1 21:12:12 [bridge] Designer: 0 unread
2026/5/1 21:12:12 [bridge] Writer: 0 unread
2026/5/1 21:12:13 [bridge] Brunson: 0 unread
2026/5/1 21:12:13 [bridge] LP: 0 unread
2026/5/1 21:12:14 [bridge] Video: 0 unread
2026/5/1 21:12:14 [bridge] Researcher: 0 unread
2026/5/1 21:12:15 [bridge] Analyst: 0 unread
2026/5/1 21:12:16 [bridge] Product: 0 unread
2026/5/1 21:12:16 [bridge] SNS: 0 unread
2026/5/1 21:13:09 [bridge] poll at 2026/5/1 21:13:09
2026/5/1 21:13:10 [bridge] AI-Project: 0 unread
2026/5/1 21:13:10 [bridge] Leader: 1 unread
2026/5/1 21:13:11 [bridge] Designer: 0 unread
2026/5/1 21:13:11 [bridge] Writer: 0 unread
2026/5/1 21:13:12 [bridge] Brunson: 0 unread
2026/5/1 21:13:12 [bridge] LP: 0 unread
2026/5/1 21:13:13 [bridge] Video: 0 unread
2026/5/1 21:13:13 [bridge] Researcher: 0 unread
2026/5/1 21:13:14 [bridge] Analyst: 0 unread
2026/5/1 21:13:14 [bridge] Product: 0 unread
2026/5/1 21:13:15 [bridge] SNS: 0 unread
2026/5/1 21:14:09 [bridge] poll at 2026/5/1 21:14:09
2026/5/1 21:14:10 [bridge] AI-Project: 0 unread
2026/5/1 21:14:10 [bridge] Leader: 1 unread
2026/5/1 21:14:11 [bridge] Designer: 0 unread
2026/5/1 21:14:11 [bridge] Writer: 0 unread
2026/5/1 21:14:12 [bridge] Brunson: 0 unread
2026/5/1 21:14:12 [bridge] LP: 0 unread
2026/5/1 21:14:13 [bridge] Video: 0 unread
2026/5/1 21:14:13 [bridge] Researcher: 0 unread
2026/5/1 21:14:14 [bridge] Analyst: 0 unread
2026/5/1 21:14:14 [bridge] Product: 0 unread
2026/5/1 21:14:15 [bridge] SNS: 0 unread
2026/5/1 21:15:09 [bridge] poll at 2026/5/1 21:15:09
2026/5/1 21:15:10 [bridge] AI-Project: 0 unread
2026/5/1 21:15:10 [bridge] Leader: 1 unread
2026/5/1 21:15:11 [bridge] Designer: 0 unread
2026/5/1 21:15:11 [bridge] Writer: 0 unread
2026/5/1 21:15:12 [bridge] Brunson: 0 unread
2026/5/1 21:15:12 [bridge] LP: 0 unread
2026/5/1 21:15:12 [bridge] Video: 0 unread
2026/5/1 21:15:13 [bridge] Researcher: 0 unread
2026/5/1 21:15:13 [bridge] Analyst: 0 unread
2026/5/1 21:15:14 [bridge] Product: 0 unread
2026/5/1 21:15:14 [bridge] SNS: 0 unread
2026/5/1 21:16:09 [bridge] poll at 2026/5/1 21:16:09
2026/5/1 21:16:10 [bridge] AI-Project: 0 unread
2026/5/1 21:16:10 [bridge] Leader: 1 unread
2026/5/1 21:16:11 [bridge] Designer: 0 unread
2026/5/1 21:16:11 [bridge] Writer: 0 unread
2026/5/1 21:16:12 [bridge] Brunson: 0 unread
2026/5/1 21:16:12 [bridge] LP: 0 unread
2026/5/1 21:16:12 [bridge] Video: 0 unread
2026/5/1 21:16:13 [bridge] Researcher: 0 unread
2026/5/1 21:16:13 [bridge] Analyst: 0 unread
2026/5/1 21:16:14 [bridge] Product: 0 unread
2026/5/1 21:16:14 [bridge] SNS: 0 unread
2026/5/1 21:17:09 [bridge] poll at 2026/5/1 21:17:09
2026/5/1 21:17:10 [bridge] AI-Project: 0 unread
2026/5/1 21:17:10 [bridge] Leader: 1 unread
2026/5/1 21:17:11 [bridge] Designer: 0 unread
2026/5/1 21:17:11 [bridge] Writer: 0 unread
2026/5/1 21:17:12 [bridge] Brunson: 0 unread
2026/5/1 21:17:12 [bridge] LP: 0 unread
2026/5/1 21:17:12 [bridge] Video: 0 unread
2026/5/1 21:17:13 [bridge] Researcher: 0 unread
2026/5/1 21:17:13 [bridge] Analyst: 0 unread
2026/5/1 21:17:14 [bridge] Product: 0 unread
2026/5/1 21:17:14 [bridge] SNS: 0 unread
2026/5/1 21:18:09 [bridge] poll at 2026/5/1 21:18:09
2026/5/1 21:18:11 [bridge] AI-Project: 0 unread
2026/5/1 21:18:12 [bridge] Leader: 1 unread
2026/5/1 21:18:12 [bridge] Designer: 0 unread
2026/5/1 21:18:13 [bridge] Writer: 0 unread
2026/5/1 21:18:13 [bridge] Brunson: 0 unread
2026/5/1 21:18:14 [bridge] LP: 0 unread
2026/5/1 21:18:14 [bridge] Video: 0 unread
2026/5/1 21:18:15 [bridge] Researcher: 0 unread
2026/5/1 21:18:15 [bridge] Analyst: 0 unread
2026/5/1 21:18:15 [bridge] Product: 0 unread
2026/5/1 21:18:16 [bridge] SNS: 0 unread
2026/5/1 21:19:09 [bridge] poll at 2026/5/1 21:19:09
2026/5/1 21:19:10 [bridge] AI-Project: 0 unread
2026/5/1 21:19:10 [bridge] Leader: 1 unread
2026/5/1 21:19:11 [bridge] Designer: 0 unread
2026/5/1 21:19:11 [bridge] Writer: 0 unread
2026/5/1 21:19:12 [bridge] Brunson: 0 unread
2026/5/1 21:19:12 [bridge] LP: 0 unread
2026/5/1 21:19:13 [bridge] Video: 0 unread
2026/5/1 21:19:13 [bridge] Researcher: 0 unread
2026/5/1 21:19:13 [bridge] Analyst: 0 unread
2026/5/1 21:19:14 [bridge] Product: 0 unread
2026/5/1 21:19:14 [bridge] SNS: 0 unread
2026/5/1 21:20:09 [bridge] poll at 2026/5/1 21:20:09
2026/5/1 21:20:10 [bridge] AI-Project: 0 unread
2026/5/1 21:20:10 [bridge] Leader: 1 unread
2026/5/1 21:20:11 [bridge] Designer: 0 unread
2026/5/1 21:20:11 [bridge] Writer: 0 unread
2026/5/1 21:20:12 [bridge] Brunson: 0 unread
2026/5/1 21:20:13 [bridge] LP: 0 unread
2026/5/1 21:20:13 [bridge] Video: 0 unread
2026/5/1 21:20:14 [bridge] Researcher: 0 unread
2026/5/1 21:20:14 [bridge] Analyst: 0 unread
2026/5/1 21:20:15 [bridge] Product: 0 unread
2026/5/1 21:20:15 [bridge] SNS: 0 unread
2026/5/1 21:21:09 [bridge] poll at 2026/5/1 21:21:09
2026/5/1 21:21:10 [bridge] AI-Project: 0 unread
2026/5/1 21:21:10 [bridge] Leader: 1 unread
2026/5/1 21:21:11 [bridge] Designer: 0 unread
2026/5/1 21:21:11 [bridge] Writer: 0 unread
2026/5/1 21:21:12 [bridge] Brunson: 0 unread
2026/5/1 21:21:12 [bridge] LP: 0 unread
2026/5/1 21:21:12 [bridge] Video: 0 unread
2026/5/1 21:21:13 [bridge] Researcher: 0 unread
2026/5/1 21:21:13 [bridge] Analyst: 0 unread
2026/5/1 21:21:14 [bridge] Product: 0 unread
2026/5/1 21:21:14 [bridge] SNS: 0 unread
2026/5/1 21:22:09 [bridge] poll at 2026/5/1 21:22:09
2026/5/1 21:22:10 [bridge] AI-Project: 0 unread
2026/5/1 21:22:10 [bridge] Leader: 1 unread
2026/5/1 21:22:11 [bridge] Designer: 0 unread
2026/5/1 21:22:11 [bridge] Writer: 0 unread
2026/5/1 21:22:12 [bridge] Brunson: 0 unread
2026/5/1 21:22:12 [bridge] LP: 0 unread
2026/5/1 21:22:12 [bridge] Video: 0 unread
2026/5/1 21:22:13 [bridge] Researcher: 0 unread
2026/5/1 21:22:13 [bridge] Analyst: 0 unread
2026/5/1 21:22:14 [bridge] Product: 0 unread
2026/5/1 21:22:14 [bridge] SNS: 0 unread
2026/5/1 21:23:09 [bridge] poll at 2026/5/1 21:23:09
2026/5/1 21:23:10 [bridge] AI-Project: 0 unread
2026/5/1 21:23:10 [bridge] Leader: 1 unread
2026/5/1 21:23:11 [bridge] Designer: 0 unread
2026/5/1 21:23:11 [bridge] Writer: 0 unread
2026/5/1 21:23:12 [bridge] Brunson: 0 unread
2026/5/1 21:23:12 [bridge] LP: 0 unread
2026/5/1 21:23:13 [bridge] Video: 0 unread
2026/5/1 21:23:13 [bridge] Researcher: 0 unread
2026/5/1 21:23:13 [bridge] Analyst: 0 unread
2026/5/1 21:23:14 [bridge] Product: 0 unread
2026/5/1 21:23:14 [bridge] SNS: 0 unread
2026/5/1 21:24:09 [bridge] poll at 2026/5/1 21:24:09
2026/5/1 21:24:11 [bridge] AI-Project: 0 unread
2026/5/1 21:24:12 [bridge] Leader: 1 unread
2026/5/1 21:24:12 [bridge] Designer: 0 unread
2026/5/1 21:24:13 [bridge] Writer: 0 unread
2026/5/1 21:24:13 [bridge] Brunson: 0 unread
2026/5/1 21:24:13 [bridge] LP: 0 unread
2026/5/1 21:24:14 [bridge] Video: 0 unread
2026/5/1 21:24:14 [bridge] Researcher: 0 unread
2026/5/1 21:24:15 [bridge] Analyst: 0 unread
2026/5/1 21:24:15 [bridge] Product: 0 unread
2026/5/1 21:24:16 [bridge] SNS: 0 unread
2026/5/1 21:25:09 [bridge] poll at 2026/5/1 21:25:09
2026/5/1 21:25:10 [bridge] AI-Project: 0 unread
2026/5/1 21:25:10 [bridge] Leader: 1 unread
2026/5/1 21:25:11 [bridge] Designer: 0 unread
2026/5/1 21:25:12 [bridge] Writer: 0 unread
2026/5/1 21:25:12 [bridge] Brunson: 0 unread
2026/5/1 21:25:13 [bridge] LP: 0 unread
2026/5/1 21:25:13 [bridge] Video: 0 unread
2026/5/1 21:25:14 [bridge] Researcher: 0 unread
2026/5/1 21:25:14 [bridge] Analyst: 0 unread
2026/5/1 21:25:15 [bridge] Product: 0 unread
2026/5/1 21:25:15 [bridge] SNS: 0 unread
2026/5/1 21:26:09 [bridge] poll at 2026/5/1 21:26:09
2026/5/1 21:26:10 [bridge] AI-Project: 0 unread
2026/5/1 21:26:11 [bridge] Leader: 1 unread
2026/5/1 21:26:11 [bridge] Designer: 0 unread
2026/5/1 21:26:12 [bridge] Writer: 0 unread
2026/5/1 21:26:12 [bridge] Brunson: 0 unread
2026/5/1 21:26:13 [bridge] LP: 0 unread
2026/5/1 21:26:13 [bridge] Video: 0 unread
2026/5/1 21:26:14 [bridge] Researcher: 0 unread
2026/5/1 21:26:14 [bridge] Analyst: 0 unread
2026/5/1 21:26:15 [bridge] Product: 0 unread
2026/5/1 21:26:15 [bridge] SNS: 0 unread
2026/5/1 21:27:09 [bridge] poll at 2026/5/1 21:27:09
2026/5/1 21:27:10 [bridge] AI-Project: 0 unread
2026/5/1 21:27:10 [bridge] Leader: 1 unread
2026/5/1 21:27:11 [bridge] Designer: 0 unread
2026/5/1 21:27:11 [bridge] Writer: 0 unread
2026/5/1 21:27:12 [bridge] Brunson: 0 unread
2026/5/1 21:27:12 [bridge] LP: 0 unread
2026/5/1 21:27:13 [bridge] Video: 0 unread
2026/5/1 21:27:13 [bridge] Researcher: 0 unread
2026/5/1 21:27:14 [bridge] Analyst: 0 unread
2026/5/1 21:27:14 [bridge] Product: 0 unread
2026/5/1 21:27:15 [bridge] SNS: 0 unread
2026/5/1 21:28:09 [bridge] poll at 2026/5/1 21:28:09
2026/5/1 21:28:10 [bridge] AI-Project: 0 unread
2026/5/1 21:28:10 [bridge] Leader: 1 unread
2026/5/1 21:28:11 [bridge] Designer: 0 unread
2026/5/1 21:28:12 [bridge] Writer: 0 unread
2026/5/1 21:28:12 [bridge] Brunson: 0 unread
2026/5/1 21:28:13 [bridge] LP: 0 unread
2026/5/1 21:28:13 [bridge] Video: 0 unread
2026/5/1 21:28:14 [bridge] Researcher: 0 unread
2026/5/1 21:28:14 [bridge] Analyst: 0 unread
2026/5/1 21:28:15 [bridge] Product: 0 unread
2026/5/1 21:28:15 [bridge] SNS: 0 unread
2026/5/1 21:29:09 [bridge] poll at 2026/5/1 21:29:09
2026/5/1 21:29:10 [bridge] AI-Project: 0 unread
2026/5/1 21:29:10 [bridge] Leader: 1 unread
2026/5/1 21:29:11 [bridge] Designer: 0 unread
2026/5/1 21:29:11 [bridge] Writer: 0 unread
2026/5/1 21:29:12 [bridge] Brunson: 0 unread
2026/5/1 21:29:12 [bridge] LP: 0 unread
2026/5/1 21:29:13 [bridge] Video: 0 unread
2026/5/1 21:29:13 [bridge] Researcher: 0 unread
2026/5/1 21:29:14 [bridge] Analyst: 0 unread
2026/5/1 21:29:14 [bridge] Product: 0 unread
2026/5/1 21:29:15 [bridge] SNS: 0 unread
2026/5/1 21:30:09 [bridge] poll at 2026/5/1 21:30:09
2026/5/1 21:30:11 [bridge] AI-Project: 0 unread
2026/5/1 21:30:12 [bridge] Leader: 1 unread
2026/5/1 21:30:12 [bridge] Designer: 0 unread
2026/5/1 21:30:13 [bridge] Writer: 0 unread
2026/5/1 21:30:13 [bridge] Brunson: 0 unread
2026/5/1 21:30:14 [bridge] LP: 0 unread
2026/5/1 21:30:14 [bridge] Video: 0 unread
2026/5/1 21:30:15 [bridge] Researcher: 0 unread
2026/5/1 21:30:15 [bridge] Analyst: 0 unread
2026/5/1 21:30:16 [bridge] Product: 0 unread
2026/5/1 21:30:16 [bridge] SNS: 0 unread
2026/5/1 21:31:09 [bridge] poll at 2026/5/1 21:31:09
2026/5/1 21:31:10 [bridge] AI-Project: 0 unread
2026/5/1 21:31:11 [bridge] Leader: 1 unread
2026/5/1 21:31:11 [bridge] Designer: 0 unread
2026/5/1 21:31:12 [bridge] Writer: 0 unread
2026/5/1 21:31:12 [bridge] Brunson: 0 unread
2026/5/1 21:31:13 [bridge] LP: 0 unread
2026/5/1 21:31:13 [bridge] Video: 0 unread
2026/5/1 21:31:14 [bridge] Researcher: 0 unread
2026/5/1 21:31:14 [bridge] Analyst: 0 unread
2026/5/1 21:31:15 [bridge] Product: 0 unread
2026/5/1 21:31:15 [bridge] SNS: 0 unread
2026/5/1 21:32:09 [bridge] poll at 2026/5/1 21:32:09
2026/5/1 21:32:10 [bridge] AI-Project: 0 unread
2026/5/1 21:32:10 [bridge] Leader: 1 unread
2026/5/1 21:32:11 [bridge] Designer: 0 unread
2026/5/1 21:32:11 [bridge] Writer: 0 unread
2026/5/1 21:32:12 [bridge] Brunson: 0 unread
2026/5/1 21:32:12 [bridge] LP: 0 unread
2026/5/1 21:32:13 [bridge] Video: 0 unread
2026/5/1 21:32:13 [bridge] Researcher: 0 unread
2026/5/1 21:32:13 [bridge] Analyst: 0 unread
2026/5/1 21:32:14 [bridge] Product: 0 unread
2026/5/1 21:32:14 [bridge] SNS: 0 unread
2026/5/1 21:33:09 [bridge] poll at 2026/5/1 21:33:09
2026/5/1 21:33:10 [bridge] AI-Project: 0 unread
2026/5/1 21:33:11 [bridge] Leader: 1 unread
2026/5/1 21:33:11 [bridge] Designer: 0 unread
2026/5/1 21:33:12 [bridge] Writer: 0 unread
2026/5/1 21:33:12 [bridge] Brunson: 0 unread
2026/5/1 21:33:13 [bridge] LP: 0 unread
2026/5/1 21:33:13 [bridge] Video: 0 unread
2026/5/1 21:33:14 [bridge] Researcher: 0 unread
2026/5/1 21:33:14 [bridge] Analyst: 0 unread
2026/5/1 21:33:15 [bridge] Product: 0 unread
2026/5/1 21:33:15 [bridge] SNS: 0 unread
2026/5/1 21:34:09 [bridge] poll at 2026/5/1 21:34:09
2026/5/1 21:34:10 [bridge] AI-Project: 0 unread
2026/5/1 21:34:11 [bridge] Leader: 1 unread
2026/5/1 21:34:11 [bridge] Designer: 0 unread
2026/5/1 21:34:12 [bridge] Writer: 0 unread
2026/5/1 21:34:12 [bridge] Brunson: 0 unread
2026/5/1 21:34:13 [bridge] LP: 0 unread
2026/5/1 21:34:13 [bridge] Video: 0 unread
2026/5/1 21:34:14 [bridge] Researcher: 0 unread
2026/5/1 21:34:14 [bridge] Analyst: 0 unread
2026/5/1 21:34:15 [bridge] Product: 0 unread
2026/5/1 21:34:15 [bridge] SNS: 0 unread
2026/5/1 21:35:09 [bridge] poll at 2026/5/1 21:35:09
2026/5/1 21:35:10 [bridge] AI-Project: 0 unread
2026/5/1 21:35:11 [bridge] Leader: 1 unread
2026/5/1 21:35:11 [bridge] Designer: 0 unread
2026/5/1 21:35:12 [bridge] Writer: 0 unread
2026/5/1 21:35:12 [bridge] Brunson: 0 unread
2026/5/1 21:35:13 [bridge] LP: 0 unread
2026/5/1 21:35:13 [bridge] Video: 0 unread
2026/5/1 21:35:14 [bridge] Researcher: 0 unread
2026/5/1 21:35:14 [bridge] Analyst: 0 unread
2026/5/1 21:35:15 [bridge] Product: 0 unread
2026/5/1 21:35:15 [bridge] SNS: 0 unread
2026/5/1 21:36:09 [bridge] poll at 2026/5/1 21:36:09
2026/5/1 21:36:11 [bridge] AI-Project: 0 unread
2026/5/1 21:36:11 [bridge] Leader: 1 unread
2026/5/1 21:36:12 [bridge] Designer: 0 unread
2026/5/1 21:36:12 [bridge] Writer: 0 unread
2026/5/1 21:36:13 [bridge] Brunson: 0 unread
2026/5/1 21:36:13 [bridge] LP: 0 unread
2026/5/1 21:36:14 [bridge] Video: 0 unread
2026/5/1 21:36:14 [bridge] Researcher: 0 unread
2026/5/1 21:36:15 [bridge] Analyst: 0 unread
2026/5/1 21:36:15 [bridge] Product: 0 unread
2026/5/1 21:36:15 [bridge] SNS: 0 unread
2026/5/1 21:37:09 [bridge] poll at 2026/5/1 21:37:09
2026/5/1 21:37:10 [bridge] AI-Project: 0 unread
2026/5/1 21:37:11 [bridge] Leader: 1 unread
2026/5/1 21:37:11 [bridge] Designer: 0 unread
2026/5/1 21:37:12 [bridge] Writer: 0 unread
2026/5/1 21:37:12 [bridge] Brunson: 0 unread
2026/5/1 21:37:13 [bridge] LP: 0 unread
2026/5/1 21:37:13 [bridge] Video: 0 unread
2026/5/1 21:37:14 [bridge] Researcher: 0 unread
2026/5/1 21:37:14 [bridge] Analyst: 0 unread
2026/5/1 21:37:15 [bridge] Product: 0 unread
2026/5/1 21:37:15 [bridge] SNS: 0 unread
2026/5/1 21:38:09 [bridge] poll at 2026/5/1 21:38:09
2026/5/1 21:38:10 [bridge] AI-Project: 0 unread
2026/5/1 21:38:10 [bridge] Leader: 1 unread
2026/5/1 21:38:11 [bridge] Designer: 0 unread
2026/5/1 21:38:11 [bridge] Writer: 0 unread
2026/5/1 21:38:12 [bridge] Brunson: 0 unread
2026/5/1 21:38:12 [bridge] LP: 0 unread
2026/5/1 21:38:13 [bridge] Video: 0 unread
2026/5/1 21:38:13 [bridge] Researcher: 0 unread
2026/5/1 21:38:14 [bridge] Analyst: 0 unread
2026/5/1 21:38:14 [bridge] Product: 0 unread
2026/5/1 21:38:14 [bridge] SNS: 0 unread
2026/5/1 21:39:09 [bridge] poll at 2026/5/1 21:39:09
2026/5/1 21:39:10 [bridge] AI-Project: 0 unread
2026/5/1 21:39:11 [bridge] Leader: 1 unread
2026/5/1 21:39:11 [bridge] Designer: 0 unread
2026/5/1 21:39:12 [bridge] Writer: 0 unread
2026/5/1 21:39:12 [bridge] Brunson: 0 unread
2026/5/1 21:39:13 [bridge] LP: 0 unread
2026/5/1 21:39:13 [bridge] Video: 0 unread
2026/5/1 21:39:14 [bridge] Researcher: 0 unread
2026/5/1 21:39:14 [bridge] Analyst: 0 unread
2026/5/1 21:39:15 [bridge] Product: 0 unread
2026/5/1 21:39:15 [bridge] SNS: 0 unread
2026/5/1 21:40:09 [bridge] poll at 2026/5/1 21:40:09
2026/5/1 21:40:10 [bridge] AI-Project: 0 unread
2026/5/1 21:40:10 [bridge] Leader: 1 unread
2026/5/1 21:40:11 [bridge] Designer: 0 unread
2026/5/1 21:40:11 [bridge] Writer: 0 unread
2026/5/1 21:40:12 [bridge] Brunson: 0 unread
2026/5/1 21:40:12 [bridge] LP: 0 unread
2026/5/1 21:40:13 [bridge] Video: 0 unread
2026/5/1 21:40:13 [bridge] Researcher: 0 unread
2026/5/1 21:40:14 [bridge] Analyst: 0 unread
2026/5/1 21:40:14 [bridge] Product: 0 unread
2026/5/1 21:40:14 [bridge] SNS: 0 unread
2026/5/1 21:41:09 [bridge] poll at 2026/5/1 21:41:09
2026/5/1 21:41:10 [bridge] AI-Project: 0 unread
2026/5/1 21:41:11 [bridge] Leader: 1 unread
2026/5/1 21:41:11 [bridge] Designer: 0 unread
2026/5/1 21:41:12 [bridge] Writer: 0 unread
2026/5/1 21:41:12 [bridge] Brunson: 0 unread
2026/5/1 21:41:13 [bridge] LP: 0 unread
2026/5/1 21:41:13 [bridge] Video: 0 unread
2026/5/1 21:41:14 [bridge] Researcher: 0 unread
2026/5/1 21:41:14 [bridge] Analyst: 0 unread
2026/5/1 21:41:15 [bridge] Product: 0 unread
2026/5/1 21:41:15 [bridge] SNS: 0 unread
2026/5/1 21:42:09 [bridge] poll at 2026/5/1 21:42:09
2026/5/1 21:42:11 [bridge] AI-Project: 0 unread
2026/5/1 21:42:12 [bridge] Leader: 1 unread
2026/5/1 21:42:12 [bridge] Designer: 0 unread
2026/5/1 21:42:13 [bridge] Writer: 0 unread
2026/5/1 21:42:13 [bridge] Brunson: 0 unread
2026/5/1 21:42:14 [bridge] LP: 0 unread
2026/5/1 21:42:14 [bridge] Video: 0 unread
2026/5/1 21:42:15 [bridge] Researcher: 0 unread
2026/5/1 21:42:15 [bridge] Analyst: 0 unread
2026/5/1 21:42:16 [bridge] Product: 0 unread
2026/5/1 21:42:16 [bridge] SNS: 0 unread
2026/5/1 21:43:09 [bridge] poll at 2026/5/1 21:43:09
2026/5/1 21:43:10 [bridge] AI-Project: 0 unread
2026/5/1 21:43:11 [bridge] Leader: 1 unread
2026/5/1 21:43:11 [bridge] Designer: 0 unread
2026/5/1 21:43:12 [bridge] Writer: 0 unread
2026/5/1 21:43:12 [bridge] Brunson: 0 unread
2026/5/1 21:43:13 [bridge] LP: 0 unread
2026/5/1 21:43:13 [bridge] Video: 0 unread
2026/5/1 21:43:14 [bridge] Researcher: 0 unread
2026/5/1 21:43:14 [bridge] Analyst: 0 unread
2026/5/1 21:43:15 [bridge] Product: 0 unread
2026/5/1 21:43:15 [bridge] SNS: 0 unread
2026/5/1 21:44:09 [bridge] poll at 2026/5/1 21:44:09
2026/5/1 21:44:10 [bridge] AI-Project: 0 unread
2026/5/1 21:44:11 [bridge] Leader: 1 unread
2026/5/1 21:44:11 [bridge] Designer: 0 unread
2026/5/1 21:44:12 [bridge] Writer: 0 unread
2026/5/1 21:44:12 [bridge] Brunson: 0 unread
2026/5/1 21:44:13 [bridge] LP: 0 unread
2026/5/1 21:44:13 [bridge] Video: 0 unread
2026/5/1 21:44:14 [bridge] Researcher: 0 unread
2026/5/1 21:44:14 [bridge] Analyst: 0 unread
2026/5/1 21:44:15 [bridge] Product: 0 unread
2026/5/1 21:44:15 [bridge] SNS: 0 unread
2026/5/1 21:45:09 [bridge] poll at 2026/5/1 21:45:09
2026/5/1 21:45:10 [bridge] AI-Project: 0 unread
2026/5/1 21:45:11 [bridge] Leader: 1 unread
2026/5/1 21:45:11 [bridge] Designer: 0 unread
2026/5/1 21:45:12 [bridge] Writer: 0 unread
2026/5/1 21:45:12 [bridge] Brunson: 0 unread
2026/5/1 21:45:13 [bridge] LP: 0 unread
2026/5/1 21:45:13 [bridge] Video: 0 unread
2026/5/1 21:45:14 [bridge] Researcher: 0 unread
2026/5/1 21:45:14 [bridge] Analyst: 0 unread
2026/5/1 21:45:15 [bridge] Product: 0 unread
2026/5/1 21:45:15 [bridge] SNS: 0 unread
2026/5/1 21:46:09 [bridge] poll at 2026/5/1 21:46:09
2026/5/1 21:46:10 [bridge] AI-Project: 0 unread
2026/5/1 21:46:11 [bridge] Leader: 1 unread
2026/5/1 21:46:11 [bridge] Designer: 0 unread
2026/5/1 21:46:12 [bridge] Writer: 0 unread
2026/5/1 21:46:12 [bridge] Brunson: 0 unread
2026/5/1 21:46:13 [bridge] LP: 0 unread
2026/5/1 21:46:13 [bridge] Video: 0 unread
2026/5/1 21:46:14 [bridge] Researcher: 0 unread
2026/5/1 21:46:14 [bridge] Analyst: 0 unread
2026/5/1 21:46:15 [bridge] Product: 0 unread
2026/5/1 21:46:15 [bridge] SNS: 0 unread
2026/5/1 21:47:09 [bridge] poll at 2026/5/1 21:47:09
2026/5/1 21:47:10 [bridge] AI-Project: 0 unread
2026/5/1 21:47:11 [bridge] Leader: 1 unread
2026/5/1 21:47:11 [bridge] Designer: 0 unread
2026/5/1 21:47:12 [bridge] Writer: 0 unread
2026/5/1 21:47:12 [bridge] Brunson: 0 unread
2026/5/1 21:47:13 [bridge] LP: 0 unread
2026/5/1 21:47:13 [bridge] Video: 0 unread
2026/5/1 21:47:14 [bridge] Researcher: 0 unread
2026/5/1 21:47:14 [bridge] Analyst: 0 unread
2026/5/1 21:47:15 [bridge] Product: 0 unread
2026/5/1 21:47:15 [bridge] SNS: 0 unread
2026/5/1 21:48:09 [bridge] poll at 2026/5/1 21:48:09
2026/5/1 21:48:11 [bridge] AI-Project: 0 unread
2026/5/1 21:48:12 [bridge] Leader: 1 unread
2026/5/1 21:48:12 [bridge] Designer: 0 unread
2026/5/1 21:48:13 [bridge] Writer: 0 unread
2026/5/1 21:48:13 [bridge] Brunson: 0 unread
2026/5/1 21:48:14 [bridge] LP: 0 unread
2026/5/1 21:48:14 [bridge] Video: 0 unread
2026/5/1 21:48:15 [bridge] Researcher: 0 unread
2026/5/1 21:48:15 [bridge] Analyst: 0 unread
2026/5/1 21:48:16 [bridge] Product: 0 unread
2026/5/1 21:48:16 [bridge] SNS: 0 unread
2026/5/1 21:49:09 [bridge] poll at 2026/5/1 21:49:09
2026/5/1 21:49:10 [bridge] AI-Project: 0 unread
2026/5/1 21:49:11 [bridge] Leader: 1 unread
2026/5/1 21:49:11 [bridge] Designer: 0 unread
2026/5/1 21:49:12 [bridge] Writer: 0 unread
2026/5/1 21:49:12 [bridge] Brunson: 0 unread
2026/5/1 21:49:13 [bridge] LP: 0 unread
2026/5/1 21:49:13 [bridge] Video: 0 unread
2026/5/1 21:49:14 [bridge] Researcher: 0 unread
2026/5/1 21:49:14 [bridge] Analyst: 0 unread
2026/5/1 21:49:15 [bridge] Product: 0 unread
2026/5/1 21:49:15 [bridge] SNS: 0 unread
2026/5/1 21:50:09 [bridge] poll at 2026/5/1 21:50:09
2026/5/1 21:50:10 [bridge] AI-Project: 0 unread
2026/5/1 21:50:11 [bridge] Leader: 1 unread
2026/5/1 21:50:11 [bridge] Designer: 0 unread
2026/5/1 21:50:12 [bridge] Writer: 0 unread
2026/5/1 21:50:12 [bridge] Brunson: 0 unread
2026/5/1 21:50:13 [bridge] LP: 0 unread
2026/5/1 21:50:13 [bridge] Video: 0 unread
2026/5/1 21:50:14 [bridge] Researcher: 0 unread
2026/5/1 21:50:14 [bridge] Analyst: 0 unread
2026/5/1 21:50:15 [bridge] Product: 0 unread
2026/5/1 21:50:15 [bridge] SNS: 0 unread
2026/5/1 21:51:09 [bridge] poll at 2026/5/1 21:51:09
2026/5/1 21:51:10 [bridge] AI-Project: 0 unread
2026/5/1 21:51:11 [bridge] Leader: 1 unread
2026/5/1 21:51:11 [bridge] Designer: 0 unread
2026/5/1 21:51:11 [bridge] Writer: 0 unread
2026/5/1 21:51:12 [bridge] Brunson: 0 unread
2026/5/1 21:51:12 [bridge] LP: 0 unread
2026/5/1 21:51:13 [bridge] Video: 0 unread
2026/5/1 21:51:13 [bridge] Researcher: 0 unread
2026/5/1 21:51:14 [bridge] Analyst: 0 unread
2026/5/1 21:51:14 [bridge] Product: 0 unread
2026/5/1 21:51:14 [bridge] SNS: 0 unread
2026/5/1 21:52:09 [bridge] poll at 2026/5/1 21:52:09
2026/5/1 21:52:10 [bridge] AI-Project: 0 unread
2026/5/1 21:52:11 [bridge] Leader: 1 unread
2026/5/1 21:52:11 [bridge] Designer: 0 unread
2026/5/1 21:52:12 [bridge] Writer: 0 unread
2026/5/1 21:52:12 [bridge] Brunson: 0 unread
2026/5/1 21:52:13 [bridge] LP: 0 unread
2026/5/1 21:52:13 [bridge] Video: 0 unread
2026/5/1 21:52:14 [bridge] Researcher: 0 unread
2026/5/1 21:52:14 [bridge] Analyst: 0 unread
2026/5/1 21:52:15 [bridge] Product: 0 unread
2026/5/1 21:52:15 [bridge] SNS: 0 unread
2026/5/1 21:53:09 [bridge] poll at 2026/5/1 21:53:09
2026/5/1 21:53:10 [bridge] AI-Project: 0 unread
2026/5/1 21:53:11 [bridge] Leader: 1 unread
2026/5/1 21:53:11 [bridge] Designer: 0 unread
2026/5/1 21:53:12 [bridge] Writer: 0 unread
2026/5/1 21:53:12 [bridge] Brunson: 0 unread
2026/5/1 21:53:13 [bridge] LP: 0 unread
2026/5/1 21:53:13 [bridge] Video: 0 unread
2026/5/1 21:53:14 [bridge] Researcher: 0 unread
2026/5/1 21:53:14 [bridge] Analyst: 0 unread
2026/5/1 21:53:15 [bridge] Product: 0 unread
2026/5/1 21:53:15 [bridge] SNS: 0 unread
2026/5/1 21:54:09 [bridge] poll at 2026/5/1 21:54:09
2026/5/1 21:54:11 [bridge] AI-Project: 0 unread
2026/5/1 21:54:12 [bridge] Leader: 1 unread
2026/5/1 21:54:12 [bridge] Designer: 0 unread
2026/5/1 21:54:13 [bridge] Writer: 0 unread
2026/5/1 21:54:13 [bridge] Brunson: 0 unread
2026/5/1 21:54:14 [bridge] LP: 0 unread
2026/5/1 21:54:14 [bridge] Video: 0 unread
2026/5/1 21:54:15 [bridge] Researcher: 0 unread
2026/5/1 21:54:15 [bridge] Analyst: 0 unread
2026/5/1 21:54:16 [bridge] Product: 0 unread
2026/5/1 21:54:16 [bridge] SNS: 0 unread
2026/5/1 21:55:09 [bridge] poll at 2026/5/1 21:55:09
2026/5/1 21:55:10 [bridge] AI-Project: 0 unread
2026/5/1 21:55:11 [bridge] Leader: 1 unread
2026/5/1 21:55:11 [bridge] Designer: 0 unread
2026/5/1 21:55:12 [bridge] Writer: 0 unread
2026/5/1 21:55:12 [bridge] Brunson: 0 unread
2026/5/1 21:55:13 [bridge] LP: 0 unread
2026/5/1 21:55:13 [bridge] Video: 0 unread
2026/5/1 21:55:14 [bridge] Researcher: 0 unread
2026/5/1 21:55:14 [bridge] Analyst: 0 unread
2026/5/1 21:55:15 [bridge] Product: 0 unread
2026/5/1 21:55:15 [bridge] SNS: 0 unread
2026/5/1 21:56:09 [bridge] poll at 2026/5/1 21:56:09
2026/5/1 21:56:10 [bridge] AI-Project: 0 unread
2026/5/1 21:56:11 [bridge] Leader: 1 unread
2026/5/1 21:56:11 [bridge] Designer: 0 unread
2026/5/1 21:56:11 [bridge] Writer: 0 unread
2026/5/1 21:56:12 [bridge] Brunson: 0 unread
2026/5/1 21:56:12 [bridge] LP: 0 unread
2026/5/1 21:56:13 [bridge] Video: 0 unread
2026/5/1 21:56:13 [bridge] Researcher: 0 unread
2026/5/1 21:56:14 [bridge] Analyst: 0 unread
2026/5/1 21:56:14 [bridge] Product: 0 unread
2026/5/1 21:56:14 [bridge] SNS: 0 unread
2026/5/1 21:57:09 [bridge] poll at 2026/5/1 21:57:09
2026/5/1 21:57:10 [bridge] AI-Project: 0 unread
2026/5/1 21:57:11 [bridge] Leader: 1 unread
2026/5/1 21:57:11 [bridge] Designer: 0 unread
2026/5/1 21:57:12 [bridge] Writer: 0 unread
2026/5/1 21:57:12 [bridge] Brunson: 0 unread
2026/5/1 21:57:13 [bridge] LP: 0 unread
2026/5/1 21:57:13 [bridge] Video: 0 unread
2026/5/1 21:57:14 [bridge] Researcher: 0 unread
2026/5/1 21:57:14 [bridge] Analyst: 0 unread
2026/5/1 21:57:15 [bridge] Product: 0 unread
2026/5/1 21:57:15 [bridge] SNS: 0 unread
2026/5/1 21:58:09 [bridge] poll at 2026/5/1 21:58:09
2026/5/1 21:58:10 [bridge] AI-Project: 0 unread
2026/5/1 21:58:11 [bridge] Leader: 1 unread
2026/5/1 21:58:11 [bridge] Designer: 0 unread
2026/5/1 21:58:12 [bridge] Writer: 0 unread
2026/5/1 21:58:12 [bridge] Brunson: 0 unread
2026/5/1 21:58:13 [bridge] LP: 0 unread
2026/5/1 21:58:13 [bridge] Video: 0 unread
2026/5/1 21:58:14 [bridge] Researcher: 0 unread
2026/5/1 21:58:14 [bridge] Analyst: 0 unread
2026/5/1 21:58:15 [bridge] Product: 0 unread
2026/5/1 21:58:15 [bridge] SNS: 0 unread
2026/5/1 21:59:09 [bridge] poll at 2026/5/1 21:59:09
2026/5/1 21:59:10 [bridge] AI-Project: 0 unread
2026/5/1 21:59:11 [bridge] Leader: 1 unread
2026/5/1 21:59:11 [bridge] Designer: 0 unread
2026/5/1 21:59:12 [bridge] Writer: 0 unread
2026/5/1 21:59:12 [bridge] Brunson: 0 unread
2026/5/1 21:59:13 [bridge] LP: 0 unread
2026/5/1 21:59:13 [bridge] Video: 0 unread
2026/5/1 21:59:14 [bridge] Researcher: 0 unread
2026/5/1 21:59:14 [bridge] Analyst: 0 unread
2026/5/1 21:59:15 [bridge] Product: 0 unread
2026/5/1 21:59:15 [bridge] SNS: 0 unread
2026/5/1 22:00:09 [bridge] poll at 2026/5/1 22:00:09
2026/5/1 22:00:11 [bridge] AI-Project: 0 unread
2026/5/1 22:00:12 [bridge] Leader: 1 unread
2026/5/1 22:00:12 [bridge] Designer: 0 unread
2026/5/1 22:00:13 [bridge] Writer: 0 unread
2026/5/1 22:00:13 [bridge] Brunson: 0 unread
2026/5/1 22:00:14 [bridge] LP: 0 unread
2026/5/1 22:00:14 [bridge] Video: 0 unread
2026/5/1 22:00:15 [bridge] Researcher: 0 unread
2026/5/1 22:00:15 [bridge] Analyst: 0 unread
2026/5/1 22:00:16 [bridge] Product: 0 unread
2026/5/1 22:00:16 [bridge] SNS: 0 unread
2026/5/1 22:01:09 [bridge] poll at 2026/5/1 22:01:09
2026/5/1 22:01:10 [bridge] AI-Project: 0 unread
2026/5/1 22:01:11 [bridge] Leader: 1 unread
2026/5/1 22:01:11 [bridge] Designer: 0 unread
2026/5/1 22:01:12 [bridge] Writer: 0 unread
2026/5/1 22:01:12 [bridge] Brunson: 0 unread
2026/5/1 22:01:13 [bridge] LP: 0 unread
2026/5/1 22:01:13 [bridge] Video: 0 unread
2026/5/1 22:01:14 [bridge] Researcher: 0 unread
2026/5/1 22:01:14 [bridge] Analyst: 0 unread
2026/5/1 22:01:15 [bridge] Product: 0 unread
2026/5/1 22:01:15 [bridge] SNS: 0 unread
2026/5/1 22:02:09 [bridge] poll at 2026/5/1 22:02:09
2026/5/1 22:02:10 [bridge] AI-Project: 0 unread
2026/5/1 22:02:11 [bridge] Leader: 1 unread
2026/5/1 22:02:11 [bridge] Designer: 0 unread
2026/5/1 22:02:12 [bridge] Writer: 0 unread
2026/5/1 22:02:12 [bridge] Brunson: 0 unread
2026/5/1 22:02:13 [bridge] LP: 0 unread
2026/5/1 22:02:13 [bridge] Video: 0 unread
2026/5/1 22:02:14 [bridge] Researcher: 0 unread
2026/5/1 22:02:14 [bridge] Analyst: 0 unread
2026/5/1 22:02:15 [bridge] Product: 0 unread
2026/5/1 22:02:15 [bridge] SNS: 0 unread
2026/5/1 22:03:09 [bridge] poll at 2026/5/1 22:03:09
2026/5/1 22:03:10 [bridge] AI-Project: 0 unread
2026/5/1 22:03:11 [bridge] Leader: 1 unread
2026/5/1 22:03:11 [bridge] Designer: 0 unread
2026/5/1 22:03:11 [bridge] Writer: 0 unread
2026/5/1 22:03:12 [bridge] Brunson: 0 unread
2026/5/1 22:03:12 [bridge] LP: 0 unread
2026/5/1 22:03:13 [bridge] Video: 0 unread
2026/5/1 22:03:13 [bridge] Researcher: 0 unread
2026/5/1 22:03:14 [bridge] Analyst: 0 unread
2026/5/1 22:03:14 [bridge] Product: 0 unread
2026/5/1 22:03:15 [bridge] SNS: 0 unread
2026/5/1 22:04:09 [bridge] poll at 2026/5/1 22:04:09
2026/5/1 22:04:10 [bridge] AI-Project: 0 unread
2026/5/1 22:04:11 [bridge] Leader: 1 unread
2026/5/1 22:04:11 [bridge] Designer: 0 unread
2026/5/1 22:04:12 [bridge] Writer: 0 unread
2026/5/1 22:04:12 [bridge] Brunson: 0 unread
2026/5/1 22:04:13 [bridge] LP: 0 unread
2026/5/1 22:04:13 [bridge] Video: 0 unread
2026/5/1 22:04:14 [bridge] Researcher: 0 unread
2026/5/1 22:04:14 [bridge] Analyst: 0 unread
2026/5/1 22:04:15 [bridge] Product: 0 unread
2026/5/1 22:04:15 [bridge] SNS: 0 unread
2026/5/1 22:05:09 [bridge] poll at 2026/5/1 22:05:09
2026/5/1 22:05:10 [bridge] AI-Project: 0 unread
2026/5/1 22:05:11 [bridge] Leader: 1 unread
2026/5/1 22:05:11 [bridge] Designer: 0 unread
2026/5/1 22:05:12 [bridge] Writer: 0 unread
2026/5/1 22:05:12 [bridge] Brunson: 0 unread
2026/5/1 22:05:13 [bridge] LP: 0 unread
2026/5/1 22:05:13 [bridge] Video: 0 unread
2026/5/1 22:05:14 [bridge] Researcher: 0 unread
2026/5/1 22:05:14 [bridge] Analyst: 0 unread
2026/5/1 22:05:15 [bridge] Product: 0 unread
2026/5/1 22:05:15 [bridge] SNS: 0 unread
2026/5/1 22:06:09 [bridge] poll at 2026/5/1 22:06:09
2026/5/1 22:06:11 [bridge] AI-Project: 0 unread
2026/5/1 22:06:12 [bridge] Leader: 1 unread
2026/5/1 22:06:12 [bridge] Designer: 0 unread
2026/5/1 22:06:13 [bridge] Writer: 0 unread
2026/5/1 22:06:13 [bridge] Brunson: 0 unread
2026/5/1 22:06:14 [bridge] LP: 0 unread
2026/5/1 22:06:14 [bridge] Video: 0 unread
2026/5/1 22:06:15 [bridge] Researcher: 0 unread
2026/5/1 22:06:15 [bridge] Analyst: 0 unread
2026/5/1 22:06:16 [bridge] Product: 0 unread
2026/5/1 22:06:16 [bridge] SNS: 0 unread
2026/5/1 22:07:09 [bridge] poll at 2026/5/1 22:07:09
2026/5/1 22:07:10 [bridge] AI-Project: 0 unread
2026/5/1 22:07:11 [bridge] Leader: 1 unread
2026/5/1 22:07:11 [bridge] Designer: 0 unread
2026/5/1 22:07:12 [bridge] Writer: 0 unread
2026/5/1 22:07:12 [bridge] Brunson: 0 unread
2026/5/1 22:07:12 [bridge] LP: 0 unread
2026/5/1 22:07:13 [bridge] Video: 0 unread
2026/5/1 22:07:13 [bridge] Researcher: 0 unread
2026/5/1 22:07:14 [bridge] Analyst: 0 unread
2026/5/1 22:07:14 [bridge] Product: 0 unread
2026/5/1 22:07:15 [bridge] SNS: 0 unread
2026/5/1 22:08:09 [bridge] poll at 2026/5/1 22:08:09
2026/5/1 22:08:10 [bridge] AI-Project: 0 unread
2026/5/1 22:08:11 [bridge] Leader: 1 unread
2026/5/1 22:08:11 [bridge] Designer: 0 unread
2026/5/1 22:08:12 [bridge] Writer: 0 unread
2026/5/1 22:08:12 [bridge] Brunson: 0 unread
2026/5/1 22:08:13 [bridge] LP: 0 unread
2026/5/1 22:08:13 [bridge] Video: 0 unread
2026/5/1 22:08:14 [bridge] Researcher: 0 unread
2026/5/1 22:08:14 [bridge] Analyst: 0 unread
2026/5/1 22:08:15 [bridge] Product: 0 unread
2026/5/1 22:08:15 [bridge] SNS: 0 unread
2026/5/1 22:09:09 [bridge] poll at 2026/5/1 22:09:09
2026/5/1 22:09:10 [bridge] AI-Project: 0 unread
2026/5/1 22:09:11 [bridge] Leader: 1 unread
2026/5/1 22:09:11 [bridge] Designer: 0 unread
2026/5/1 22:09:12 [bridge] Writer: 0 unread
2026/5/1 22:09:12 [bridge] Brunson: 0 unread
2026/5/1 22:09:13 [bridge] LP: 0 unread
2026/5/1 22:09:13 [bridge] Video: 0 unread
2026/5/1 22:09:14 [bridge] Researcher: 0 unread
2026/5/1 22:09:15 [bridge] Analyst: 0 unread
2026/5/1 22:09:15 [bridge] Product: 0 unread
2026/5/1 22:09:16 [bridge] SNS: 0 unread
2026/5/1 22:10:09 [bridge] poll at 2026/5/1 22:10:09
2026/5/1 22:10:10 [bridge] AI-Project: 0 unread
2026/5/1 22:10:11 [bridge] Leader: 1 unread
2026/5/1 22:10:11 [bridge] Designer: 0 unread
2026/5/1 22:10:12 [bridge] Writer: 0 unread
2026/5/1 22:10:12 [bridge] Brunson: 0 unread
2026/5/1 22:10:13 [bridge] LP: 0 unread
2026/5/1 22:10:13 [bridge] Video: 0 unread
2026/5/1 22:10:14 [bridge] Researcher: 0 unread
2026/5/1 22:10:14 [bridge] Analyst: 0 unread
2026/5/1 22:10:15 [bridge] Product: 0 unread
2026/5/1 22:10:15 [bridge] SNS: 0 unread
2026/5/1 22:11:09 [bridge] poll at 2026/5/1 22:11:09
2026/5/1 22:11:10 [bridge] AI-Project: 0 unread
2026/5/1 22:11:11 [bridge] Leader: 1 unread
2026/5/1 22:11:11 [bridge] Designer: 0 unread
2026/5/1 22:11:12 [bridge] Writer: 0 unread
2026/5/1 22:11:12 [bridge] Brunson: 0 unread
2026/5/1 22:11:13 [bridge] LP: 0 unread
2026/5/1 22:11:13 [bridge] Video: 0 unread
2026/5/1 22:11:14 [bridge] Researcher: 0 unread
2026/5/1 22:11:14 [bridge] Analyst: 0 unread
2026/5/1 22:11:15 [bridge] Product: 0 unread
2026/5/1 22:11:15 [bridge] SNS: 0 unread
2026/5/1 22:12:09 [bridge] poll at 2026/5/1 22:12:09
2026/5/1 22:12:10 [bridge] AI-Project: 0 unread
2026/5/1 22:12:11 [bridge] Leader: 1 unread
2026/5/1 22:12:11 [bridge] Designer: 0 unread
2026/5/1 22:12:12 [bridge] Writer: 0 unread
2026/5/1 22:12:12 [bridge] Brunson: 0 unread
2026/5/1 22:12:12 [bridge] LP: 0 unread
2026/5/1 22:12:13 [bridge] Video: 0 unread
2026/5/1 22:12:13 [bridge] Researcher: 0 unread
2026/5/1 22:12:14 [bridge] Analyst: 0 unread
2026/5/1 22:12:14 [bridge] Product: 0 unread
2026/5/1 22:12:15 [bridge] SNS: 0 unread
2026/5/1 22:13:09 [bridge] poll at 2026/5/1 22:13:09
2026/5/1 22:13:10 [bridge] AI-Project: 0 unread
2026/5/1 22:13:11 [bridge] Leader: 0 unread
2026/5/1 22:13:11 [bridge] Designer: 0 unread
2026/5/1 22:13:12 [bridge] Writer: 0 unread
2026/5/1 22:13:12 [bridge] Brunson: 0 unread
2026/5/1 22:13:13 [bridge] LP: 0 unread
2026/5/1 22:13:13 [bridge] Video: 0 unread
2026/5/1 22:13:14 [bridge] Researcher: 0 unread
2026/5/1 22:13:14 [bridge] Analyst: 0 unread
2026/5/1 22:13:15 [bridge] Product: 0 unread
2026/5/1 22:13:15 [bridge] SNS: 0 unread
2026/5/1 22:14:09 [bridge] poll at 2026/5/1 22:14:09
2026/5/1 22:14:10 [bridge] AI-Project: 0 unread
2026/5/1 22:14:11 [bridge] Leader: 0 unread
2026/5/1 22:14:11 [bridge] Designer: 0 unread
2026/5/1 22:14:11 [bridge] Writer: 0 unread
2026/5/1 22:14:12 [bridge] Brunson: 0 unread
2026/5/1 22:14:12 [bridge] LP: 0 unread
2026/5/1 22:14:13 [bridge] Video: 0 unread
2026/5/1 22:14:13 [bridge] Researcher: 0 unread
2026/5/1 22:14:14 [bridge] Analyst: 0 unread
2026/5/1 22:14:14 [bridge] Product: 0 unread
2026/5/1 22:14:15 [bridge] SNS: 0 unread
2026/5/1 22:15:09 [bridge] poll at 2026/5/1 22:15:09
2026/5/1 22:15:10 [bridge] AI-Project: 0 unread
2026/5/1 22:15:11 [bridge] Leader: 0 unread
2026/5/1 22:15:11 [bridge] Designer: 0 unread
2026/5/1 22:15:12 [bridge] Writer: 0 unread
2026/5/1 22:15:12 [bridge] Brunson: 0 unread
2026/5/1 22:15:13 [bridge] LP: 0 unread
2026/5/1 22:15:13 [bridge] Video: 0 unread
2026/5/1 22:15:14 [bridge] Researcher: 0 unread
2026/5/1 22:15:14 [bridge] Analyst: 0 unread
2026/5/1 22:15:15 [bridge] Product: 0 unread
2026/5/1 22:15:15 [bridge] SNS: 0 unread
2026/5/1 22:16:09 [bridge] poll at 2026/5/1 22:16:09
2026/5/1 22:16:10 [bridge] AI-Project: 0 unread
2026/5/1 22:16:11 [bridge] Leader: 0 unread
2026/5/1 22:16:11 [bridge] Designer: 0 unread
2026/5/1 22:16:12 [bridge] Writer: 0 unread
2026/5/1 22:16:12 [bridge] Brunson: 0 unread
2026/5/1 22:16:13 [bridge] LP: 0 unread
2026/5/1 22:16:13 [bridge] Video: 0 unread
2026/5/1 22:16:14 [bridge] Researcher: 0 unread
2026/5/1 22:16:14 [bridge] Analyst: 0 unread
2026/5/1 22:16:15 [bridge] Product: 0 unread
2026/5/1 22:16:15 [bridge] SNS: 0 unread
2026/5/1 22:17:09 [bridge] poll at 2026/5/1 22:17:09
2026/5/1 22:17:10 [bridge] AI-Project: 0 unread
2026/5/1 22:17:11 [bridge] Leader: 0 unread
2026/5/1 22:17:11 [bridge] Designer: 0 unread
2026/5/1 22:17:12 [bridge] Writer: 0 unread
2026/5/1 22:17:12 [bridge] Brunson: 0 unread
2026/5/1 22:17:13 [bridge] LP: 0 unread
2026/5/1 22:17:13 [bridge] Video: 0 unread
2026/5/1 22:17:13 [bridge] Researcher: 0 unread
2026/5/1 22:17:14 [bridge] Analyst: 0 unread
2026/5/1 22:17:14 [bridge] Product: 0 unread
2026/5/1 22:17:15 [bridge] SNS: 0 unread
2026/5/1 22:18:09 [bridge] poll at 2026/5/1 22:18:09
2026/5/1 22:18:10 [bridge] AI-Project: 0 unread
2026/5/1 22:18:11 [bridge] Leader: 0 unread
2026/5/1 22:18:11 [bridge] Designer: 0 unread
2026/5/1 22:18:11 [bridge] Writer: 0 unread
2026/5/1 22:18:12 [bridge] Brunson: 0 unread
2026/5/1 22:18:12 [bridge] LP: 0 unread
2026/5/1 22:18:13 [bridge] Video: 0 unread
2026/5/1 22:18:13 [bridge] Researcher: 0 unread
2026/5/1 22:18:14 [bridge] Analyst: 0 unread
2026/5/1 22:18:14 [bridge] Product: 0 unread
2026/5/1 22:18:15 [bridge] SNS: 0 unread
